customer_email,customer_status,order_date,order_id,product_list,quantity_list,net_revenue,coupon_code,coupon_influencer
customer_00519@example.com,new,2024-06-01,ORD-00000,Daily Gut Pulver - Mango Maracuja,3,67.42,,
customer_00495@example.com,new,2025-12-15,ORD-00001,Immune Protect Drink - Ginger Lemon,2,47.69,LAURA15,
customer_00392@example.com,returning,2025-01-30,ORD-00002,Magnesium Komplex Kapseln,2,118.9,,
customer_00667@example.com,returning,2025-11-01,ORD-00003,"Mood Kapseln,Daily Gut Creamy - Creamy Pistachio,Daily Glow Pulver - Raspberry Lemon","1,1,1",117.15,,veganmia
customer_00076@example.com,returning,2024-12-02,ORD-00004,Hydrate Drink - Lemon,3,105.97,BLACKWEEK,
customer_00546@example.com,returning,2024-08-28,ORD-00005,Magnesium Drink - Lavender,3,84.96,BLACKWEEK,fit_laura
customer_00294@example.com,returning,2026-03-26,ORD-00006,"Daily Gut + Immunity - Ginger Lemon,Magnesium Komplex Kapseln,Daily Collagen Pulver - Vanilla","2,3,1",30.33,LAURA15,fit_laura
customer_00367@example.com,new,2024-06-23,ORD-00007,Daily Glow Pulver - Raspberry Lemon,3,41.63,SUMMER20,
customer_00624@example.com,returning,2024-09-18,ORD-00008,"Vegan Glow + Clear Protein Pulver - Mango Maracuja,Mood Kapseln","1,3",88.35,,
customer_00476@example.com,returning,2024-11-05,ORD-00009,"Immune Protect Drink - Ginger Lemon,Premium Greens - Mango Maracuja,Daily Gut + Immunity - Ginger Lemon","2,3,3",43.93,,
customer_00393@example.com,returning,2024-01-23,ORD-00010,"Daily Collagen Pulver - Vanilla,Vegan Glow + Clear Protein Pulver - Mango Maracuja","3,3",117.9,,
customer_00674@example.com,new,2024-10-20,ORD-00011,Daily Gut Pulver - Lemon,3,98.7,LAURA15,fit_laura
customer_00235@example.com,new,2025-10-04,ORD-00012,"Summer Collagen - Mango Passionfruit,Vegan Glow + Clear Protein Pulver - Mango Maracuja","3,3",86.4,BLACKWEEK,veganmia
customer_00316@example.com,returning,2024-07-24,ORD-00013,"Daily Gut Creamy - Creamy Matcha,Summer Collagen - Mango Passionfruit","1,2",37.56,SUMMER20,
customer_00552@example.com,new,2026-04-03,ORD-00014,"Summer Collagen - Mango Passionfruit,Vegan Basics","1,2",35.94,,
customer_00077@example.com,returning,2026-03-20,ORD-00015,Vegan Glow + Clear Protein Pulver - Mango Maracuja,3,62.48,BLACKWEEK,
customer_00270@example.com,new,2026-04-22,ORD-00016,Gut Restore Kapseln,3,85.66,,
customer_00380@example.com,returning,2025-10-25,ORD-00017,Vegan Glow + Clear Protein Pulver - Mango Maracuja,1,31.01,LAURA15,
customer_00475@example.com,returning,2025-07-04,ORD-00018,"Recharge Drink - Tropical Fruits,Magnesium Komplex Kapseln,Daily Collagen Pulver - Vanilla","1,2,1",37.89,LAURA15,healthyanna
customer_00464@example.com,returning,2025-11-01,ORD-00019,Immune Protect Drink - Ginger Lemon,3,34.41,,veganmia
customer_00501@example.com,returning,2024-04-11,ORD-00020,"Hydrate Drink - Lemon,Daily Gut Creamy - Creamy Pistachio","1,2",118.19,,
customer_00376@example.com,returning,2024-05-05,ORD-00021,Summer Collagen - Mango Passionfruit,2,115.16,LAURA15,
customer_00465@example.com,returning,2024-09-06,ORD-00022,Vegan Protein Pulver - Neutral,1,118.94,LAURA15,fit_laura
customer_00578@example.com,new,2024-12-02,ORD-00023,Immune Protect Drink - Ginger Lemon,3,98.57,LAURA15,
customer_00610@example.com,returning,2024-04-22,ORD-00024,Daily Glow Pulver - Raspberry Lemon,3,87.8,SUMMER20,
customer_00026@example.com,returning,2024-06-27,ORD-00025,Summer Collagen - Mango Passionfruit,3,50.21,SAVE10,
customer_00129@example.com,new,2025-05-30,ORD-00026,"Vegan Basics,Daily Collagen Pulver - Vanilla","2,2",46.05,,healthyanna
customer_00629@example.com,returning,2025-05-05,ORD-00027,Vegan Basics,2,105.49,SAVE10,fit_laura
customer_00436@example.com,returning,2024-05-09,ORD-00028,"Mood Kapseln,Gut Restore Kapseln","1,3",51.13,BLACKWEEK,veganmia
customer_00648@example.com,returning,2025-06-01,ORD-00029,Magnesium Drink - Lavender,3,82.52,,
customer_00101@example.com,returning,2025-04-09,ORD-00030,"Daily Collagen Pulver - Neutral,Immune Protect Drink - Ginger Lemon","2,1",62.88,,
customer_00747@example.com,returning,2024-06-05,ORD-00031,Magnesium Komplex Kapseln,3,90.25,,
customer_00485@example.com,new,2026-04-11,ORD-00032,Daily Gut + Immunity - Ginger Lemon,2,37.36,,healthyanna
customer_00061@example.com,returning,2024-12-28,ORD-00033,Immune Protect Drink - Ginger Lemon,3,107.99,,healthyanna
customer_00768@example.com,returning,2024-04-16,ORD-00034,Daily Gut Creamy - Creamy Pistachio,3,79.9,,
customer_00217@example.com,returning,2024-04-27,ORD-00035,Mood Kapseln,1,97.45,,
customer_00587@example.com,returning,2024-07-03,ORD-00036,Magnesium Komplex Kapseln,3,50.96,SAVE10,
customer_00780@example.com,new,2025-08-02,ORD-00037,Magnesium Drink - Lavender,1,87.45,SUMMER20,veganmia
customer_00071@example.com,returning,2025-03-05,ORD-00038,Daily Gut Pulver - Raspberry Hibiscus,3,68.1,,
customer_00161@example.com,new,2026-02-11,ORD-00039,Magnesium Drink - Blueberry Lemon,1,83.69,SUMMER20,veganmia
customer_00690@example.com,returning,2024-10-06,ORD-00040,Gut Restore Kapseln,2,45.48,,
customer_00524@example.com,returning,2024-02-16,ORD-00041,Magnesium Komplex Kapseln,2,45.95,,
customer_00613@example.com,returning,2024-10-23,ORD-00042,Vegan Protein Pulver - Vanilla Cinnamon,1,56.17,,veganmia
customer_00007@example.com,new,2025-05-27,ORD-00043,Magnesium Komplex Kapseln,1,78.08,LAURA15,
customer_00684@example.com,new,2025-08-12,ORD-00044,"Daily Gut + Immunity - Ginger Lemon,Daily Fiber Drink - Lemon","2,2",65.78,,healthyanna
customer_00414@example.com,returning,2025-12-07,ORD-00045,"Magnesium Komplex Kapseln,Recharge Drink - Tropical Fruits","2,2",112.38,,veganmia
customer_00090@example.com,returning,2025-02-09,ORD-00046,Daily Collagen Pulver - Neutral,2,107.7,BLACKWEEK,
customer_00763@example.com,returning,2026-03-05,ORD-00047,Magnesium Drink - Blueberry Lemon,1,58.19,LAURA15,healthyanna
customer_00744@example.com,returning,2026-03-02,ORD-00048,"Daily Glow Pulver - Raspberry Lemon,Vegan Glow + Clear Protein Pulver - Mango Maracuja,Daily Collagen Pulver - Neutral","2,1,3",84.66,SUMMER20,healthyanna
customer_00475@example.com,returning,2025-04-25,ORD-00049,"Daily Gut + Collagen Pulver - Neutral,Gut Restore Kapseln","3,1",67.01,BLACKWEEK,
customer_00310@example.com,new,2024-02-08,ORD-00050,"Daily Gut + Collagen Pulver - Neutral,Daily Gut Creamy - Creamy Matcha","3,2",30.4,,
customer_00293@example.com,returning,2026-04-09,ORD-00051,Daily Gut + Immunity - Ginger Lemon,2,79.31,LAURA15,fit_laura
customer_00192@example.com,returning,2026-04-10,ORD-00052,Mood Kapseln,1,110.42,BLACKWEEK,
customer_00351@example.com,new,2025-01-31,ORD-00053,"Daily Gut + Immunity - Ginger Lemon,Vegan Basics,Premium Greens - Apple Kiwi","1,2,2",63.83,,
customer_00346@example.com,returning,2024-09-15,ORD-00054,"Daily Gut Creamy - Creamy Matcha,Magnesium Drink - Blueberry Lemon","2,3",93.75,,
customer_00672@example.com,returning,2025-07-26,ORD-00055,"Daily Glow Pulver - Raspberry Lemon,Magnesium Drink - Lavender,Daily Gut + Immunity - Ginger Lemon","2,3,1",60.78,,healthyanna
customer_00336@example.com,returning,2024-07-03,ORD-00056,"Vegan Basics,Daily Gut + Immunity - Ginger Lemon","3,1",115.36,,
customer_00349@example.com,returning,2026-02-23,ORD-00057,"Mood Kapseln,Vegan Protein Pulver - Cookie Dough,Vegan Glow + Clear Protein Pulver - Mango Maracuja","1,2,3",83.71,LAURA15,fit_laura
customer_00611@example.com,returning,2024-02-14,ORD-00058,Premium Greens - Apple Kiwi,3,64.03,,veganmia
customer_00692@example.com,returning,2025-01-11,ORD-00059,"Gut Restore Kapseln,Recharge Drink - Tropical Fruits","1,2",89.44,LAURA15,
customer_00584@example.com,returning,2025-01-15,ORD-00060,"Gut Restore Kapseln,Recharge Drink - Tropical Fruits,Daily Fiber Drink - Lemon","1,3,2",77.68,LAURA15,fit_laura
customer_00105@example.com,returning,2025-03-23,ORD-00061,"Vegan Basics,Daily Collagen Pulver - Neutral","1,2",33.71,SUMMER20,
customer_00227@example.com,new,2025-01-30,ORD-00062,"Summer Collagen - Mango Passionfruit,Daily Gut Pulver - Mango Maracuja","1,3",119.48,LAURA15,
customer_00383@example.com,returning,2024-05-20,ORD-00063,Magnesium Drink - Blueberry Lemon,3,28.64,SUMMER20,
customer_00483@example.com,returning,2024-08-08,ORD-00064,"Daily Glow Pulver - Raspberry Lemon,Mood Kapseln","3,1",104.32,LAURA15,fit_laura
customer_00561@example.com,returning,2024-03-05,ORD-00065,"Vegan Basics,Magnesium Komplex Kapseln,Daily Collagen Pulver - Neutral","1,1,1",35.53,,
customer_00511@example.com,returning,2024-10-25,ORD-00066,Daily Gut Pulver - Lemon,3,65.78,SUMMER20,
customer_00629@example.com,returning,2024-03-10,ORD-00067,Daily Gut + Collagen Pulver - Neutral,1,115.57,,healthyanna
customer_00557@example.com,new,2025-10-12,ORD-00068,Vegan Basics,2,61.75,SAVE10,
customer_00382@example.com,returning,2026-01-20,ORD-00069,Daily Gut Pulver - Mango Maracuja,1,87.42,LAURA15,
customer_00106@example.com,returning,2025-12-13,ORD-00070,"Magnesium Drink - Blueberry Lemon,Daily Glow Pulver - Raspberry Lemon","2,3",70.46,,veganmia
customer_00186@example.com,new,2024-11-19,ORD-00071,"Daily Gut + Immunity - Ginger Lemon,Gut Restore Kapseln","2,1",113.67,SAVE10,
customer_00527@example.com,returning,2024-10-19,ORD-00072,Immune Protect Drink - Ginger Lemon,2,58.91,LAURA15,fit_laura
customer_00799@example.com,returning,2025-02-13,ORD-00073,Magnesium Drink - Lavender,1,95.61,,
customer_00395@example.com,returning,2026-03-27,ORD-00074,Premium Greens - Mango Maracuja,3,74.33,,
customer_00084@example.com,returning,2024-12-01,ORD-00075,"Daily Gut + Immunity - Ginger Lemon,Magnesium Komplex Kapseln","3,2",87.79,BLACKWEEK,healthyanna
customer_00313@example.com,returning,2025-04-02,ORD-00076,Magnesium Komplex Kapseln,3,29.02,,
customer_00361@example.com,new,2024-05-26,ORD-00077,"Magnesium Komplex Kapseln,Hydrate Drink - Lemon","1,2",105.62,SAVE10,veganmia
customer_00694@example.com,new,2025-09-11,ORD-00078,"Daily Gut Creamy - Creamy Matcha,Daily Glow Pulver - Raspberry Lemon","1,2",39.58,SAVE10,
customer_00460@example.com,returning,2024-04-26,ORD-00079,"Summer Collagen - Mango Passionfruit,Gut Restore Kapseln,Daily Gut + Immunity - Ginger Lemon","3,2,3",27.46,LAURA15,
customer_00190@example.com,returning,2024-08-07,ORD-00080,Daily Fiber Drink - Lemon,2,119.65,,
customer_00292@example.com,returning,2024-03-30,ORD-00081,"Mood Kapseln,Vegan Protein Pulver - Cookie Dough","1,2",102.0,,veganmia
customer_00327@example.com,returning,2025-06-04,ORD-00082,"Daily Gut + Immunity - Ginger Lemon,Immune Protect Drink - Ginger Lemon","2,3",46.3,,veganmia
customer_00205@example.com,returning,2024-03-08,ORD-00083,"Vegan Glow + Clear Protein Pulver - Mango Maracuja,Mood Kapseln","2,2",54.38,BLACKWEEK,veganmia
customer_00734@example.com,returning,2025-04-05,ORD-00084,"Vegan Basics,Magnesium Komplex Kapseln","3,1",69.25,BLACKWEEK,
customer_00529@example.com,returning,2024-05-07,ORD-00085,Immune Protect Drink - Ginger Lemon,1,74.22,SAVE10,
customer_00311@example.com,returning,2024-09-13,ORD-00086,Magnesium Drink - Blueberry Lemon,2,43.65,BLACKWEEK,
customer_00564@example.com,returning,2024-06-24,ORD-00087,Recharge Drink - Tropical Fruits,3,87.58,SUMMER20,veganmia
customer_00737@example.com,returning,2025-05-24,ORD-00088,"Magnesium Drink - Blueberry Lemon,Daily Gut Creamy - Creamy Pistachio,Daily Gut Pulver - Raspberry Hibiscus","1,3,3",109.45,SAVE10,
customer_00558@example.com,returning,2025-04-09,ORD-00089,Recharge Drink - Lemon,1,31.93,,
customer_00061@example.com,returning,2025-09-13,ORD-00090,Magnesium Komplex Kapseln,2,38.65,,
customer_00735@example.com,new,2024-11-22,ORD-00091,Summer Collagen - Mango Passionfruit,1,47.97,BLACKWEEK,
customer_00125@example.com,new,2025-01-28,ORD-00092,Vegan Glow + Clear Protein Pulver - Mango Maracuja,1,107.1,LAURA15,fit_laura
customer_00428@example.com,new,2026-02-20,ORD-00093,Premium Greens - Mango Maracuja,3,40.14,LAURA15,
customer_00527@example.com,returning,2025-06-01,ORD-00094,Recharge Drink - Lemon,1,68.44,,healthyanna
customer_00246@example.com,returning,2025-09-03,ORD-00095,Summer Collagen - Mango Passionfruit,1,108.82,,
customer_00669@example.com,returning,2026-02-21,ORD-00096,"Recharge Drink - Tropical Fruits,Immune Protect Drink - Ginger Lemon","1,1",63.31,,
customer_00046@example.com,returning,2025-01-30,ORD-00097,Daily Gut + Collagen Pulver - Hazelnut,2,72.9,BLACKWEEK,
customer_00782@example.com,new,2026-03-24,ORD-00098,Daily Collagen Pulver - Neutral,1,118.74,,
customer_00571@example.com,new,2025-06-15,ORD-00099,"Daily Glow Pulver - Raspberry Lemon,Vegan Protein Pulver - Cookie Dough,Vegan Basics","3,1,1",68.41,,
customer_00620@example.com,new,2025-06-03,ORD-00100,"Daily Glow Pulver - Raspberry Lemon,Magnesium Drink - Lavender","1,3",103.69,,
customer_00545@example.com,new,2024-12-05,ORD-00101,Daily Gut + Collagen Pulver - Neutral,2,89.01,LAURA15,fit_laura
customer_00426@example.com,returning,2026-01-08,ORD-00102,Daily Gut Pulver - Lemon,2,29.88,LAURA15,
customer_00491@example.com,returning,2025-08-09,ORD-00103,Daily Fiber Drink - Lemon,3,115.08,SAVE10,
customer_00112@example.com,new,2025-12-08,ORD-00104,Gut Restore Kapseln,2,44.37,,veganmia
customer_00513@example.com,returning,2025-06-22,ORD-00105,"Mood Kapseln,Daily Gut Creamy - Creamy Matcha","3,3",60.8,,
customer_00177@example.com,returning,2025-09-16,ORD-00106,Immune Protect Drink - Ginger Lemon,3,71.0,,
customer_00252@example.com,returning,2025-12-07,ORD-00107,Recharge Drink - Tropical Fruits,2,91.97,LAURA15,
customer_00324@example.com,returning,2025-02-08,ORD-00108,Immune Protect Drink - Ginger Lemon,2,102.75,,healthyanna
customer_00791@example.com,returning,2026-02-04,ORD-00109,"Recharge Drink - Lemon,Daily Gut Creamy - Creamy Matcha","3,2",70.51,,
customer_00206@example.com,returning,2024-02-21,ORD-00110,"Hydrate Drink - Lemon,Immune Protect Drink - Ginger Lemon","1,3",88.63,LAURA15,
customer_00543@example.com,new,2026-01-04,ORD-00111,Vegan Glow + Clear Protein Pulver - Mango Maracuja,1,69.88,,
customer_00697@example.com,returning,2024-11-24,ORD-00112,"Daily Gut Pulver - Raspberry Hibiscus,Immune Protect Drink - Ginger Lemon","2,2",52.11,,
customer_00060@example.com,returning,2024-02-08,ORD-00113,"Daily Gut + Immunity - Ginger Lemon,Vegan Glow + Clear Protein Pulver - Mango Maracuja,Daily Gut Creamy - Creamy Pistachio","2,1,2",25.88,,veganmia
customer_00581@example.com,returning,2024-07-16,ORD-00114,"Magnesium Drink - Lavender,Recharge Drink - Lemon","3,1",101.84,,
customer_00338@example.com,returning,2026-01-24,ORD-00115,Gut Restore Kapseln,3,57.03,SAVE10,veganmia
customer_00302@example.com,new,2025-06-11,ORD-00116,Vegan Protein Pulver - Choco,3,56.15,,
customer_00410@example.com,new,2024-08-29,ORD-00117,"Premium Greens - Mango Maracuja,Daily Glow Pulver - Raspberry Lemon","2,1",67.44,,
customer_00273@example.com,returning,2025-02-19,ORD-00118,"Recharge Drink - Lemon,Daily Gut Pulver - Raspberry Hibiscus,Hydrate Drink - Lemon","3,1,2",90.18,SUMMER20,
customer_00720@example.com,returning,2024-06-05,ORD-00119,"Daily Collagen Pulver - Vanilla,Recharge Drink - Tropical Fruits","3,1",68.22,,veganmia
customer_00620@example.com,new,2025-11-27,ORD-00120,Immune Protect Drink - Ginger Lemon,3,96.7,LAURA15,
customer_00083@example.com,returning,2025-07-14,ORD-00121,Vegan Basics,1,110.77,SAVE10,healthyanna
customer_00207@example.com,returning,2025-11-27,ORD-00122,Daily Glow Pulver - Raspberry Lemon,2,44.51,BLACKWEEK,
customer_00597@example.com,returning,2025-06-09,ORD-00123,Vegan Basics,1,64.47,SUMMER20,
customer_00577@example.com,returning,2024-09-17,ORD-00124,Gut Restore Kapseln,3,102.56,LAURA15,fit_laura
customer_00763@example.com,returning,2025-07-08,ORD-00125,Daily Gut + Immunity - Ginger Lemon,2,119.44,BLACKWEEK,
customer_00070@example.com,new,2025-01-21,ORD-00126,"Mood Kapseln,Daily Gut Creamy - Creamy Matcha,Recharge Drink - Lemon","1,3,2",60.69,,
customer_00699@example.com,new,2026-02-13,ORD-00127,"Immune Protect Drink - Ginger Lemon,Daily Glow Pulver - Raspberry Lemon,Summer Collagen - Mango Passionfruit","1,3,3",27.16,SAVE10,
customer_00305@example.com,returning,2024-09-10,ORD-00128,Immune Protect Drink - Ginger Lemon,3,68.76,LAURA15,
customer_00158@example.com,new,2024-09-03,ORD-00129,Daily Collagen Pulver - Neutral,3,44.58,SAVE10,
customer_00103@example.com,new,2025-03-25,ORD-00130,Gut Restore Kapseln,1,47.26,LAURA15,fit_laura
customer_00222@example.com,returning,2024-11-05,ORD-00131,"Daily Gut Creamy - Creamy Pistachio,Daily Glow Pulver - Raspberry Lemon","1,3",108.24,LAURA15,
customer_00676@example.com,returning,2025-10-03,ORD-00132,Magnesium Komplex Kapseln,2,89.48,SUMMER20,fit_laura
customer_00569@example.com,returning,2025-02-22,ORD-00133,Summer Collagen - Mango Passionfruit,3,39.18,,
customer_00385@example.com,returning,2025-12-25,ORD-00134,Immune Protect Drink - Ginger Lemon,1,38.71,,
customer_00474@example.com,new,2025-01-14,ORD-00135,"Immune Protect Drink - Ginger Lemon,Magnesium Komplex Kapseln,Daily Gut + Collagen Pulver - Hazelnut","2,2,2",33.78,,healthyanna
customer_00741@example.com,new,2025-05-05,ORD-00136,"Daily Gut Creamy - Creamy Pistachio,Hydrate Drink - Lemon","3,1",44.84,LAURA15,
customer_00340@example.com,new,2024-09-05,ORD-00137,Daily Gut Pulver - Raspberry Hibiscus,1,91.08,,healthyanna
customer_00720@example.com,returning,2025-06-30,ORD-00138,Vegan Glow + Clear Protein Pulver - Mango Maracuja,2,86.63,,
customer_00315@example.com,returning,2026-02-18,ORD-00139,Vegan Basics,2,104.77,,healthyanna
customer_00208@example.com,returning,2024-01-17,ORD-00140,Magnesium Komplex Kapseln,3,49.77,SUMMER20,
customer_00598@example.com,returning,2024-08-23,ORD-00141,Magnesium Komplex Kapseln,1,61.08,,
customer_00251@example.com,returning,2024-06-21,ORD-00142,Magnesium Drink - Lavender,2,94.61,,
customer_00360@example.com,returning,2024-03-17,ORD-00143,Immune Protect Drink - Ginger Lemon,1,114.79,SAVE10,fit_laura
customer_00684@example.com,new,2025-12-25,ORD-00144,Daily Gut Pulver - Mango Maracuja,1,39.35,BLACKWEEK,
customer_00223@example.com,returning,2024-01-17,ORD-00145,Summer Collagen - Mango Passionfruit,3,25.63,,
customer_00564@example.com,returning,2024-01-18,ORD-00146,Daily Gut Pulver - Lemon,3,72.71,,
customer_00714@example.com,returning,2026-04-14,ORD-00147,"Premium Greens - Apple Kiwi,Daily Collagen Pulver - Neutral","3,1",58.67,,
customer_00406@example.com,returning,2024-11-03,ORD-00148,Daily Fiber Drink - Lemon,3,89.98,LAURA15,
customer_00082@example.com,returning,2025-10-14,ORD-00149,"Daily Gut Creamy - Creamy Pistachio,Daily Gut + Immunity - Ginger Lemon","2,3",25.9,SAVE10,
customer_00175@example.com,new,2024-08-23,ORD-00150,Magnesium Komplex Kapseln,3,45.08,SAVE10,healthyanna
customer_00708@example.com,returning,2024-11-18,ORD-00151,"Mood Kapseln,Hydrate Drink - Lemon","1,3",26.49,SUMMER20,fit_laura
customer_00212@example.com,returning,2025-08-03,ORD-00152,Daily Fiber Drink - Lemon,2,104.29,LAURA15,veganmia
customer_00398@example.com,returning,2024-02-24,ORD-00153,"Immune Protect Drink - Ginger Lemon,Magnesium Drink - Blueberry Lemon","3,3",34.28,,healthyanna
customer_00237@example.com,returning,2024-12-30,ORD-00154,"Magnesium Drink - Lavender,Daily Fiber Drink - Lemon","1,2",77.54,LAURA15,
customer_00384@example.com,returning,2025-12-31,ORD-00155,Daily Gut + Collagen Pulver - Neutral,1,31.98,LAURA15,
customer_00274@example.com,returning,2024-04-03,ORD-00156,Daily Glow Pulver - Raspberry Lemon,2,25.49,BLACKWEEK,
customer_00315@example.com,returning,2025-03-17,ORD-00157,Hydrate Drink - Lemon,1,67.64,SUMMER20,healthyanna
customer_00568@example.com,returning,2025-09-03,ORD-00158,Daily Collagen Pulver - Neutral,1,81.81,BLACKWEEK,
customer_00332@example.com,returning,2025-12-02,ORD-00159,"Daily Gut Pulver - Mango Maracuja,Recharge Drink - Tropical Fruits","2,3",61.17,SUMMER20,
customer_00142@example.com,returning,2025-03-21,ORD-00160,Hydrate Drink - Lemon,1,51.22,SUMMER20,healthyanna
customer_00306@example.com,returning,2025-08-31,ORD-00161,Daily Gut + Immunity - Ginger Lemon,2,83.58,,
customer_00468@example.com,returning,2026-04-03,ORD-00162,Recharge Drink - Tropical Fruits,2,106.91,,
customer_00450@example.com,returning,2024-11-17,ORD-00163,Daily Glow Pulver - Raspberry Lemon,2,41.88,,
customer_00407@example.com,returning,2025-11-29,ORD-00164,"Recharge Drink - Lemon,Mood Kapseln,Vegan Glow + Clear Protein Pulver - Mango Maracuja","2,2,1",97.92,SUMMER20,
customer_00027@example.com,returning,2024-09-15,ORD-00165,"Gut Restore Kapseln,Vegan Protein Pulver - Cookie Dough,Daily Gut + Collagen Pulver - Neutral","3,2,1",87.57,LAURA15,
customer_00732@example.com,returning,2025-07-01,ORD-00166,Daily Fiber Drink - Lemon,2,73.13,,
customer_00708@example.com,returning,2026-02-26,ORD-00167,Daily Gut Creamy - Creamy Pistachio,3,48.58,BLACKWEEK,healthyanna
customer_00680@example.com,returning,2024-01-11,ORD-00168,Daily Gut Creamy - Creamy Pistachio,2,34.37,BLACKWEEK,
customer_00227@example.com,new,2025-04-19,ORD-00169,Vegan Basics,2,98.37,,
customer_00602@example.com,returning,2024-04-28,ORD-00170,"Daily Glow Pulver - Raspberry Lemon,Summer Collagen - Mango Passionfruit","2,2",103.98,BLACKWEEK,
customer_00747@example.com,returning,2024-12-22,ORD-00171,Recharge Drink - Lemon,2,70.24,,
customer_00448@example.com,new,2024-12-17,ORD-00172,"Gut Restore Kapseln,Magnesium Drink - Blueberry Lemon","2,3",86.56,SAVE10,healthyanna
customer_00693@example.com,returning,2024-08-25,ORD-00173,"Vegan Glow + Clear Protein Pulver - Mango Maracuja,Vegan Basics","3,2",100.79,,
customer_00644@example.com,returning,2025-08-29,ORD-00174,Magnesium Komplex Kapseln,1,65.81,,
customer_00004@example.com,returning,2024-11-29,ORD-00175,"Vegan Protein Pulver - Cookie Dough,Hydrate Drink - Lemon","3,3",43.72,,veganmia
customer_00116@example.com,returning,2025-08-24,ORD-00176,Mood Kapseln,3,35.85,,
customer_00360@example.com,returning,2024-11-08,ORD-00177,"Premium Greens - Apple Kiwi,Recharge Drink - Tropical Fruits","3,2",36.11,LAURA15,healthyanna
customer_00382@example.com,returning,2024-07-09,ORD-00178,"Vegan Basics,Daily Fiber Drink - Lemon","3,3",71.23,,
customer_00550@example.com,returning,2025-04-06,ORD-00179,"Premium Greens - Apple Kiwi,Immune Protect Drink - Ginger Lemon","2,1",83.84,,veganmia
customer_00367@example.com,new,2024-06-20,ORD-00180,"Mood Kapseln,Daily Glow Pulver - Raspberry Lemon,Vegan Protein Pulver - Coffee","3,2,2",32.85,,
customer_00031@example.com,new,2026-03-10,ORD-00181,"Vegan Glow + Clear Protein Pulver - Mango Maracuja,Recharge Drink - Tropical Fruits","2,3",68.45,SUMMER20,
customer_00760@example.com,returning,2026-02-17,ORD-00182,"Mood Kapseln,Immune Protect Drink - Ginger Lemon","3,2",93.3,SAVE10,
customer_00559@example.com,returning,2024-02-03,ORD-00183,Magnesium Komplex Kapseln,3,67.72,,
customer_00356@example.com,new,2024-06-18,ORD-00184,"Daily Gut + Immunity - Ginger Lemon,Gut Restore Kapseln","1,3",83.53,,
customer_00211@example.com,returning,2025-08-09,ORD-00185,"Daily Gut Creamy - Creamy Pistachio,Summer Collagen - Mango Passionfruit","3,2",50.4,,
customer_00526@example.com,returning,2024-09-10,ORD-00186,"Daily Collagen Pulver - Neutral,Daily Glow Pulver - Raspberry Lemon,Magnesium Komplex Kapseln","2,3,1",97.34,,veganmia
customer_00692@example.com,returning,2025-04-07,ORD-00187,Daily Glow Pulver - Raspberry Lemon,3,32.17,,
customer_00787@example.com,returning,2025-05-14,ORD-00188,Vegan Basics,3,56.09,,
customer_00002@example.com,returning,2025-05-21,ORD-00189,"Daily Gut + Immunity - Ginger Lemon,Gut Restore Kapseln","1,1",50.51,LAURA15,
customer_00290@example.com,new,2025-11-29,ORD-00190,Daily Gut + Collagen Pulver - Hazelnut,3,97.41,,
customer_00047@example.com,new,2025-04-12,ORD-00191,Gut Restore Kapseln,1,25.06,,veganmia
customer_00438@example.com,returning,2025-11-01,ORD-00192,Daily Glow Pulver - Raspberry Lemon,1,59.24,BLACKWEEK,
customer_00084@example.com,returning,2025-03-15,ORD-00193,Premium Greens - Apple Kiwi,2,87.27,LAURA15,
customer_00720@example.com,returning,2025-06-15,ORD-00194,Vegan Protein Pulver - Coffee,1,89.6,LAURA15,veganmia
customer_00009@example.com,new,2024-03-13,ORD-00195,Magnesium Drink - Blueberry Lemon,2,46.75,,veganmia
customer_00091@example.com,returning,2025-10-18,ORD-00196,"Daily Collagen Pulver - Vanilla,Daily Gut + Collagen Pulver - Neutral","2,1",119.33,SUMMER20,
customer_00146@example.com,returning,2024-12-25,ORD-00197,Daily Gut + Collagen Pulver - Hazelnut,3,93.63,,veganmia
customer_00643@example.com,new,2024-12-25,ORD-00198,"Magnesium Komplex Kapseln,Gut Restore Kapseln","1,1",116.51,,healthyanna
customer_00322@example.com,new,2024-07-29,ORD-00199,"Vegan Glow + Clear Protein Pulver - Mango Maracuja,Hydrate Drink - Lemon","1,3",74.19,LAURA15,fit_laura
customer_00521@example.com,returning,2025-05-21,ORD-00200,Daily Fiber Drink - Lemon,3,61.66,LAURA15,fit_laura
customer_00246@example.com,returning,2025-01-31,ORD-00201,Daily Gut + Immunity - Ginger Lemon,2,106.78,SUMMER20,
customer_00582@example.com,returning,2025-08-24,ORD-00202,Immune Protect Drink - Ginger Lemon,2,31.42,SAVE10,healthyanna
customer_00268@example.com,returning,2025-03-09,ORD-00203,Daily Gut Creamy - Creamy Pistachio,3,91.67,,
customer_00084@example.com,returning,2025-07-03,ORD-00204,"Immune Protect Drink - Ginger Lemon,Daily Glow Pulver - Raspberry Lemon","1,1",56.04,SUMMER20,
customer_00600@example.com,new,2025-03-20,ORD-00205,"Daily Gut + Immunity - Ginger Lemon,Recharge Drink - Tropical Fruits","3,1",36.02,BLACKWEEK,
customer_00626@example.com,returning,2025-05-23,ORD-00206,"Recharge Drink - Tropical Fruits,Premium Greens - Apple Kiwi","1,3",115.54,SUMMER20,fit_laura
customer_00535@example.com,returning,2026-01-20,ORD-00207,Hydrate Drink - Lemon,2,109.21,,veganmia
customer_00789@example.com,returning,2025-04-11,ORD-00208,"Magnesium Drink - Lavender,Magnesium Komplex Kapseln","3,2",73.52,,healthyanna
customer_00056@example.com,returning,2026-03-02,ORD-00209,Daily Gut + Collagen Pulver - Hazelnut,2,34.78,,veganmia
customer_00587@example.com,returning,2025-01-07,ORD-00210,"Daily Collagen Pulver - Neutral,Vegan Glow + Clear Protein Pulver - Mango Maracuja","1,1",61.38,LAURA15,fit_laura
customer_00153@example.com,new,2025-03-02,ORD-00211,Daily Gut Creamy - Creamy Pistachio,1,112.01,LAURA15,
customer_00327@example.com,returning,2024-08-16,ORD-00212,Daily Gut + Immunity - Ginger Lemon,1,101.41,SUMMER20,fit_laura
customer_00047@example.com,new,2024-10-25,ORD-00213,"Daily Gut + Immunity - Ginger Lemon,Gut Restore Kapseln,Recharge Drink - Lemon","2,3,1",78.56,LAURA15,
customer_00311@example.com,returning,2024-01-07,ORD-00214,"Vegan Glow + Clear Protein Pulver - Mango Maracuja,Gut Restore Kapseln","3,1",113.58,SUMMER20,
customer_00024@example.com,returning,2026-01-25,ORD-00215,Summer Collagen - Mango Passionfruit,2,94.09,LAURA15,fit_laura
customer_00106@example.com,returning,2025-12-29,ORD-00216,Vegan Glow + Clear Protein Pulver - Mango Maracuja,2,51.58,SUMMER20,fit_laura
customer_00044@example.com,new,2024-03-17,ORD-00217,"Vegan Basics,Magnesium Komplex Kapseln,Summer Collagen - Mango Passionfruit","3,3,3",81.23,,veganmia
customer_00063@example.com,returning,2026-03-31,ORD-00218,Daily Glow Pulver - Raspberry Lemon,2,62.33,,
customer_00753@example.com,returning,2024-05-19,ORD-00219,Gut Restore Kapseln,1,99.09,LAURA15,healthyanna
customer_00598@example.com,returning,2025-02-20,ORD-00220,Daily Collagen Pulver - Neutral,2,36.47,,
customer_00366@example.com,returning,2024-08-08,ORD-00221,"Vegan Protein Pulver - Coffee,Gut Restore Kapseln,Recharge Drink - Tropical Fruits","2,1,3",104.41,SAVE10,
customer_00335@example.com,returning,2024-09-23,ORD-00222,Vegan Glow + Clear Protein Pulver - Mango Maracuja,2,102.91,LAURA15,fit_laura
customer_00178@example.com,returning,2025-04-18,ORD-00223,Daily Fiber Drink - Lemon,3,34.68,BLACKWEEK,
customer_00143@example.com,returning,2025-01-16,ORD-00224,Daily Gut Creamy - Creamy Matcha,1,90.2,,
customer_00660@example.com,returning,2024-07-21,ORD-00225,Daily Gut + Collagen Pulver - Neutral,1,110.74,BLACKWEEK,fit_laura
customer_00454@example.com,new,2026-04-21,ORD-00226,"Daily Gut + Immunity - Ginger Lemon,Magnesium Drink - Lavender","1,1",93.82,,veganmia
customer_00508@example.com,returning,2024-10-08,ORD-00227,Magnesium Komplex Kapseln,2,51.59,SUMMER20,
customer_00152@example.com,returning,2024-03-03,ORD-00228,Vegan Glow + Clear Protein Pulver - Mango Maracuja,2,33.33,,
customer_00392@example.com,returning,2026-03-11,ORD-00229,Vegan Protein Pulver - Neutral,1,92.77,LAURA15,fit_laura
customer_00491@example.com,returning,2024-10-03,ORD-00230,Mood Kapseln,3,42.08,,
customer_00326@example.com,returning,2026-02-24,ORD-00231,Daily Gut Pulver - Mango Maracuja,1,80.48,,
customer_00238@example.com,new,2024-08-30,ORD-00232,"Daily Collagen Pulver - Vanilla,Vegan Glow + Clear Protein Pulver - Mango Maracuja,Immune Protect Drink - Ginger Lemon","3,1,2",81.29,SUMMER20,veganmia
customer_00755@example.com,returning,2025-07-09,ORD-00233,"Daily Gut + Collagen Pulver - Neutral,Daily Gut Pulver - Lemon","3,1",54.36,,
customer_00502@example.com,returning,2025-06-23,ORD-00234,Daily Gut Creamy - Creamy Matcha,3,70.41,SAVE10,
customer_00339@example.com,returning,2025-06-22,ORD-00235,"Vegan Protein Pulver - Choco,Daily Glow Pulver - Raspberry Lemon,Magnesium Drink - Blueberry Lemon","2,1,3",106.76,BLACKWEEK,veganmia
customer_00074@example.com,new,2024-05-19,ORD-00236,Daily Fiber Drink - Lemon,2,117.71,,
customer_00749@example.com,returning,2024-06-30,ORD-00237,"Mood Kapseln,Magnesium Drink - Blueberry Lemon,Premium Greens - Mango Maracuja","1,2,3",94.24,SUMMER20,
customer_00718@example.com,new,2026-02-02,ORD-00238,"Daily Fiber Drink - Lemon,Daily Gut Creamy - Creamy Matcha,Premium Greens - Apple Kiwi","3,3,2",32.39,,veganmia
customer_00355@example.com,new,2024-09-19,ORD-00239,"Premium Greens - Mango Maracuja,Daily Gut + Immunity - Ginger Lemon,Magnesium Drink - Blueberry Lemon","1,1,3",99.77,,healthyanna
customer_00737@example.com,returning,2025-02-27,ORD-00240,Daily Fiber Drink - Lemon,3,71.84,SUMMER20,
customer_00387@example.com,returning,2025-04-07,ORD-00241,Daily Fiber Drink - Lemon,2,32.0,SUMMER20,
customer_00034@example.com,returning,2024-06-23,ORD-00242,Magnesium Drink - Lavender,1,109.35,,healthyanna
customer_00164@example.com,returning,2025-10-31,ORD-00243,"Immune Protect Drink - Ginger Lemon,Daily Gut + Immunity - Ginger Lemon","3,3",40.67,LAURA15,fit_laura
customer_00444@example.com,returning,2025-12-14,ORD-00244,Daily Collagen Pulver - Vanilla,1,77.64,,
customer_00747@example.com,returning,2025-02-06,ORD-00245,Recharge Drink - Lemon,1,79.32,SAVE10,healthyanna
customer_00502@example.com,returning,2025-11-08,ORD-00246,Summer Collagen - Mango Passionfruit,2,84.38,,healthyanna
customer_00491@example.com,returning,2025-04-29,ORD-00247,Daily Gut Pulver - Raspberry Hibiscus,1,105.16,BLACKWEEK,
customer_00315@example.com,returning,2025-01-13,ORD-00248,"Mood Kapseln,Daily Gut + Collagen Pulver - Neutral","1,1",42.73,,
customer_00045@example.com,returning,2024-06-03,ORD-00249,Gut Restore Kapseln,1,96.46,SAVE10,
customer_00683@example.com,returning,2025-01-31,ORD-00250,Summer Collagen - Mango Passionfruit,3,102.75,SAVE10,
customer_00428@example.com,new,2026-02-14,ORD-00251,"Mood Kapseln,Vegan Glow + Clear Protein Pulver - Mango Maracuja,Daily Gut + Collagen Pulver - Hazelnut","1,3,3",67.66,BLACKWEEK,veganmia
customer_00171@example.com,returning,2026-01-14,ORD-00252,"Vegan Protein Pulver - Coffee,Daily Glow Pulver - Raspberry Lemon,Daily Gut Creamy - Creamy Matcha","1,1,3",111.85,,
customer_00068@example.com,new,2025-06-16,ORD-00253,Immune Protect Drink - Ginger Lemon,3,68.52,,
customer_00012@example.com,returning,2024-04-18,ORD-00254,"Daily Gut + Collagen Pulver - Neutral,Vegan Basics","1,1",78.45,BLACKWEEK,veganmia
customer_00103@example.com,new,2024-02-08,ORD-00255,"Immune Protect Drink - Ginger Lemon,Summer Collagen - Mango Passionfruit","2,3",41.36,,
customer_00412@example.com,returning,2024-02-20,ORD-00256,Daily Fiber Drink - Lemon,2,95.85,LAURA15,
customer_00275@example.com,new,2024-05-17,ORD-00257,"Daily Gut Pulver - Mango Maracuja,Magnesium Drink - Lavender","2,2",53.55,LAURA15,healthyanna
customer_00761@example.com,returning,2024-07-11,ORD-00258,Magnesium Drink - Lavender,3,66.96,BLACKWEEK,
customer_00416@example.com,returning,2024-05-18,ORD-00259,"Vegan Basics,Summer Collagen - Mango Passionfruit","3,1",99.15,,
customer_00536@example.com,returning,2024-02-21,ORD-00260,"Daily Gut Pulver - Raspberry Hibiscus,Premium Greens - Apple Kiwi","1,1",112.21,LAURA15,fit_laura
customer_00721@example.com,returning,2025-11-28,ORD-00261,Summer Collagen - Mango Passionfruit,3,27.9,BLACKWEEK,
customer_00381@example.com,returning,2024-06-16,ORD-00262,Gut Restore Kapseln,2,104.58,,
customer_00264@example.com,returning,2025-10-24,ORD-00263,"Daily Gut + Immunity - Ginger Lemon,Recharge Drink - Tropical Fruits","2,1",46.39,LAURA15,
customer_00211@example.com,returning,2024-05-15,ORD-00264,Magnesium Komplex Kapseln,3,86.5,LAURA15,fit_laura
customer_00615@example.com,returning,2025-04-15,ORD-00265,"Vegan Glow + Clear Protein Pulver - Mango Maracuja,Hydrate Drink - Lemon","3,2",48.94,,
customer_00477@example.com,returning,2025-06-07,ORD-00266,Vegan Basics,3,119.95,SAVE10,healthyanna
customer_00383@example.com,returning,2024-03-06,ORD-00267,Recharge Drink - Lemon,3,56.95,,healthyanna
customer_00283@example.com,returning,2026-04-04,ORD-00268,"Hydrate Drink - Lemon,Daily Gut + Collagen Pulver - Hazelnut","1,3",106.44,SAVE10,
customer_00614@example.com,returning,2024-10-29,ORD-00269,Magnesium Drink - Blueberry Lemon,3,49.65,LAURA15,fit_laura
customer_00428@example.com,new,2025-11-18,ORD-00270,Daily Gut Creamy - Creamy Matcha,2,59.06,,
customer_00307@example.com,new,2025-11-27,ORD-00271,"Immune Protect Drink - Ginger Lemon,Premium Greens - Mango Maracuja","1,1",110.46,SUMMER20,
customer_00670@example.com,returning,2026-03-18,ORD-00272,Summer Collagen - Mango Passionfruit,3,109.25,,
customer_00380@example.com,returning,2025-10-11,ORD-00273,Recharge Drink - Lemon,1,80.44,SAVE10,
customer_00635@example.com,returning,2025-02-27,ORD-00274,Vegan Protein Pulver - Neutral,1,30.14,,
customer_00154@example.com,returning,2024-11-19,ORD-00275,Vegan Protein Pulver - Vanilla Cinnamon,2,106.93,SUMMER20,
customer_00184@example.com,returning,2024-08-02,ORD-00276,"Mood Kapseln,Magnesium Drink - Blueberry Lemon","2,1",97.31,,
customer_00172@example.com,returning,2025-10-10,ORD-00277,Premium Greens - Mango Maracuja,1,65.79,,veganmia
customer_00439@example.com,returning,2025-11-23,ORD-00278,"Daily Fiber Drink - Lemon,Daily Gut Pulver - Mango Maracuja,Daily Gut Creamy - Creamy Pistachio","3,1,3",25.39,SAVE10,
customer_00751@example.com,returning,2025-05-30,ORD-00279,Summer Collagen - Mango Passionfruit,1,80.92,,healthyanna
customer_00171@example.com,returning,2025-03-20,ORD-00280,Daily Gut Creamy - Creamy Pistachio,2,109.36,,
customer_00137@example.com,returning,2024-01-20,ORD-00281,Mood Kapseln,1,46.7,,veganmia
customer_00744@example.com,returning,2025-08-31,ORD-00282,"Vegan Protein Pulver - Choco,Daily Gut Pulver - Mango Maracuja,Vegan Basics","1,3,2",119.49,SAVE10,
customer_00677@example.com,returning,2025-03-30,ORD-00283,Daily Gut Pulver - Raspberry Hibiscus,3,61.12,,healthyanna
customer_00560@example.com,returning,2025-03-06,ORD-00284,Daily Glow Pulver - Raspberry Lemon,3,87.86,LAURA15,fit_laura
customer_00678@example.com,new,2024-04-26,ORD-00285,Daily Glow Pulver - Raspberry Lemon,1,99.55,,healthyanna
customer_00509@example.com,returning,2025-12-21,ORD-00286,Vegan Protein Pulver - Vanilla Cinnamon,3,63.93,,
customer_00164@example.com,returning,2024-08-28,ORD-00287,Mood Kapseln,3,25.26,,
customer_00687@example.com,returning,2026-01-10,ORD-00288,Daily Collagen Pulver - Vanilla,1,93.74,BLACKWEEK,healthyanna
customer_00262@example.com,returning,2024-10-24,ORD-00289,"Gut Restore Kapseln,Recharge Drink - Tropical Fruits","2,1",59.22,SAVE10,veganmia
customer_00693@example.com,returning,2025-11-10,ORD-00290,Daily Collagen Pulver - Neutral,1,86.48,SUMMER20,fit_laura
customer_00336@example.com,returning,2026-04-14,ORD-00291,Gut Restore Kapseln,3,57.56,,healthyanna
customer_00116@example.com,returning,2025-10-26,ORD-00292,Gut Restore Kapseln,2,109.18,,
customer_00170@example.com,returning,2026-04-01,ORD-00293,Daily Gut Creamy - Creamy Matcha,1,79.05,,
customer_00448@example.com,new,2025-05-09,ORD-00294,Daily Fiber Drink - Lemon,3,112.44,SUMMER20,fit_laura
customer_00115@example.com,new,2025-06-15,ORD-00295,"Gut Restore Kapseln,Daily Gut Creamy - Creamy Pistachio","2,1",74.69,,
customer_00717@example.com,new,2025-10-20,ORD-00296,"Magnesium Komplex Kapseln,Vegan Glow + Clear Protein Pulver - Mango Maracuja","2,1",113.77,SAVE10,fit_laura
customer_00517@example.com,returning,2024-02-21,ORD-00297,"Mood Kapseln,Premium Greens - Mango Maracuja","2,1",73.16,,
customer_00563@example.com,returning,2025-05-25,ORD-00298,"Daily Fiber Drink - Lemon,Vegan Glow + Clear Protein Pulver - Mango Maracuja","2,3",67.47,BLACKWEEK,
customer_00121@example.com,new,2024-12-15,ORD-00299,"Daily Gut Pulver - Mango Maracuja,Daily Collagen Pulver - Neutral,Daily Fiber Drink - Lemon","1,1,3",59.52,,
customer_00055@example.com,returning,2024-04-09,ORD-00300,"Gut Restore Kapseln,Magnesium Drink - Lavender","3,3",97.14,BLACKWEEK,
customer_00227@example.com,new,2024-02-16,ORD-00301,Summer Collagen - Mango Passionfruit,3,110.2,BLACKWEEK,
customer_00504@example.com,returning,2024-05-03,ORD-00302,Magnesium Komplex Kapseln,2,113.37,LAURA15,
customer_00402@example.com,returning,2025-10-10,ORD-00303,Vegan Protein Pulver - Vanilla Cinnamon,1,104.56,SAVE10,
customer_00602@example.com,returning,2024-01-05,ORD-00304,Gut Restore Kapseln,3,75.38,,veganmia
customer_00049@example.com,new,2026-01-18,ORD-00305,Magnesium Komplex Kapseln,3,102.45,SUMMER20,veganmia
customer_00106@example.com,returning,2025-02-11,ORD-00306,Magnesium Drink - Lavender,2,116.54,,
customer_00301@example.com,returning,2025-12-29,ORD-00307,Daily Glow Pulver - Raspberry Lemon,2,95.0,,
customer_00566@example.com,returning,2025-12-28,ORD-00308,"Vegan Protein Pulver - Neutral,Daily Gut + Collagen Pulver - Neutral","3,3",86.76,SUMMER20,
customer_00182@example.com,new,2025-11-21,ORD-00309,Magnesium Drink - Blueberry Lemon,2,96.05,,
customer_00546@example.com,returning,2025-01-25,ORD-00310,Magnesium Komplex Kapseln,3,38.81,SAVE10,healthyanna
customer_00686@example.com,returning,2024-03-04,ORD-00311,Hydrate Drink - Lemon,2,90.61,SUMMER20,
customer_00302@example.com,new,2025-09-22,ORD-00312,Immune Protect Drink - Ginger Lemon,2,107.46,BLACKWEEK,
customer_00757@example.com,returning,2025-01-25,ORD-00313,Vegan Glow + Clear Protein Pulver - Mango Maracuja,1,61.82,SAVE10,
customer_00701@example.com,returning,2025-09-27,ORD-00314,Immune Protect Drink - Ginger Lemon,1,107.54,LAURA15,
customer_00453@example.com,returning,2025-11-30,ORD-00315,"Summer Collagen - Mango Passionfruit,Immune Protect Drink - Ginger Lemon","3,2",32.07,SUMMER20,
customer_00177@example.com,returning,2024-06-13,ORD-00316,"Daily Collagen Pulver - Neutral,Daily Fiber Drink - Lemon","2,3",80.48,SUMMER20,
customer_00261@example.com,returning,2025-09-03,ORD-00317,Gut Restore Kapseln,1,29.83,,veganmia
customer_00640@example.com,returning,2025-06-17,ORD-00318,"Recharge Drink - Lemon,Mood Kapseln","1,3",31.48,SUMMER20,
customer_00517@example.com,returning,2024-08-06,ORD-00319,Immune Protect Drink - Ginger Lemon,1,88.02,LAURA15,
customer_00339@example.com,returning,2024-04-27,ORD-00320,Vegan Protein Pulver - Neutral,3,88.55,SAVE10,
customer_00456@example.com,returning,2026-03-26,ORD-00321,Vegan Glow + Clear Protein Pulver - Mango Maracuja,3,114.77,,
customer_00395@example.com,returning,2025-05-13,ORD-00322,Recharge Drink - Tropical Fruits,3,29.17,,
customer_00667@example.com,returning,2025-10-03,ORD-00323,Vegan Basics,1,31.22,SAVE10,veganmia
customer_00686@example.com,returning,2024-01-25,ORD-00324,"Vegan Protein Pulver - Cookie Dough,Magnesium Komplex Kapseln","1,3",68.63,SUMMER20,healthyanna
customer_00339@example.com,returning,2025-08-11,ORD-00325,Daily Gut + Immunity - Ginger Lemon,1,103.05,BLACKWEEK,
customer_00264@example.com,returning,2025-02-02,ORD-00326,Gut Restore Kapseln,2,88.96,SAVE10,
customer_00547@example.com,new,2025-05-29,ORD-00327,Daily Gut + Immunity - Ginger Lemon,3,35.08,,healthyanna
customer_00702@example.com,returning,2026-04-21,ORD-00328,Daily Gut + Immunity - Ginger Lemon,2,87.77,,
customer_00485@example.com,new,2025-10-11,ORD-00329,Vegan Glow + Clear Protein Pulver - Mango Maracuja,3,38.69,,
customer_00693@example.com,returning,2024-11-08,ORD-00330,"Summer Collagen - Mango Passionfruit,Daily Gut Pulver - Raspberry Hibiscus","1,1",44.96,BLACKWEEK,
customer_00759@example.com,new,2025-11-18,ORD-00331,"Summer Collagen - Mango Passionfruit,Vegan Protein Pulver - Choco,Magnesium Komplex Kapseln","1,1,1",100.97,SUMMER20,healthyanna
customer_00055@example.com,returning,2026-01-13,ORD-00332,"Immune Protect Drink - Ginger Lemon,Gut Restore Kapseln","2,2",80.16,LAURA15,healthyanna
customer_00338@example.com,returning,2024-11-21,ORD-00333,Vegan Glow + Clear Protein Pulver - Mango Maracuja,2,71.16,LAURA15,healthyanna
customer_00336@example.com,returning,2024-09-09,ORD-00334,"Recharge Drink - Lemon,Daily Glow Pulver - Raspberry Lemon","2,1",99.64,LAURA15,fit_laura
customer_00729@example.com,returning,2025-01-02,ORD-00335,"Magnesium Komplex Kapseln,Hydrate Drink - Lemon","1,2",98.6,,
customer_00498@example.com,returning,2024-09-26,ORD-00336,Premium Greens - Apple Kiwi,2,94.69,LAURA15,veganmia
customer_00641@example.com,returning,2026-02-26,ORD-00337,Daily Gut + Immunity - Ginger Lemon,3,81.05,LAURA15,fit_laura
customer_00037@example.com,new,2025-02-05,ORD-00338,Immune Protect Drink - Ginger Lemon,3,46.21,,veganmia
customer_00790@example.com,returning,2025-01-07,ORD-00339,Recharge Drink - Tropical Fruits,2,72.71,,healthyanna
customer_00678@example.com,new,2025-08-02,ORD-00340,Premium Greens - Apple Kiwi,2,115.13,SUMMER20,veganmia
customer_00675@example.com,returning,2024-09-27,ORD-00341,"Daily Glow Pulver - Raspberry Lemon,Mood Kapseln","1,2",60.1,BLACKWEEK,
customer_00043@example.com,new,2024-04-15,ORD-00342,"Vegan Basics,Summer Collagen - Mango Passionfruit","2,1",91.85,LAURA15,fit_laura
customer_00533@example.com,returning,2025-01-20,ORD-00343,"Hydrate Drink - Lemon,Daily Gut + Collagen Pulver - Neutral","2,2",117.4,,healthyanna
customer_00228@example.com,new,2025-05-28,ORD-00344,Summer Collagen - Mango Passionfruit,2,108.79,SAVE10,
customer_00450@example.com,returning,2024-06-10,ORD-00345,Daily Gut + Immunity - Ginger Lemon,1,59.41,SUMMER20,veganmia
customer_00734@example.com,returning,2024-08-03,ORD-00346,"Vegan Glow + Clear Protein Pulver - Mango Maracuja,Magnesium Komplex Kapseln","3,2",81.13,,
customer_00662@example.com,new,2024-02-27,ORD-00347,"Daily Gut Pulver - Raspberry Hibiscus,Vegan Glow + Clear Protein Pulver - Mango Maracuja","1,1",40.8,SUMMER20,fit_laura
customer_00184@example.com,returning,2024-08-09,ORD-00348,Daily Fiber Drink - Lemon,3,67.67,BLACKWEEK,
customer_00482@example.com,returning,2024-06-20,ORD-00349,"Premium Greens - Mango Maracuja,Vegan Glow + Clear Protein Pulver - Mango Maracuja","3,3",93.8,,veganmia
customer_00350@example.com,new,2025-09-12,ORD-00350,"Daily Gut + Collagen Pulver - Neutral,Daily Gut + Immunity - Ginger Lemon,Vegan Glow + Clear Protein Pulver - Mango Maracuja","2,1,1",34.15,SUMMER20,
customer_00487@example.com,returning,2025-06-18,ORD-00351,"Daily Gut Creamy - Creamy Matcha,Immune Protect Drink - Ginger Lemon,Vegan Basics","1,3,3",64.96,LAURA15,fit_laura
customer_00044@example.com,new,2024-05-17,ORD-00352,"Magnesium Komplex Kapseln,Vegan Glow + Clear Protein Pulver - Mango Maracuja","2,3",49.18,,healthyanna
customer_00784@example.com,returning,2024-07-12,ORD-00353,Daily Gut + Immunity - Ginger Lemon,3,25.52,,
customer_00761@example.com,returning,2025-02-22,ORD-00354,"Daily Gut + Collagen Pulver - Hazelnut,Vegan Basics","3,2",59.42,,
customer_00158@example.com,new,2025-09-18,ORD-00355,Daily Gut + Collagen Pulver - Neutral,2,51.18,,
customer_00696@example.com,returning,2025-01-14,ORD-00356,Vegan Protein Pulver - Coffee,3,78.11,SUMMER20,
customer_00495@example.com,new,2025-11-06,ORD-00357,Recharge Drink - Lemon,3,36.31,SUMMER20,
customer_00235@example.com,new,2026-03-31,ORD-00358,Premium Greens - Apple Kiwi,1,77.3,,
customer_00713@example.com,returning,2025-09-06,ORD-00359,"Daily Gut Creamy - Creamy Pistachio,Premium Greens - Apple Kiwi","3,1",66.36,,veganmia
customer_00065@example.com,returning,2025-02-14,ORD-00360,Summer Collagen - Mango Passionfruit,3,83.33,LAURA15,fit_laura
customer_00533@example.com,returning,2024-01-11,ORD-00361,Daily Gut Creamy - Creamy Matcha,3,44.16,,
customer_00672@example.com,returning,2024-09-01,ORD-00362,"Vegan Basics,Recharge Drink - Tropical Fruits,Vegan Protein Pulver - Choco","3,3,3",87.23,LAURA15,fit_laura
customer_00161@example.com,new,2025-08-23,ORD-00363,Hydrate Drink - Lemon,2,44.03,,
customer_00015@example.com,returning,2025-09-12,ORD-00364,"Daily Gut + Immunity - Ginger Lemon,Daily Gut + Collagen Pulver - Neutral","3,2",116.49,LAURA15,
customer_00465@example.com,returning,2024-04-29,ORD-00365,"Daily Gut + Collagen Pulver - Hazelnut,Daily Gut Pulver - Lemon,Hydrate Drink - Lemon","2,1,3",101.28,,
customer_00263@example.com,new,2025-11-28,ORD-00366,"Daily Gut + Collagen Pulver - Neutral,Hydrate Drink - Lemon","2,1",68.77,,
customer_00600@example.com,new,2026-03-30,ORD-00367,"Mood Kapseln,Daily Collagen Pulver - Vanilla","1,3",54.99,LAURA15,
customer_00361@example.com,new,2024-04-05,ORD-00368,Daily Gut Pulver - Lemon,2,62.9,,
customer_00766@example.com,returning,2024-07-06,ORD-00369,"Daily Gut + Immunity - Ginger Lemon,Immune Protect Drink - Ginger Lemon","2,2",114.98,,
customer_00699@example.com,new,2025-09-25,ORD-00370,"Vegan Protein Pulver - Choco,Mood Kapseln,Daily Gut + Collagen Pulver - Hazelnut","3,2,1",58.82,LAURA15,
customer_00797@example.com,returning,2025-05-08,ORD-00371,Daily Gut + Immunity - Ginger Lemon,3,60.26,SAVE10,fit_laura
customer_00322@example.com,new,2025-02-11,ORD-00372,Daily Gut + Collagen Pulver - Neutral,2,46.1,,veganmia
customer_00590@example.com,returning,2025-02-07,ORD-00373,Vegan Basics,2,106.74,LAURA15,fit_laura
customer_00794@example.com,returning,2025-11-21,ORD-00374,Daily Collagen Pulver - Vanilla,2,45.02,SAVE10,fit_laura
customer_00594@example.com,returning,2024-10-02,ORD-00375,Summer Collagen - Mango Passionfruit,1,69.78,LAURA15,
customer_00627@example.com,new,2025-12-18,ORD-00376,Premium Greens - Mango Maracuja,2,96.46,,
customer_00373@example.com,returning,2026-01-08,ORD-00377,"Hydrate Drink - Lemon,Gut Restore Kapseln","3,3",50.65,BLACKWEEK,
customer_00241@example.com,new,2026-04-05,ORD-00378,Daily Fiber Drink - Lemon,1,25.93,,veganmia
customer_00431@example.com,returning,2025-07-29,ORD-00379,Vegan Basics,2,106.56,,
customer_00048@example.com,returning,2025-10-06,ORD-00380,Premium Greens - Apple Kiwi,1,34.15,,
customer_00762@example.com,returning,2024-01-21,ORD-00381,Summer Collagen - Mango Passionfruit,3,64.12,,
customer_00359@example.com,returning,2024-03-21,ORD-00382,"Vegan Protein Pulver - Choco,Immune Protect Drink - Ginger Lemon","2,2",61.2,,
customer_00293@example.com,returning,2025-10-08,ORD-00383,Daily Glow Pulver - Raspberry Lemon,3,83.17,,
customer_00414@example.com,returning,2025-12-28,ORD-00384,"Daily Gut + Immunity - Ginger Lemon,Daily Gut + Collagen Pulver - Hazelnut","2,2",50.41,,
customer_00660@example.com,returning,2024-06-20,ORD-00385,Gut Restore Kapseln,3,42.47,,
customer_00023@example.com,returning,2024-06-19,ORD-00386,Vegan Glow + Clear Protein Pulver - Mango Maracuja,3,62.72,LAURA15,healthyanna
customer_00097@example.com,returning,2024-04-16,ORD-00387,Mood Kapseln,1,49.93,BLACKWEEK,
customer_00159@example.com,returning,2025-03-29,ORD-00388,Daily Fiber Drink - Lemon,1,84.52,,
customer_00134@example.com,new,2025-05-02,ORD-00389,Premium Greens - Apple Kiwi,1,69.38,,
customer_00553@example.com,returning,2025-05-08,ORD-00390,"Immune Protect Drink - Ginger Lemon,Gut Restore Kapseln,Daily Glow Pulver - Raspberry Lemon","3,3,3",76.27,,
customer_00091@example.com,returning,2024-01-11,ORD-00391,Summer Collagen - Mango Passionfruit,2,25.01,,veganmia
customer_00776@example.com,new,2024-11-02,ORD-00392,"Summer Collagen - Mango Passionfruit,Recharge Drink - Tropical Fruits","3,3",25.87,,
customer_00440@example.com,returning,2024-09-12,ORD-00393,"Vegan Glow + Clear Protein Pulver - Mango Maracuja,Daily Gut Pulver - Mango Maracuja","1,3",40.51,,
customer_00754@example.com,new,2024-10-18,ORD-00394,"Daily Fiber Drink - Lemon,Vegan Glow + Clear Protein Pulver - Mango Maracuja","1,3",86.6,,
customer_00544@example.com,returning,2025-09-24,ORD-00395,"Magnesium Komplex Kapseln,Vegan Protein Pulver - Choco","1,2",68.01,,healthyanna
customer_00717@example.com,new,2024-04-14,ORD-00396,"Vegan Protein Pulver - Cookie Dough,Magnesium Drink - Blueberry Lemon","1,3",51.8,SUMMER20,fit_laura
customer_00128@example.com,returning,2025-03-06,ORD-00397,"Daily Gut Pulver - Raspberry Hibiscus,Vegan Glow + Clear Protein Pulver - Mango Maracuja","1,2",54.6,,
customer_00510@example.com,returning,2024-07-15,ORD-00398,"Gut Restore Kapseln,Daily Gut Creamy - Creamy Matcha,Magnesium Drink - Lavender","1,2,1",110.09,SUMMER20,
customer_00256@example.com,returning,2024-07-22,ORD-00399,"Daily Gut Pulver - Lemon,Daily Collagen Pulver - Vanilla","1,2",68.78,SAVE10,
customer_00789@example.com,returning,2024-06-11,ORD-00400,Vegan Protein Pulver - Coffee,2,84.77,,
customer_00043@example.com,new,2025-01-04,ORD-00401,"Immune Protect Drink - Ginger Lemon,Vegan Basics","2,3",109.31,LAURA15,
customer_00682@example.com,new,2024-01-16,ORD-00402,Daily Collagen Pulver - Neutral,3,40.9,,
customer_00282@example.com,returning,2025-12-05,ORD-00403,Daily Fiber Drink - Lemon,1,81.64,LAURA15,fit_laura
customer_00380@example.com,returning,2024-12-30,ORD-00404,"Vegan Glow + Clear Protein Pulver - Mango Maracuja,Premium Greens - Mango Maracuja","1,3",86.23,SAVE10,fit_laura
customer_00718@example.com,new,2025-07-25,ORD-00405,Daily Collagen Pulver - Neutral,2,99.91,,
customer_00774@example.com,returning,2026-01-11,ORD-00406,Gut Restore Kapseln,1,37.8,,
customer_00040@example.com,returning,2025-08-03,ORD-00407,Gut Restore Kapseln,3,42.73,LAURA15,
customer_00356@example.com,new,2025-06-27,ORD-00408,Gut Restore Kapseln,3,39.73,BLACKWEEK,veganmia
customer_00302@example.com,new,2025-09-26,ORD-00409,"Immune Protect Drink - Ginger Lemon,Summer Collagen - Mango Passionfruit","1,3",106.4,SAVE10,veganmia
customer_00794@example.com,returning,2024-11-26,ORD-00410,"Magnesium Drink - Lavender,Daily Gut + Immunity - Ginger Lemon","1,3",63.93,,veganmia
customer_00329@example.com,new,2024-02-02,ORD-00411,Vegan Basics,1,44.2,SUMMER20,veganmia
customer_00497@example.com,returning,2024-02-20,ORD-00412,Daily Gut Creamy - Creamy Pistachio,3,59.8,,
customer_00620@example.com,new,2025-07-25,ORD-00413,"Daily Gut Pulver - Lemon,Vegan Protein Pulver - Cookie Dough","2,2",95.63,LAURA15,fit_laura
customer_00425@example.com,returning,2025-06-15,ORD-00414,"Daily Gut Creamy - Creamy Matcha,Hydrate Drink - Lemon","3,2",34.23,LAURA15,healthyanna
customer_00742@example.com,returning,2025-07-25,ORD-00415,Daily Fiber Drink - Lemon,1,96.17,SUMMER20,
customer_00425@example.com,returning,2025-07-17,ORD-00416,"Daily Gut + Collagen Pulver - Neutral,Summer Collagen - Mango Passionfruit","3,1",63.15,SUMMER20,veganmia
customer_00345@example.com,new,2026-01-13,ORD-00417,"Immune Protect Drink - Ginger Lemon,Gut Restore Kapseln","2,2",55.73,,
customer_00246@example.com,returning,2025-04-08,ORD-00418,Vegan Protein Pulver - Coffee,3,67.51,,
customer_00406@example.com,returning,2024-11-05,ORD-00419,Daily Gut Creamy - Creamy Pistachio,3,25.62,SUMMER20,fit_laura
customer_00227@example.com,new,2024-04-06,ORD-00420,Magnesium Drink - Blueberry Lemon,3,28.58,SUMMER20,
customer_00364@example.com,returning,2024-09-19,ORD-00421,Hydrate Drink - Lemon,3,102.05,LAURA15,
customer_00094@example.com,new,2026-03-22,ORD-00422,Daily Gut + Collagen Pulver - Hazelnut,3,70.84,,healthyanna
customer_00499@example.com,returning,2024-12-22,ORD-00423,"Daily Gut + Collagen Pulver - Neutral,Daily Collagen Pulver - Vanilla","1,1",108.58,LAURA15,fit_laura
customer_00444@example.com,returning,2024-02-25,ORD-00424,Daily Collagen Pulver - Neutral,3,53.95,LAURA15,fit_laura
customer_00042@example.com,returning,2024-02-21,ORD-00425,Daily Gut + Collagen Pulver - Hazelnut,2,89.0,SUMMER20,
customer_00402@example.com,returning,2025-05-02,ORD-00426,"Daily Gut + Collagen Pulver - Hazelnut,Vegan Basics,Daily Gut + Immunity - Ginger Lemon","2,2,1",79.29,BLACKWEEK,
customer_00050@example.com,returning,2026-02-19,ORD-00427,Hydrate Drink - Lemon,2,37.81,SUMMER20,
customer_00572@example.com,returning,2024-03-14,ORD-00428,Daily Fiber Drink - Lemon,3,50.29,LAURA15,
customer_00440@example.com,returning,2025-01-09,ORD-00429,Daily Gut + Collagen Pulver - Hazelnut,1,58.09,,
customer_00328@example.com,returning,2025-09-30,ORD-00430,Daily Gut Pulver - Mango Maracuja,1,38.85,,
customer_00045@example.com,returning,2024-01-15,ORD-00431,"Vegan Glow + Clear Protein Pulver - Mango Maracuja,Vegan Protein Pulver - Cookie Dough,Summer Collagen - Mango Passionfruit","3,1,1",57.61,,veganmia
customer_00113@example.com,returning,2024-07-27,ORD-00432,Mood Kapseln,2,76.91,LAURA15,
customer_00768@example.com,returning,2025-08-19,ORD-00433,Mood Kapseln,3,111.07,LAURA15,fit_laura
customer_00539@example.com,returning,2024-02-24,ORD-00434,Premium Greens - Apple Kiwi,2,69.17,,
customer_00008@example.com,returning,2025-10-26,ORD-00435,Hydrate Drink - Lemon,1,61.72,LAURA15,fit_laura
customer_00389@example.com,returning,2024-07-22,ORD-00436,Daily Collagen Pulver - Vanilla,2,72.56,SUMMER20,healthyanna
customer_00468@example.com,returning,2025-05-16,ORD-00437,Daily Gut Pulver - Raspberry Hibiscus,1,62.37,,
customer_00160@example.com,new,2025-05-28,ORD-00438,Summer Collagen - Mango Passionfruit,3,51.21,LAURA15,
customer_00063@example.com,returning,2024-03-30,ORD-00439,"Daily Fiber Drink - Lemon,Daily Gut Pulver - Raspberry Hibiscus","1,2",94.34,SUMMER20,
customer_00533@example.com,returning,2025-10-30,ORD-00440,"Vegan Glow + Clear Protein Pulver - Mango Maracuja,Magnesium Komplex Kapseln,Daily Gut + Collagen Pulver - Neutral","2,3,2",38.16,LAURA15,veganmia
customer_00554@example.com,new,2024-11-21,ORD-00441,"Vegan Protein Pulver - Vanilla Cinnamon,Daily Glow Pulver - Raspberry Lemon","3,2",31.44,SUMMER20,veganmia
customer_00545@example.com,new,2026-02-02,ORD-00442,"Daily Collagen Pulver - Neutral,Premium Greens - Apple Kiwi,Magnesium Drink - Lavender","3,2,2",113.71,,
customer_00652@example.com,returning,2025-09-02,ORD-00443,"Hydrate Drink - Lemon,Daily Glow Pulver - Raspberry Lemon,Vegan Protein Pulver - Neutral","1,1,3",47.06,LAURA15,
customer_00703@example.com,returning,2024-07-07,ORD-00444,Daily Gut + Immunity - Ginger Lemon,1,105.95,,
customer_00503@example.com,returning,2026-02-21,ORD-00445,Premium Greens - Apple Kiwi,1,117.04,LAURA15,fit_laura
customer_00276@example.com,new,2024-09-09,ORD-00446,"Vegan Glow + Clear Protein Pulver - Mango Maracuja,Vegan Protein Pulver - Coffee,Immune Protect Drink - Ginger Lemon","1,3,3",65.62,,
customer_00794@example.com,returning,2025-04-07,ORD-00447,Daily Fiber Drink - Lemon,2,68.41,BLACKWEEK,fit_laura
customer_00043@example.com,new,2024-07-13,ORD-00448,"Vegan Glow + Clear Protein Pulver - Mango Maracuja,Vegan Basics","3,3",52.66,SAVE10,
customer_00407@example.com,returning,2025-04-19,ORD-00449,"Recharge Drink - Tropical Fruits,Gut Restore Kapseln","2,3",103.84,SUMMER20,fit_laura
customer_00462@example.com,returning,2025-02-27,ORD-00450,Vegan Basics,1,55.73,,veganmia
customer_00025@example.com,returning,2024-11-27,ORD-00451,Daily Gut + Collagen Pulver - Hazelnut,2,90.71,,healthyanna
customer_00728@example.com,returning,2025-06-20,ORD-00452,"Daily Collagen Pulver - Neutral,Daily Gut + Immunity - Ginger Lemon","3,3",92.19,BLACKWEEK,
customer_00744@example.com,returning,2025-08-02,ORD-00453,"Vegan Basics,Premium Greens - Mango Maracuja","3,1",107.77,,veganmia
customer_00153@example.com,new,2024-11-11,ORD-00454,Daily Glow Pulver - Raspberry Lemon,3,54.4,LAURA15,fit_laura
customer_00787@example.com,returning,2025-05-25,ORD-00455,"Recharge Drink - Tropical Fruits,Premium Greens - Apple Kiwi,Daily Collagen Pulver - Vanilla","1,3,1",76.63,,
customer_00005@example.com,returning,2024-03-22,ORD-00456,"Mood Kapseln,Vegan Glow + Clear Protein Pulver - Mango Maracuja","3,2",82.12,,
customer_00006@example.com,new,2024-07-08,ORD-00457,Immune Protect Drink - Ginger Lemon,3,39.08,SAVE10,
customer_00668@example.com,returning,2024-03-30,ORD-00458,Daily Glow Pulver - Raspberry Lemon,3,29.66,,
customer_00426@example.com,returning,2025-01-23,ORD-00459,"Premium Greens - Mango Maracuja,Recharge Drink - Lemon,Daily Gut + Collagen Pulver - Hazelnut","3,1,2",102.93,,
customer_00776@example.com,new,2024-05-04,ORD-00460,Immune Protect Drink - Ginger Lemon,2,90.99,SUMMER20,
customer_00281@example.com,returning,2024-04-21,ORD-00461,Magnesium Komplex Kapseln,3,79.28,SAVE10,
customer_00644@example.com,returning,2025-09-15,ORD-00462,Daily Gut + Immunity - Ginger Lemon,3,105.54,,
customer_00265@example.com,returning,2025-05-19,ORD-00463,Summer Collagen - Mango Passionfruit,3,101.76,,
customer_00624@example.com,returning,2025-04-21,ORD-00464,Recharge Drink - Tropical Fruits,1,84.42,SAVE10,healthyanna
customer_00120@example.com,returning,2025-10-17,ORD-00465,"Vegan Protein Pulver - Coffee,Magnesium Komplex Kapseln","1,2",44.11,SAVE10,
customer_00288@example.com,returning,2024-04-26,ORD-00466,Daily Gut + Immunity - Ginger Lemon,2,90.15,SAVE10,
customer_00349@example.com,returning,2024-12-12,ORD-00467,Daily Gut + Collagen Pulver - Hazelnut,1,112.62,,
customer_00490@example.com,returning,2025-06-17,ORD-00468,"Daily Gut Creamy - Creamy Matcha,Daily Glow Pulver - Raspberry Lemon,Mood Kapseln","3,3,2",53.44,SAVE10,
customer_00742@example.com,returning,2024-10-14,ORD-00469,"Immune Protect Drink - Ginger Lemon,Daily Gut + Collagen Pulver - Neutral","1,2",104.87,SUMMER20,healthyanna
customer_00347@example.com,returning,2025-02-27,ORD-00470,"Immune Protect Drink - Ginger Lemon,Premium Greens - Apple Kiwi,Daily Fiber Drink - Lemon","3,2,3",33.25,LAURA15,fit_laura
customer_00243@example.com,returning,2024-04-24,ORD-00471,Recharge Drink - Tropical Fruits,3,60.55,SUMMER20,
customer_00038@example.com,returning,2026-01-20,ORD-00472,"Daily Gut + Immunity - Ginger Lemon,Gut Restore Kapseln","2,1",108.02,,
customer_00317@example.com,returning,2024-01-05,ORD-00473,"Daily Glow Pulver - Raspberry Lemon,Daily Collagen Pulver - Neutral","1,2",54.54,BLACKWEEK,
customer_00045@example.com,returning,2025-08-14,ORD-00474,"Daily Gut + Immunity - Ginger Lemon,Magnesium Drink - Blueberry Lemon","1,3",97.06,SAVE10,
customer_00654@example.com,new,2025-11-18,ORD-00475,"Magnesium Drink - Blueberry Lemon,Vegan Protein Pulver - Vanilla Cinnamon","2,3",36.18,,
customer_00152@example.com,returning,2025-07-09,ORD-00476,Daily Collagen Pulver - Neutral,3,58.28,LAURA15,healthyanna
customer_00326@example.com,returning,2025-09-19,ORD-00477,Recharge Drink - Tropical Fruits,1,109.76,,healthyanna
customer_00553@example.com,returning,2025-01-27,ORD-00478,Daily Glow Pulver - Raspberry Lemon,2,30.11,BLACKWEEK,fit_laura
customer_00436@example.com,returning,2024-12-06,ORD-00479,Daily Gut + Collagen Pulver - Neutral,3,102.66,,
customer_00730@example.com,returning,2025-04-11,ORD-00480,"Immune Protect Drink - Ginger Lemon,Daily Gut + Immunity - Ginger Lemon","3,1",54.49,BLACKWEEK,
customer_00659@example.com,returning,2025-02-05,ORD-00481,"Gut Restore Kapseln,Mood Kapseln","1,3",42.42,,
customer_00681@example.com,returning,2025-05-01,ORD-00482,Magnesium Drink - Lavender,2,35.72,BLACKWEEK,fit_laura
customer_00490@example.com,returning,2025-02-19,ORD-00483,Premium Greens - Mango Maracuja,2,102.67,BLACKWEEK,veganmia
customer_00109@example.com,returning,2025-08-27,ORD-00484,Daily Gut + Immunity - Ginger Lemon,3,64.28,,
customer_00635@example.com,returning,2024-08-01,ORD-00485,Premium Greens - Mango Maracuja,2,102.32,,healthyanna
customer_00605@example.com,returning,2025-11-09,ORD-00486,Magnesium Komplex Kapseln,3,88.61,SUMMER20,
customer_00757@example.com,returning,2025-09-04,ORD-00487,"Daily Gut + Collagen Pulver - Neutral,Mood Kapseln,Daily Collagen Pulver - Neutral","2,2,2",35.33,BLACKWEEK,
customer_00610@example.com,returning,2025-08-17,ORD-00488,"Daily Fiber Drink - Lemon,Magnesium Drink - Blueberry Lemon","3,1",110.81,SUMMER20,
customer_00651@example.com,returning,2024-07-29,ORD-00489,"Daily Glow Pulver - Raspberry Lemon,Daily Gut + Collagen Pulver - Neutral","3,2",89.74,LAURA15,
customer_00324@example.com,returning,2025-08-19,ORD-00490,Recharge Drink - Lemon,3,25.77,BLACKWEEK,
customer_00522@example.com,returning,2024-01-01,ORD-00491,Daily Glow Pulver - Raspberry Lemon,1,91.82,SAVE10,
customer_00367@example.com,new,2025-10-02,ORD-00492,Recharge Drink - Tropical Fruits,1,55.22,,
customer_00391@example.com,returning,2024-05-22,ORD-00493,Magnesium Komplex Kapseln,3,42.88,,veganmia
customer_00393@example.com,returning,2025-10-25,ORD-00494,"Summer Collagen - Mango Passionfruit,Magnesium Komplex Kapseln","2,1",26.49,BLACKWEEK,fit_laura
customer_00738@example.com,returning,2025-04-10,ORD-00495,"Magnesium Komplex Kapseln,Daily Glow Pulver - Raspberry Lemon","1,2",73.39,SUMMER20,
customer_00565@example.com,returning,2026-01-18,ORD-00496,"Daily Fiber Drink - Lemon,Summer Collagen - Mango Passionfruit","1,3",47.49,LAURA15,fit_laura
customer_00513@example.com,returning,2025-12-22,ORD-00497,Immune Protect Drink - Ginger Lemon,1,60.01,LAURA15,fit_laura
customer_00594@example.com,returning,2025-06-13,ORD-00498,Daily Gut + Immunity - Ginger Lemon,3,32.43,,
customer_00624@example.com,returning,2024-12-17,ORD-00499,Mood Kapseln,3,75.83,SAVE10,
customer_00011@example.com,new,2024-12-27,ORD-00500,Vegan Basics,3,116.26,,
customer_00301@example.com,returning,2025-10-06,ORD-00501,Daily Gut Creamy - Creamy Pistachio,3,69.95,SAVE10,
customer_00173@example.com,returning,2024-05-09,ORD-00502,Recharge Drink - Tropical Fruits,2,73.03,BLACKWEEK,
customer_00284@example.com,returning,2025-09-10,ORD-00503,Hydrate Drink - Lemon,2,41.59,BLACKWEEK,fit_laura
customer_00605@example.com,returning,2024-12-17,ORD-00504,"Gut Restore Kapseln,Summer Collagen - Mango Passionfruit","2,2",118.49,SAVE10,veganmia
customer_00148@example.com,new,2025-11-07,ORD-00505,Daily Glow Pulver - Raspberry Lemon,2,66.82,LAURA15,
customer_00652@example.com,returning,2024-02-23,ORD-00506,Daily Gut + Collagen Pulver - Neutral,1,40.92,BLACKWEEK,
customer_00408@example.com,returning,2024-09-25,ORD-00507,Mood Kapseln,2,38.79,,
customer_00445@example.com,returning,2024-04-09,ORD-00508,Gut Restore Kapseln,3,112.18,SAVE10,
customer_00652@example.com,returning,2026-04-01,ORD-00509,Magnesium Komplex Kapseln,2,34.34,,
customer_00670@example.com,returning,2025-11-24,ORD-00510,Gut Restore Kapseln,3,90.58,,
customer_00184@example.com,returning,2025-02-25,ORD-00511,Daily Gut Pulver - Lemon,1,34.28,SAVE10,healthyanna
customer_00106@example.com,returning,2024-02-28,ORD-00512,"Summer Collagen - Mango Passionfruit,Vegan Glow + Clear Protein Pulver - Mango Maracuja","2,1",114.16,BLACKWEEK,fit_laura
customer_00672@example.com,returning,2025-12-13,ORD-00513,"Vegan Protein Pulver - Cookie Dough,Daily Collagen Pulver - Neutral","1,2",42.5,BLACKWEEK,veganmia
customer_00301@example.com,returning,2024-09-20,ORD-00514,Daily Gut + Immunity - Ginger Lemon,2,40.39,,
customer_00075@example.com,returning,2024-09-21,ORD-00515,Daily Gut Creamy - Creamy Pistachio,2,115.78,SAVE10,
customer_00271@example.com,returning,2025-10-22,ORD-00516,Daily Gut + Immunity - Ginger Lemon,1,71.75,SUMMER20,
customer_00147@example.com,returning,2026-01-02,ORD-00517,Magnesium Komplex Kapseln,3,49.6,,healthyanna
customer_00035@example.com,new,2024-06-01,ORD-00518,Daily Gut + Collagen Pulver - Neutral,2,87.02,LAURA15,fit_laura
customer_00000@example.com,new,2026-01-15,ORD-00519,"Daily Fiber Drink - Lemon,Hydrate Drink - Lemon,Daily Glow Pulver - Raspberry Lemon","2,3,2",99.19,,
customer_00071@example.com,returning,2025-08-03,ORD-00520,Daily Gut Pulver - Mango Maracuja,3,75.85,BLACKWEEK,
customer_00367@example.com,new,2025-07-01,ORD-00521,Recharge Drink - Lemon,1,106.07,,healthyanna
customer_00348@example.com,returning,2025-07-21,ORD-00522,Gut Restore Kapseln,3,28.74,SUMMER20,
customer_00393@example.com,returning,2026-01-22,ORD-00523,"Recharge Drink - Tropical Fruits,Daily Fiber Drink - Lemon","3,2",43.0,,healthyanna
customer_00036@example.com,returning,2026-03-22,ORD-00524,Daily Gut + Collagen Pulver - Hazelnut,2,76.35,BLACKWEEK,
customer_00315@example.com,returning,2024-12-11,ORD-00525,Gut Restore Kapseln,1,99.84,SAVE10,
customer_00043@example.com,new,2024-03-14,ORD-00526,Vegan Protein Pulver - Neutral,2,28.5,LAURA15,veganmia
customer_00144@example.com,returning,2025-12-19,ORD-00527,Daily Gut Pulver - Mango Maracuja,3,86.63,LAURA15,fit_laura
customer_00014@example.com,new,2025-08-28,ORD-00528,Daily Gut Creamy - Creamy Pistachio,1,31.08,SUMMER20,
customer_00108@example.com,returning,2026-04-10,ORD-00529,Vegan Glow + Clear Protein Pulver - Mango Maracuja,1,104.41,,
customer_00755@example.com,returning,2024-03-05,ORD-00530,"Magnesium Drink - Blueberry Lemon,Daily Collagen Pulver - Neutral","2,1",36.47,,veganmia
customer_00144@example.com,returning,2024-04-12,ORD-00531,"Premium Greens - Apple Kiwi,Summer Collagen - Mango Passionfruit","2,3",100.15,SUMMER20,fit_laura
customer_00647@example.com,returning,2025-12-24,ORD-00532,"Premium Greens - Mango Maracuja,Daily Gut Pulver - Raspberry Hibiscus","1,1",86.92,BLACKWEEK,veganmia
customer_00290@example.com,new,2025-06-19,ORD-00533,Mood Kapseln,1,67.79,,veganmia
customer_00244@example.com,returning,2024-04-30,ORD-00534,"Daily Gut Creamy - Creamy Matcha,Premium Greens - Mango Maracuja,Mood Kapseln","3,2,1",118.73,LAURA15,
customer_00097@example.com,returning,2024-04-25,ORD-00535,"Immune Protect Drink - Ginger Lemon,Vegan Basics","2,2",100.68,LAURA15,fit_laura
customer_00701@example.com,returning,2024-08-02,ORD-00536,"Mood Kapseln,Daily Gut + Collagen Pulver - Hazelnut","1,1",66.29,,
customer_00342@example.com,returning,2026-03-15,ORD-00537,"Gut Restore Kapseln,Daily Gut Creamy - Creamy Matcha","3,3",27.76,SUMMER20,veganmia
customer_00527@example.com,returning,2024-07-22,ORD-00538,Vegan Glow + Clear Protein Pulver - Mango Maracuja,3,95.97,,
customer_00333@example.com,returning,2026-01-25,ORD-00539,Daily Collagen Pulver - Vanilla,1,64.2,LAURA15,healthyanna
customer_00204@example.com,returning,2025-03-22,ORD-00540,Vegan Glow + Clear Protein Pulver - Mango Maracuja,2,38.77,SAVE10,
customer_00624@example.com,returning,2025-10-09,ORD-00541,Daily Fiber Drink - Lemon,1,59.07,LAURA15,
customer_00276@example.com,new,2024-05-19,ORD-00542,Daily Glow Pulver - Raspberry Lemon,3,35.56,LAURA15,fit_laura
customer_00476@example.com,returning,2026-03-19,ORD-00543,Premium Greens - Mango Maracuja,1,100.48,SUMMER20,
customer_00626@example.com,returning,2026-01-17,ORD-00544,"Daily Gut + Collagen Pulver - Hazelnut,Immune Protect Drink - Ginger Lemon,Vegan Glow + Clear Protein Pulver - Mango Maracuja","2,1,2",65.67,SAVE10,
customer_00252@example.com,returning,2025-03-03,ORD-00545,Magnesium Komplex Kapseln,3,118.12,SAVE10,veganmia
customer_00041@example.com,returning,2025-12-10,ORD-00546,"Vegan Basics,Daily Gut Creamy - Creamy Matcha,Magnesium Komplex Kapseln","2,2,1",94.52,SAVE10,healthyanna
customer_00223@example.com,returning,2025-05-06,ORD-00547,Recharge Drink - Tropical Fruits,3,88.56,SAVE10,healthyanna
customer_00165@example.com,returning,2026-03-19,ORD-00548,"Daily Gut + Collagen Pulver - Neutral,Daily Gut Pulver - Raspberry Hibiscus","2,3",107.8,SUMMER20,
customer_00641@example.com,returning,2025-06-27,ORD-00549,Daily Gut Pulver - Lemon,1,28.11,,
customer_00436@example.com,returning,2024-02-22,ORD-00550,"Immune Protect Drink - Ginger Lemon,Vegan Protein Pulver - Vanilla Cinnamon","3,3",35.54,LAURA15,fit_laura
customer_00374@example.com,new,2025-07-28,ORD-00551,Daily Gut Creamy - Creamy Pistachio,2,92.39,BLACKWEEK,veganmia
customer_00209@example.com,returning,2026-01-25,ORD-00552,Magnesium Drink - Blueberry Lemon,3,114.22,,healthyanna
customer_00594@example.com,returning,2024-02-25,ORD-00553,"Vegan Protein Pulver - Vanilla Cinnamon,Vegan Glow + Clear Protein Pulver - Mango Maracuja","2,3",31.02,,
customer_00353@example.com,returning,2025-09-27,ORD-00554,Vegan Basics,2,59.97,,
customer_00689@example.com,new,2024-10-09,ORD-00555,"Daily Gut + Immunity - Ginger Lemon,Vegan Protein Pulver - Coffee,Gut Restore Kapseln","1,1,1",35.64,SUMMER20,healthyanna
customer_00151@example.com,new,2025-03-02,ORD-00556,Vegan Protein Pulver - Neutral,3,117.11,LAURA15,fit_laura
customer_00554@example.com,new,2025-06-16,ORD-00557,"Mood Kapseln,Summer Collagen - Mango Passionfruit,Magnesium Komplex Kapseln","3,2,1",86.24,LAURA15,fit_laura
customer_00421@example.com,returning,2024-11-07,ORD-00558,Magnesium Drink - Lavender,3,78.89,,
customer_00313@example.com,returning,2026-02-27,ORD-00559,Hydrate Drink - Lemon,2,105.32,,
customer_00151@example.com,new,2024-07-05,ORD-00560,Gut Restore Kapseln,3,117.45,,veganmia
customer_00725@example.com,new,2024-09-23,ORD-00561,"Daily Glow Pulver - Raspberry Lemon,Premium Greens - Apple Kiwi","1,2",60.12,,veganmia
customer_00210@example.com,new,2025-04-04,ORD-00562,Daily Gut Creamy - Creamy Pistachio,2,76.29,,veganmia
customer_00166@example.com,returning,2025-04-14,ORD-00563,Daily Collagen Pulver - Neutral,2,113.14,SUMMER20,
customer_00159@example.com,returning,2024-10-23,ORD-00564,Immune Protect Drink - Ginger Lemon,3,117.11,,
customer_00772@example.com,new,2024-11-11,ORD-00565,"Daily Gut + Collagen Pulver - Neutral,Daily Glow Pulver - Raspberry Lemon,Gut Restore Kapseln","3,3,1",27.36,BLACKWEEK,veganmia
customer_00632@example.com,returning,2026-03-11,ORD-00566,"Gut Restore Kapseln,Summer Collagen - Mango Passionfruit","2,3",113.89,LAURA15,
customer_00284@example.com,returning,2024-07-18,ORD-00567,Daily Gut + Immunity - Ginger Lemon,3,71.59,,healthyanna
customer_00617@example.com,new,2024-01-13,ORD-00568,"Daily Gut Creamy - Creamy Pistachio,Summer Collagen - Mango Passionfruit","1,2",52.04,,
customer_00359@example.com,returning,2026-04-02,ORD-00569,Gut Restore Kapseln,1,67.04,,
customer_00167@example.com,returning,2025-05-01,ORD-00570,"Magnesium Komplex Kapseln,Daily Gut + Collagen Pulver - Hazelnut","3,1",118.9,,
customer_00537@example.com,new,2024-07-23,ORD-00571,"Daily Gut + Immunity - Ginger Lemon,Daily Fiber Drink - Lemon,Daily Gut + Collagen Pulver - Hazelnut","2,2,3",42.67,SUMMER20,
customer_00390@example.com,returning,2025-07-26,ORD-00572,Mood Kapseln,2,95.29,,
customer_00229@example.com,returning,2024-05-07,ORD-00573,Daily Gut Pulver - Raspberry Hibiscus,2,87.11,,
customer_00294@example.com,returning,2025-05-19,ORD-00574,Mood Kapseln,1,119.46,,healthyanna
customer_00068@example.com,new,2025-10-05,ORD-00575,Summer Collagen - Mango Passionfruit,3,90.16,,
customer_00710@example.com,new,2024-11-23,ORD-00576,"Summer Collagen - Mango Passionfruit,Vegan Basics","2,3",68.8,SUMMER20,fit_laura
customer_00709@example.com,returning,2025-10-13,ORD-00577,Premium Greens - Apple Kiwi,2,111.65,,
customer_00364@example.com,returning,2026-02-22,ORD-00578,Recharge Drink - Tropical Fruits,3,33.98,SUMMER20,
customer_00770@example.com,returning,2025-12-02,ORD-00579,Magnesium Drink - Lavender,3,91.31,,
customer_00371@example.com,new,2025-06-14,ORD-00580,Daily Gut + Collagen Pulver - Neutral,1,51.73,SUMMER20,fit_laura
customer_00797@example.com,returning,2025-05-30,ORD-00581,Magnesium Drink - Blueberry Lemon,1,46.01,SUMMER20,
customer_00192@example.com,returning,2024-01-18,ORD-00582,"Immune Protect Drink - Ginger Lemon,Vegan Basics","2,1",70.55,SUMMER20,healthyanna
customer_00319@example.com,returning,2024-05-11,ORD-00583,"Daily Glow Pulver - Raspberry Lemon,Gut Restore Kapseln","1,1",106.4,LAURA15,healthyanna
customer_00145@example.com,returning,2024-01-20,ORD-00584,"Recharge Drink - Tropical Fruits,Daily Glow Pulver - Raspberry Lemon","1,2",98.6,BLACKWEEK,healthyanna
customer_00775@example.com,returning,2024-05-01,ORD-00585,Vegan Protein Pulver - Cookie Dough,1,111.31,LAURA15,fit_laura
customer_00044@example.com,new,2024-07-08,ORD-00586,Daily Gut Pulver - Raspberry Hibiscus,1,88.71,LAURA15,
customer_00029@example.com,new,2025-06-01,ORD-00587,Hydrate Drink - Lemon,2,79.17,LAURA15,veganmia
customer_00101@example.com,returning,2026-01-12,ORD-00588,"Daily Gut Pulver - Raspberry Hibiscus,Vegan Basics","3,2",34.38,SAVE10,veganmia
customer_00219@example.com,returning,2025-06-10,ORD-00589,"Mood Kapseln,Summer Collagen - Mango Passionfruit,Premium Greens - Mango Maracuja","3,1,2",46.62,LAURA15,
customer_00115@example.com,new,2025-07-24,ORD-00590,"Magnesium Drink - Lavender,Daily Collagen Pulver - Neutral","1,2",93.6,,
customer_00084@example.com,returning,2025-12-04,ORD-00591,Daily Collagen Pulver - Vanilla,2,117.74,,
customer_00454@example.com,new,2026-04-01,ORD-00592,Magnesium Komplex Kapseln,2,70.19,BLACKWEEK,
customer_00695@example.com,returning,2025-03-24,ORD-00593,Daily Gut Pulver - Lemon,2,74.65,,healthyanna
customer_00692@example.com,returning,2024-03-07,ORD-00594,Daily Glow Pulver - Raspberry Lemon,2,59.55,SUMMER20,healthyanna
customer_00203@example.com,returning,2024-10-12,ORD-00595,Daily Fiber Drink - Lemon,1,97.66,,
customer_00784@example.com,returning,2025-05-11,ORD-00596,Hydrate Drink - Lemon,2,73.58,,
customer_00150@example.com,returning,2024-04-11,ORD-00597,"Daily Collagen Pulver - Vanilla,Daily Gut + Collagen Pulver - Neutral","2,1",95.09,SAVE10,veganmia
customer_00069@example.com,returning,2024-11-06,ORD-00598,Daily Gut Pulver - Raspberry Hibiscus,2,84.09,SUMMER20,
customer_00098@example.com,new,2025-05-31,ORD-00599,"Vegan Basics,Mood Kapseln","1,3",49.86,,
customer_00351@example.com,new,2024-11-18,ORD-00600,"Immune Protect Drink - Ginger Lemon,Daily Gut + Collagen Pulver - Neutral","1,1",106.02,,
customer_00453@example.com,returning,2025-05-18,ORD-00601,Daily Gut Creamy - Creamy Matcha,3,65.91,SUMMER20,
customer_00319@example.com,returning,2025-02-04,ORD-00602,"Mood Kapseln,Daily Collagen Pulver - Vanilla","3,2",50.02,SAVE10,veganmia
customer_00605@example.com,returning,2025-01-24,ORD-00603,"Summer Collagen - Mango Passionfruit,Recharge Drink - Tropical Fruits,Magnesium Drink - Lavender","1,1,2",34.25,LAURA15,fit_laura
customer_00353@example.com,returning,2024-11-08,ORD-00604,"Magnesium Komplex Kapseln,Summer Collagen - Mango Passionfruit,Daily Gut Creamy - Creamy Pistachio","1,3,3",35.87,BLACKWEEK,healthyanna
customer_00173@example.com,returning,2024-09-30,ORD-00605,Magnesium Drink - Blueberry Lemon,2,26.94,,
customer_00480@example.com,returning,2025-08-09,ORD-00606,Magnesium Drink - Lavender,3,34.28,,
customer_00500@example.com,new,2025-09-21,ORD-00607,Vegan Protein Pulver - Vanilla Cinnamon,2,53.45,SUMMER20,
customer_00446@example.com,returning,2024-10-31,ORD-00608,Daily Gut + Immunity - Ginger Lemon,2,119.64,SAVE10,
customer_00411@example.com,returning,2024-08-02,ORD-00609,"Daily Gut + Immunity - Ginger Lemon,Daily Collagen Pulver - Neutral","2,3",58.0,,
customer_00078@example.com,returning,2024-09-14,ORD-00610,"Recharge Drink - Lemon,Vegan Basics","2,1",84.37,,
customer_00464@example.com,returning,2025-11-07,ORD-00611,"Immune Protect Drink - Ginger Lemon,Premium Greens - Apple Kiwi","3,3",116.4,LAURA15,
customer_00760@example.com,returning,2026-02-03,ORD-00612,"Hydrate Drink - Lemon,Immune Protect Drink - Ginger Lemon,Magnesium Komplex Kapseln","3,2,1",90.1,SUMMER20,
customer_00307@example.com,new,2025-10-23,ORD-00613,"Magnesium Komplex Kapseln,Magnesium Drink - Blueberry Lemon","3,2",40.26,,
customer_00703@example.com,returning,2025-04-20,ORD-00614,"Daily Fiber Drink - Lemon,Vegan Glow + Clear Protein Pulver - Mango Maracuja","1,1",71.11,,
customer_00446@example.com,returning,2024-01-30,ORD-00615,Daily Gut Creamy - Creamy Matcha,1,49.55,SUMMER20,
customer_00284@example.com,returning,2024-03-06,ORD-00616,"Premium Greens - Mango Maracuja,Daily Gut Creamy - Creamy Matcha","1,1",110.55,,
customer_00416@example.com,returning,2025-05-23,ORD-00617,"Daily Gut + Immunity - Ginger Lemon,Daily Fiber Drink - Lemon","1,3",109.03,,healthyanna
customer_00243@example.com,returning,2025-03-09,ORD-00618,Magnesium Drink - Lavender,3,45.71,LAURA15,
customer_00109@example.com,returning,2025-05-17,ORD-00619,Hydrate Drink - Lemon,2,75.68,SAVE10,
customer_00716@example.com,returning,2026-04-21,ORD-00620,"Magnesium Drink - Lavender,Immune Protect Drink - Ginger Lemon,Magnesium Komplex Kapseln","3,2,2",54.28,,
customer_00660@example.com,returning,2025-03-29,ORD-00621,"Daily Gut Creamy - Creamy Pistachio,Daily Gut + Collagen Pulver - Neutral,Vegan Glow + Clear Protein Pulver - Mango Maracuja","3,2,3",61.9,LAURA15,healthyanna
customer_00402@example.com,returning,2026-03-19,ORD-00622,"Hydrate Drink - Lemon,Recharge Drink - Tropical Fruits,Daily Gut + Immunity - Ginger Lemon","2,1,3",28.22,,
customer_00082@example.com,returning,2025-06-02,ORD-00623,"Mood Kapseln,Daily Gut + Collagen Pulver - Neutral","2,1",31.3,,veganmia
customer_00430@example.com,new,2026-03-21,ORD-00624,"Immune Protect Drink - Ginger Lemon,Magnesium Drink - Blueberry Lemon","3,1",85.9,,veganmia
customer_00003@example.com,returning,2024-06-10,ORD-00625,Recharge Drink - Lemon,3,48.71,BLACKWEEK,healthyanna
customer_00730@example.com,returning,2024-07-22,ORD-00626,"Daily Glow Pulver - Raspberry Lemon,Magnesium Komplex Kapseln,Magnesium Drink - Blueberry Lemon","2,2,3",33.02,,
customer_00376@example.com,returning,2024-04-01,ORD-00627,Daily Fiber Drink - Lemon,1,117.54,LAURA15,fit_laura
customer_00203@example.com,returning,2024-06-01,ORD-00628,Premium Greens - Apple Kiwi,2,33.46,,
customer_00376@example.com,returning,2025-11-20,ORD-00629,Daily Gut + Collagen Pulver - Hazelnut,1,71.94,,
customer_00229@example.com,returning,2024-07-30,ORD-00630,"Vegan Protein Pulver - Vanilla Cinnamon,Hydrate Drink - Lemon","3,2",82.01,,veganmia
customer_00289@example.com,returning,2024-08-29,ORD-00631,"Vegan Protein Pulver - Choco,Magnesium Komplex Kapseln","2,1",83.68,,
customer_00254@example.com,new,2024-11-27,ORD-00632,Gut Restore Kapseln,1,117.57,SUMMER20,
customer_00407@example.com,returning,2024-12-06,ORD-00633,"Daily Fiber Drink - Lemon,Magnesium Komplex Kapseln","1,3",113.45,SAVE10,fit_laura
customer_00482@example.com,returning,2024-09-23,ORD-00634,"Daily Gut Creamy - Creamy Pistachio,Daily Gut Pulver - Mango Maracuja,Hydrate Drink - Lemon","2,3,1",41.14,SUMMER20,fit_laura
customer_00504@example.com,returning,2024-05-10,ORD-00635,"Gut Restore Kapseln,Daily Glow Pulver - Raspberry Lemon,Daily Gut + Immunity - Ginger Lemon","3,1,1",72.43,SAVE10,
customer_00287@example.com,new,2024-06-17,ORD-00636,"Magnesium Komplex Kapseln,Recharge Drink - Lemon","3,3",54.98,,
customer_00503@example.com,returning,2024-07-06,ORD-00637,"Daily Glow Pulver - Raspberry Lemon,Immune Protect Drink - Ginger Lemon","1,1",28.41,LAURA15,fit_laura
customer_00266@example.com,returning,2025-03-28,ORD-00638,Gut Restore Kapseln,1,58.87,SAVE10,
customer_00726@example.com,returning,2024-12-23,ORD-00639,Gut Restore Kapseln,1,33.89,BLACKWEEK,veganmia
customer_00290@example.com,new,2025-06-22,ORD-00640,Premium Greens - Mango Maracuja,3,97.85,SAVE10,
customer_00184@example.com,returning,2024-01-27,ORD-00641,Daily Gut + Immunity - Ginger Lemon,2,52.01,,healthyanna
customer_00696@example.com,returning,2024-03-24,ORD-00642,Summer Collagen - Mango Passionfruit,2,68.72,SAVE10,veganmia
customer_00724@example.com,returning,2026-01-19,ORD-00643,"Gut Restore Kapseln,Hydrate Drink - Lemon","2,3",119.98,,
customer_00582@example.com,returning,2025-07-14,ORD-00644,Daily Gut Creamy - Creamy Pistachio,2,115.43,BLACKWEEK,fit_laura
customer_00390@example.com,returning,2024-01-22,ORD-00645,Hydrate Drink - Lemon,1,105.97,BLACKWEEK,
customer_00166@example.com,returning,2024-11-01,ORD-00646,Daily Fiber Drink - Lemon,3,71.63,BLACKWEEK,veganmia
customer_00442@example.com,returning,2025-04-01,ORD-00647,"Recharge Drink - Lemon,Daily Glow Pulver - Raspberry Lemon","3,2",109.11,,
customer_00487@example.com,returning,2025-03-20,ORD-00648,Magnesium Komplex Kapseln,2,84.92,SUMMER20,
customer_00095@example.com,returning,2025-05-22,ORD-00649,Magnesium Drink - Lavender,3,75.09,SUMMER20,
customer_00662@example.com,new,2024-11-03,ORD-00650,Recharge Drink - Lemon,2,39.12,,healthyanna
customer_00130@example.com,returning,2025-06-09,ORD-00651,"Recharge Drink - Lemon,Vegan Glow + Clear Protein Pulver - Mango Maracuja","2,3",35.23,SAVE10,healthyanna
customer_00435@example.com,returning,2026-02-26,ORD-00652,Gut Restore Kapseln,2,72.83,BLACKWEEK,
customer_00116@example.com,returning,2024-11-17,ORD-00653,"Gut Restore Kapseln,Premium Greens - Apple Kiwi","2,1",80.78,,
customer_00465@example.com,returning,2025-11-20,ORD-00654,"Gut Restore Kapseln,Hydrate Drink - Lemon","1,1",35.1,,healthyanna
customer_00547@example.com,new,2025-04-16,ORD-00655,Daily Fiber Drink - Lemon,1,90.72,,veganmia
customer_00673@example.com,new,2026-04-15,ORD-00656,"Mood Kapseln,Recharge Drink - Tropical Fruits,Summer Collagen - Mango Passionfruit","2,1,1",26.51,BLACKWEEK,
customer_00192@example.com,returning,2024-11-04,ORD-00657,"Vegan Protein Pulver - Choco,Mood Kapseln","3,2",98.12,BLACKWEEK,
customer_00151@example.com,new,2025-05-11,ORD-00658,Daily Gut Pulver - Raspberry Hibiscus,1,69.79,,veganmia
customer_00460@example.com,returning,2024-12-07,ORD-00659,Vegan Protein Pulver - Vanilla Cinnamon,3,25.75,SAVE10,
customer_00645@example.com,returning,2025-05-12,ORD-00660,"Magnesium Komplex Kapseln,Daily Gut + Collagen Pulver - Neutral","3,1",73.77,,
customer_00742@example.com,returning,2024-10-01,ORD-00661,"Mood Kapseln,Vegan Glow + Clear Protein Pulver - Mango Maracuja","3,2",109.82,BLACKWEEK,
customer_00427@example.com,returning,2026-01-13,ORD-00662,"Daily Collagen Pulver - Vanilla,Mood Kapseln","2,1",43.26,,veganmia
customer_00352@example.com,returning,2024-05-14,ORD-00663,Vegan Basics,3,108.9,,
customer_00740@example.com,returning,2024-05-12,ORD-00664,"Magnesium Komplex Kapseln,Summer Collagen - Mango Passionfruit","1,2",41.46,,healthyanna
customer_00160@example.com,new,2025-01-02,ORD-00665,"Daily Collagen Pulver - Vanilla,Magnesium Komplex Kapseln","2,1",108.69,SAVE10,fit_laura
customer_00365@example.com,new,2024-05-03,ORD-00666,"Premium Greens - Apple Kiwi,Vegan Basics","1,2",78.39,LAURA15,healthyanna
customer_00498@example.com,returning,2025-12-07,ORD-00667,Magnesium Drink - Lavender,1,108.0,SUMMER20,
customer_00618@example.com,returning,2025-06-03,ORD-00668,"Daily Gut Creamy - Creamy Pistachio,Gut Restore Kapseln","1,3",35.01,SAVE10,healthyanna
customer_00645@example.com,returning,2026-02-19,ORD-00669,Vegan Protein Pulver - Vanilla Cinnamon,1,73.06,,
customer_00750@example.com,new,2026-02-26,ORD-00670,"Daily Glow Pulver - Raspberry Lemon,Summer Collagen - Mango Passionfruit","1,1",98.06,,
customer_00251@example.com,returning,2026-01-02,ORD-00671,"Mood Kapseln,Magnesium Drink - Blueberry Lemon","3,1",96.71,,
customer_00369@example.com,returning,2025-04-14,ORD-00672,"Vegan Glow + Clear Protein Pulver - Mango Maracuja,Daily Glow Pulver - Raspberry Lemon","1,2",115.42,,
customer_00528@example.com,new,2024-12-12,ORD-00673,"Summer Collagen - Mango Passionfruit,Daily Gut Pulver - Raspberry Hibiscus","1,3",54.91,BLACKWEEK,healthyanna
customer_00790@example.com,returning,2025-10-08,ORD-00674,Daily Gut Creamy - Creamy Pistachio,1,118.1,SAVE10,veganmia
customer_00676@example.com,returning,2024-01-09,ORD-00675,"Recharge Drink - Lemon,Magnesium Komplex Kapseln","3,3",103.57,,
customer_00540@example.com,returning,2026-04-11,ORD-00676,"Daily Glow Pulver - Raspberry Lemon,Daily Fiber Drink - Lemon","3,3",99.25,,
customer_00414@example.com,returning,2024-08-06,ORD-00677,"Recharge Drink - Tropical Fruits,Daily Gut + Immunity - Ginger Lemon","3,2",33.82,,veganmia
customer_00565@example.com,returning,2024-09-04,ORD-00678,Magnesium Drink - Blueberry Lemon,1,104.06,LAURA15,fit_laura
customer_00311@example.com,returning,2024-02-18,ORD-00679,"Vegan Basics,Daily Collagen Pulver - Vanilla","2,3",96.87,BLACKWEEK,
customer_00127@example.com,returning,2026-04-04,ORD-00680,Daily Gut + Collagen Pulver - Hazelnut,2,95.85,LAURA15,
customer_00595@example.com,returning,2025-11-13,ORD-00681,Immune Protect Drink - Ginger Lemon,2,99.55,,
customer_00732@example.com,returning,2024-12-01,ORD-00682,Daily Glow Pulver - Raspberry Lemon,3,74.06,BLACKWEEK,
customer_00197@example.com,new,2024-03-04,ORD-00683,"Summer Collagen - Mango Passionfruit,Gut Restore Kapseln","1,2",65.36,BLACKWEEK,healthyanna
customer_00133@example.com,returning,2024-09-27,ORD-00684,Gut Restore Kapseln,2,80.51,,
customer_00651@example.com,returning,2024-05-27,ORD-00685,Gut Restore Kapseln,3,73.05,SUMMER20,
customer_00496@example.com,returning,2026-02-03,ORD-00686,"Daily Glow Pulver - Raspberry Lemon,Vegan Basics","3,2",39.9,SAVE10,
customer_00572@example.com,returning,2025-08-08,ORD-00687,Daily Collagen Pulver - Vanilla,1,52.51,,healthyanna
customer_00535@example.com,returning,2025-05-12,ORD-00688,Summer Collagen - Mango Passionfruit,2,27.66,,
customer_00146@example.com,returning,2024-08-08,ORD-00689,Daily Gut + Collagen Pulver - Neutral,1,42.39,,
customer_00757@example.com,returning,2025-05-07,ORD-00690,Daily Collagen Pulver - Vanilla,1,79.44,LAURA15,fit_laura
customer_00579@example.com,returning,2025-05-31,ORD-00691,Magnesium Drink - Lavender,2,85.46,SUMMER20,veganmia
customer_00779@example.com,returning,2026-03-30,ORD-00692,Gut Restore Kapseln,3,84.35,BLACKWEEK,
customer_00638@example.com,new,2026-01-23,ORD-00693,Vegan Glow + Clear Protein Pulver - Mango Maracuja,2,51.35,LAURA15,fit_laura
customer_00090@example.com,returning,2025-09-25,ORD-00694,"Daily Gut Pulver - Lemon,Recharge Drink - Tropical Fruits","3,3",76.47,LAURA15,healthyanna
customer_00775@example.com,returning,2025-11-05,ORD-00695,Daily Gut + Collagen Pulver - Hazelnut,2,113.94,BLACKWEEK,fit_laura
customer_00184@example.com,returning,2024-01-24,ORD-00696,"Hydrate Drink - Lemon,Vegan Protein Pulver - Neutral,Vegan Glow + Clear Protein Pulver - Mango Maracuja","1,3,2",57.3,LAURA15,fit_laura
customer_00184@example.com,returning,2024-04-27,ORD-00697,Vegan Basics,2,118.08,BLACKWEEK,
customer_00554@example.com,new,2024-11-10,ORD-00698,Daily Glow Pulver - Raspberry Lemon,2,115.46,SUMMER20,healthyanna
customer_00694@example.com,new,2025-02-03,ORD-00699,Magnesium Drink - Blueberry Lemon,1,34.38,LAURA15,fit_laura
customer_00145@example.com,returning,2024-07-26,ORD-00700,Magnesium Drink - Lavender,2,47.76,SAVE10,healthyanna
customer_00611@example.com,returning,2024-11-21,ORD-00701,Mood Kapseln,1,69.16,SAVE10,
customer_00416@example.com,returning,2024-10-02,ORD-00702,Daily Gut Pulver - Mango Maracuja,3,77.64,SAVE10,
customer_00600@example.com,new,2026-03-12,ORD-00703,"Vegan Glow + Clear Protein Pulver - Mango Maracuja,Immune Protect Drink - Ginger Lemon","2,2",116.95,LAURA15,healthyanna
customer_00382@example.com,returning,2024-02-12,ORD-00704,Premium Greens - Apple Kiwi,3,25.1,,
customer_00475@example.com,returning,2025-10-09,ORD-00705,"Recharge Drink - Tropical Fruits,Premium Greens - Mango Maracuja,Daily Gut Pulver - Mango Maracuja","2,3,3",45.21,,
customer_00522@example.com,returning,2025-12-16,ORD-00706,Premium Greens - Apple Kiwi,2,36.68,,healthyanna
customer_00143@example.com,returning,2026-02-09,ORD-00707,"Hydrate Drink - Lemon,Magnesium Komplex Kapseln","3,3",92.24,,
customer_00279@example.com,returning,2024-01-17,ORD-00708,Magnesium Drink - Lavender,1,111.83,,
customer_00136@example.com,returning,2025-07-05,ORD-00709,"Daily Gut Pulver - Raspberry Hibiscus,Mood Kapseln","1,2",32.71,,
customer_00664@example.com,new,2025-01-31,ORD-00710,"Immune Protect Drink - Ginger Lemon,Daily Gut Pulver - Raspberry Hibiscus","3,2",41.83,,
customer_00786@example.com,returning,2026-01-30,ORD-00711,"Daily Gut Pulver - Mango Maracuja,Daily Collagen Pulver - Neutral","2,2",26.88,LAURA15,fit_laura
customer_00287@example.com,new,2025-05-20,ORD-00712,"Summer Collagen - Mango Passionfruit,Vegan Protein Pulver - Vanilla Cinnamon","3,3",116.89,LAURA15,
customer_00037@example.com,new,2024-10-11,ORD-00713,Vegan Protein Pulver - Cookie Dough,1,79.06,BLACKWEEK,
customer_00505@example.com,returning,2025-08-25,ORD-00714,Vegan Protein Pulver - Neutral,3,37.18,BLACKWEEK,veganmia
customer_00066@example.com,returning,2025-11-25,ORD-00715,Daily Gut + Collagen Pulver - Hazelnut,3,27.2,LAURA15,
customer_00709@example.com,returning,2025-03-18,ORD-00716,"Hydrate Drink - Lemon,Immune Protect Drink - Ginger Lemon","1,3",105.21,LAURA15,fit_laura
customer_00416@example.com,returning,2026-01-08,ORD-00717,Vegan Basics,2,46.33,SAVE10,
customer_00284@example.com,returning,2025-12-07,ORD-00718,"Immune Protect Drink - Ginger Lemon,Gut Restore Kapseln,Magnesium Drink - Blueberry Lemon","2,2,3",65.26,LAURA15,fit_laura
customer_00076@example.com,returning,2024-09-13,ORD-00719,"Vegan Protein Pulver - Vanilla Cinnamon,Premium Greens - Apple Kiwi,Magnesium Drink - Lavender","1,1,2",48.48,LAURA15,fit_laura
customer_00484@example.com,returning,2026-03-05,ORD-00720,Magnesium Drink - Blueberry Lemon,2,82.0,BLACKWEEK,
customer_00449@example.com,returning,2026-03-12,ORD-00721,"Gut Restore Kapseln,Daily Collagen Pulver - Neutral","1,2",37.12,BLACKWEEK,
customer_00452@example.com,returning,2024-10-28,ORD-00722,Magnesium Komplex Kapseln,1,105.74,SAVE10,fit_laura
customer_00411@example.com,returning,2025-01-28,ORD-00723,Magnesium Komplex Kapseln,3,69.1,LAURA15,fit_laura
customer_00438@example.com,returning,2024-04-15,ORD-00724,"Daily Collagen Pulver - Neutral,Magnesium Drink - Lavender","2,3",26.17,BLACKWEEK,
customer_00730@example.com,returning,2025-03-07,ORD-00725,Vegan Protein Pulver - Neutral,1,70.73,,
customer_00635@example.com,returning,2024-11-15,ORD-00726,Vegan Glow + Clear Protein Pulver - Mango Maracuja,1,80.53,SUMMER20,fit_laura
customer_00525@example.com,returning,2025-06-14,ORD-00727,"Summer Collagen - Mango Passionfruit,Recharge Drink - Lemon,Daily Glow Pulver - Raspberry Lemon","2,3,2",80.71,SAVE10,
customer_00694@example.com,new,2024-07-24,ORD-00728,Vegan Glow + Clear Protein Pulver - Mango Maracuja,2,85.85,LAURA15,
customer_00206@example.com,returning,2025-09-22,ORD-00729,"Magnesium Drink - Lavender,Vegan Protein Pulver - Coffee","3,3",53.47,,
customer_00336@example.com,returning,2025-10-16,ORD-00730,Gut Restore Kapseln,2,46.19,SAVE10,
customer_00235@example.com,new,2024-07-29,ORD-00731,Vegan Protein Pulver - Choco,2,63.03,,
customer_00006@example.com,new,2024-10-24,ORD-00732,Daily Gut + Immunity - Ginger Lemon,1,66.84,SUMMER20,healthyanna
customer_00646@example.com,returning,2024-10-17,ORD-00733,Summer Collagen - Mango Passionfruit,1,41.54,LAURA15,
customer_00268@example.com,returning,2024-04-13,ORD-00734,"Magnesium Drink - Blueberry Lemon,Immune Protect Drink - Ginger Lemon","1,1",26.99,,veganmia
customer_00693@example.com,returning,2024-09-02,ORD-00735,Daily Collagen Pulver - Vanilla,1,60.12,,
customer_00381@example.com,returning,2025-06-29,ORD-00736,"Vegan Basics,Magnesium Komplex Kapseln","1,1",60.93,LAURA15,
customer_00383@example.com,returning,2026-03-19,ORD-00737,Magnesium Komplex Kapseln,1,39.11,,
customer_00253@example.com,returning,2026-01-14,ORD-00738,Hydrate Drink - Lemon,3,32.73,LAURA15,
customer_00481@example.com,returning,2024-11-25,ORD-00739,"Daily Gut + Immunity - Ginger Lemon,Premium Greens - Mango Maracuja","3,2",92.69,SUMMER20,
customer_00538@example.com,new,2024-08-12,ORD-00740,"Mood Kapseln,Daily Gut + Collagen Pulver - Neutral","3,3",110.01,LAURA15,fit_laura
customer_00462@example.com,returning,2024-09-17,ORD-00741,"Daily Fiber Drink - Lemon,Vegan Protein Pulver - Coffee","2,3",77.3,,veganmia
customer_00137@example.com,returning,2025-04-06,ORD-00742,"Recharge Drink - Lemon,Gut Restore Kapseln","1,2",69.42,,
customer_00418@example.com,returning,2024-07-02,ORD-00743,Mood Kapseln,2,66.96,SAVE10,
customer_00271@example.com,returning,2024-05-01,ORD-00744,"Summer Collagen - Mango Passionfruit,Daily Gut + Immunity - Ginger Lemon","3,2",31.78,BLACKWEEK,
customer_00039@example.com,new,2024-11-05,ORD-00745,Magnesium Drink - Blueberry Lemon,3,95.8,,
customer_00786@example.com,returning,2024-10-15,ORD-00746,"Hydrate Drink - Lemon,Vegan Protein Pulver - Neutral","3,2",103.12,LAURA15,fit_laura
customer_00413@example.com,new,2026-01-09,ORD-00747,"Daily Gut + Collagen Pulver - Hazelnut,Daily Gut Pulver - Raspberry Hibiscus,Mood Kapseln","2,1,2",102.37,,
customer_00348@example.com,returning,2025-07-25,ORD-00748,"Magnesium Drink - Lavender,Vegan Protein Pulver - Coffee","3,1",27.86,,
customer_00142@example.com,returning,2026-04-09,ORD-00749,Daily Glow Pulver - Raspberry Lemon,3,87.59,LAURA15,fit_laura
customer_00363@example.com,returning,2024-11-29,ORD-00750,Magnesium Komplex Kapseln,3,80.76,,
customer_00581@example.com,returning,2024-03-06,ORD-00751,"Daily Glow Pulver - Raspberry Lemon,Daily Gut + Collagen Pulver - Neutral","3,2",75.78,,
customer_00192@example.com,returning,2024-06-24,ORD-00752,Magnesium Drink - Lavender,3,34.91,BLACKWEEK,
customer_00566@example.com,returning,2025-01-30,ORD-00753,Mood Kapseln,1,51.96,BLACKWEEK,
customer_00238@example.com,new,2025-06-14,ORD-00754,Vegan Basics,2,26.05,LAURA15,fit_laura
customer_00334@example.com,returning,2026-01-30,ORD-00755,"Magnesium Komplex Kapseln,Daily Fiber Drink - Lemon","1,3",31.53,,
customer_00211@example.com,returning,2025-09-10,ORD-00756,Vegan Protein Pulver - Vanilla Cinnamon,2,79.63,SUMMER20,
customer_00317@example.com,returning,2024-05-26,ORD-00757,Vegan Basics,2,67.34,SAVE10,
customer_00408@example.com,returning,2026-01-24,ORD-00758,"Vegan Glow + Clear Protein Pulver - Mango Maracuja,Vegan Basics","3,2",33.65,SAVE10,
customer_00661@example.com,returning,2025-09-24,ORD-00759,"Gut Restore Kapseln,Summer Collagen - Mango Passionfruit","2,2",94.66,SUMMER20,
customer_00468@example.com,returning,2024-06-10,ORD-00760,Premium Greens - Apple Kiwi,2,51.01,LAURA15,fit_laura
customer_00643@example.com,new,2025-01-12,ORD-00761,Daily Gut + Immunity - Ginger Lemon,2,32.27,BLACKWEEK,
customer_00107@example.com,new,2024-07-31,ORD-00762,Magnesium Drink - Lavender,2,73.08,,veganmia
customer_00473@example.com,returning,2025-02-10,ORD-00763,Gut Restore Kapseln,2,28.59,LAURA15,
customer_00256@example.com,returning,2025-04-17,ORD-00764,Daily Glow Pulver - Raspberry Lemon,3,31.48,,
customer_00561@example.com,returning,2024-06-30,ORD-00765,"Gut Restore Kapseln,Daily Glow Pulver - Raspberry Lemon","2,1",52.94,BLACKWEEK,fit_laura
customer_00547@example.com,new,2024-07-01,ORD-00766,"Premium Greens - Apple Kiwi,Daily Gut + Immunity - Ginger Lemon","3,1",45.58,,
customer_00035@example.com,new,2025-12-07,ORD-00767,"Immune Protect Drink - Ginger Lemon,Vegan Protein Pulver - Cookie Dough","3,3",54.29,,healthyanna
customer_00053@example.com,returning,2024-09-01,ORD-00768,Daily Gut Creamy - Creamy Pistachio,1,44.0,,
customer_00016@example.com,returning,2024-04-08,ORD-00769,Daily Gut Pulver - Mango Maracuja,1,100.71,LAURA15,healthyanna
customer_00680@example.com,returning,2024-11-26,ORD-00770,Premium Greens - Apple Kiwi,2,78.4,,healthyanna
customer_00194@example.com,returning,2024-11-27,ORD-00771,"Immune Protect Drink - Ginger Lemon,Daily Fiber Drink - Lemon","1,1",41.49,,healthyanna
customer_00411@example.com,returning,2024-02-14,ORD-00772,"Daily Gut Pulver - Raspberry Hibiscus,Daily Fiber Drink - Lemon","2,1",31.4,,
customer_00223@example.com,returning,2024-04-07,ORD-00773,Mood Kapseln,3,81.99,,veganmia
customer_00646@example.com,returning,2024-12-09,ORD-00774,"Daily Glow Pulver - Raspberry Lemon,Magnesium Drink - Lavender","3,3",26.68,BLACKWEEK,
customer_00599@example.com,new,2024-01-22,ORD-00775,Vegan Basics,3,83.55,LAURA15,fit_laura
customer_00127@example.com,returning,2024-05-20,ORD-00776,Magnesium Komplex Kapseln,3,60.58,SAVE10,healthyanna
customer_00303@example.com,returning,2026-01-12,ORD-00777,Daily Fiber Drink - Lemon,3,81.82,LAURA15,fit_laura
customer_00454@example.com,new,2026-02-07,ORD-00778,"Magnesium Drink - Lavender,Daily Glow Pulver - Raspberry Lemon","2,3",27.25,,
customer_00750@example.com,new,2026-03-31,ORD-00779,Vegan Glow + Clear Protein Pulver - Mango Maracuja,3,90.3,LAURA15,fit_laura
customer_00736@example.com,returning,2024-03-07,ORD-00780,Daily Fiber Drink - Lemon,1,107.64,SAVE10,
customer_00071@example.com,returning,2025-03-12,ORD-00781,"Daily Gut Creamy - Creamy Matcha,Daily Glow Pulver - Raspberry Lemon,Vegan Protein Pulver - Neutral","1,3,1",93.87,BLACKWEEK,
customer_00318@example.com,returning,2024-11-06,ORD-00782,Vegan Protein Pulver - Choco,2,52.11,LAURA15,veganmia
customer_00459@example.com,returning,2025-06-01,ORD-00783,"Vegan Protein Pulver - Cookie Dough,Hydrate Drink - Lemon,Mood Kapseln","2,2,2",82.89,,
customer_00443@example.com,returning,2024-09-20,ORD-00784,"Mood Kapseln,Daily Gut Pulver - Raspberry Hibiscus","2,2",61.14,SUMMER20,veganmia
customer_00313@example.com,returning,2026-01-02,ORD-00785,Daily Fiber Drink - Lemon,1,69.58,SUMMER20,
customer_00158@example.com,new,2025-01-28,ORD-00786,"Daily Gut Pulver - Lemon,Daily Gut + Collagen Pulver - Neutral,Vegan Basics","3,2,2",71.51,,
customer_00656@example.com,returning,2025-10-12,ORD-00787,"Daily Gut + Immunity - Ginger Lemon,Magnesium Komplex Kapseln,Daily Gut Creamy - Creamy Pistachio","2,1,2",90.41,,
customer_00713@example.com,returning,2025-05-04,ORD-00788,Daily Fiber Drink - Lemon,3,28.28,LAURA15,
customer_00370@example.com,returning,2024-09-10,ORD-00789,"Daily Gut Pulver - Mango Maracuja,Daily Glow Pulver - Raspberry Lemon","3,3",82.2,,veganmia
customer_00678@example.com,new,2025-03-09,ORD-00790,"Daily Gut Pulver - Raspberry Hibiscus,Daily Collagen Pulver - Vanilla","3,2",40.75,LAURA15,healthyanna
customer_00437@example.com,returning,2026-02-09,ORD-00791,Recharge Drink - Lemon,3,108.26,,
customer_00745@example.com,returning,2024-01-07,ORD-00792,"Daily Collagen Pulver - Neutral,Summer Collagen - Mango Passionfruit","2,3",118.77,,
customer_00503@example.com,returning,2026-01-20,ORD-00793,Daily Gut + Immunity - Ginger Lemon,3,65.94,,
customer_00180@example.com,returning,2025-04-06,ORD-00794,Daily Glow Pulver - Raspberry Lemon,2,78.87,BLACKWEEK,veganmia
customer_00217@example.com,returning,2025-03-27,ORD-00795,Daily Gut Creamy - Creamy Matcha,1,84.55,,
customer_00639@example.com,returning,2024-05-07,ORD-00796,Premium Greens - Apple Kiwi,2,51.29,,healthyanna
customer_00350@example.com,new,2024-03-03,ORD-00797,Vegan Glow + Clear Protein Pulver - Mango Maracuja,2,50.28,SAVE10,healthyanna
customer_00007@example.com,new,2025-04-29,ORD-00798,"Daily Gut Creamy - Creamy Matcha,Daily Collagen Pulver - Neutral","3,2",96.91,,
customer_00618@example.com,returning,2025-11-12,ORD-00799,Summer Collagen - Mango Passionfruit,2,62.85,,
customer_00625@example.com,returning,2025-12-16,ORD-00800,Summer Collagen - Mango Passionfruit,1,63.17,LAURA15,fit_laura
customer_00142@example.com,returning,2025-04-07,ORD-00801,Daily Collagen Pulver - Vanilla,3,83.74,,
customer_00674@example.com,new,2026-04-06,ORD-00802,"Vegan Basics,Magnesium Komplex Kapseln","1,1",94.9,SAVE10,
customer_00694@example.com,new,2025-03-14,ORD-00803,Mood Kapseln,3,114.21,,healthyanna
customer_00487@example.com,returning,2024-11-04,ORD-00804,"Daily Collagen Pulver - Neutral,Daily Fiber Drink - Lemon,Recharge Drink - Tropical Fruits","3,3,1",104.07,BLACKWEEK,
customer_00561@example.com,returning,2025-03-21,ORD-00805,"Gut Restore Kapseln,Premium Greens - Apple Kiwi,Daily Gut + Collagen Pulver - Hazelnut","2,1,1",119.37,BLACKWEEK,healthyanna
customer_00029@example.com,new,2025-11-12,ORD-00806,Magnesium Drink - Lavender,2,70.25,,
customer_00686@example.com,returning,2025-08-12,ORD-00807,Daily Glow Pulver - Raspberry Lemon,1,97.8,LAURA15,
customer_00615@example.com,returning,2026-04-07,ORD-00808,Magnesium Drink - Lavender,3,47.17,,
customer_00265@example.com,returning,2026-02-01,ORD-00809,Daily Gut + Immunity - Ginger Lemon,1,114.49,LAURA15,
customer_00586@example.com,returning,2024-03-04,ORD-00810,Magnesium Drink - Lavender,3,81.06,LAURA15,fit_laura
customer_00194@example.com,returning,2025-02-08,ORD-00811,"Magnesium Komplex Kapseln,Magnesium Drink - Blueberry Lemon","3,3",25.87,BLACKWEEK,
customer_00471@example.com,new,2025-09-07,ORD-00812,Recharge Drink - Tropical Fruits,2,51.92,SUMMER20,
customer_00764@example.com,new,2025-05-21,ORD-00813,"Daily Gut Creamy - Creamy Pistachio,Magnesium Drink - Blueberry Lemon","3,2",52.69,LAURA15,
customer_00385@example.com,returning,2025-12-18,ORD-00814,Magnesium Drink - Blueberry Lemon,3,94.89,LAURA15,
customer_00794@example.com,returning,2025-07-15,ORD-00815,Mood Kapseln,2,62.27,SAVE10,veganmia
customer_00432@example.com,returning,2024-04-09,ORD-00816,"Summer Collagen - Mango Passionfruit,Daily Fiber Drink - Lemon","1,2",37.44,,
customer_00770@example.com,returning,2025-12-13,ORD-00817,"Daily Gut Creamy - Creamy Pistachio,Recharge Drink - Tropical Fruits","3,3",70.83,,veganmia
customer_00148@example.com,new,2025-01-20,ORD-00818,Vegan Protein Pulver - Cookie Dough,2,115.29,SUMMER20,healthyanna
customer_00437@example.com,returning,2025-06-11,ORD-00819,"Premium Greens - Apple Kiwi,Daily Gut Creamy - Creamy Pistachio","2,1",86.76,BLACKWEEK,fit_laura
customer_00607@example.com,returning,2024-09-03,ORD-00820,Daily Glow Pulver - Raspberry Lemon,1,62.68,BLACKWEEK,fit_laura
customer_00309@example.com,returning,2024-01-12,ORD-00821,"Premium Greens - Apple Kiwi,Daily Fiber Drink - Lemon","2,2",36.4,,
customer_00084@example.com,returning,2025-12-11,ORD-00822,Vegan Basics,1,95.81,,
customer_00607@example.com,returning,2024-11-29,ORD-00823,Mood Kapseln,2,31.03,BLACKWEEK,veganmia
customer_00550@example.com,returning,2025-06-15,ORD-00824,Daily Gut Pulver - Mango Maracuja,3,104.53,BLACKWEEK,
customer_00551@example.com,returning,2025-07-22,ORD-00825,"Daily Collagen Pulver - Neutral,Vegan Protein Pulver - Neutral","1,3",67.49,SAVE10,veganmia
customer_00321@example.com,returning,2025-07-29,ORD-00826,Daily Glow Pulver - Raspberry Lemon,3,49.39,BLACKWEEK,veganmia
customer_00771@example.com,new,2025-11-04,ORD-00827,Daily Collagen Pulver - Vanilla,2,25.01,,veganmia
customer_00307@example.com,new,2025-08-13,ORD-00828,Vegan Basics,3,71.59,SUMMER20,
customer_00320@example.com,returning,2024-08-30,ORD-00829,Summer Collagen - Mango Passionfruit,3,28.49,SAVE10,healthyanna
customer_00145@example.com,returning,2024-10-11,ORD-00830,Vegan Protein Pulver - Choco,3,37.21,,
customer_00637@example.com,new,2025-02-13,ORD-00831,Immune Protect Drink - Ginger Lemon,2,68.33,SUMMER20,
customer_00260@example.com,returning,2025-07-31,ORD-00832,"Daily Glow Pulver - Raspberry Lemon,Immune Protect Drink - Ginger Lemon","1,3",87.45,,
customer_00523@example.com,new,2024-10-03,ORD-00833,"Magnesium Komplex Kapseln,Daily Glow Pulver - Raspberry Lemon","2,1",36.84,BLACKWEEK,
customer_00112@example.com,new,2024-05-29,ORD-00834,"Magnesium Komplex Kapseln,Daily Gut + Immunity - Ginger Lemon","3,2",107.54,,
customer_00231@example.com,new,2026-03-12,ORD-00835,Daily Collagen Pulver - Vanilla,1,112.94,BLACKWEEK,
customer_00179@example.com,returning,2025-07-18,ORD-00836,Recharge Drink - Lemon,1,50.75,,
customer_00101@example.com,returning,2025-08-29,ORD-00837,"Premium Greens - Mango Maracuja,Magnesium Drink - Lavender","1,3",37.12,,
customer_00009@example.com,new,2025-11-25,ORD-00838,"Daily Glow Pulver - Raspberry Lemon,Daily Gut + Collagen Pulver - Neutral","2,1",82.83,LAURA15,
customer_00723@example.com,new,2025-03-14,ORD-00839,Gut Restore Kapseln,2,74.46,,
customer_00735@example.com,new,2024-03-19,ORD-00840,"Vegan Glow + Clear Protein Pulver - Mango Maracuja,Recharge Drink - Lemon","2,2",94.35,BLACKWEEK,healthyanna
customer_00095@example.com,returning,2026-04-07,ORD-00841,Daily Gut Creamy - Creamy Matcha,3,108.06,,
customer_00434@example.com,returning,2026-02-02,ORD-00842,"Daily Glow Pulver - Raspberry Lemon,Mood Kapseln","3,2",25.69,LAURA15,fit_laura
customer_00435@example.com,returning,2024-03-17,ORD-00843,"Summer Collagen - Mango Passionfruit,Vegan Glow + Clear Protein Pulver - Mango Maracuja","3,1",59.87,SUMMER20,
customer_00136@example.com,returning,2025-01-17,ORD-00844,Daily Gut Creamy - Creamy Pistachio,2,117.12,SUMMER20,
customer_00346@example.com,returning,2024-08-10,ORD-00845,"Vegan Glow + Clear Protein Pulver - Mango Maracuja,Immune Protect Drink - Ginger Lemon,Daily Collagen Pulver - Vanilla","2,2,1",112.69,LAURA15,fit_laura
customer_00658@example.com,new,2024-12-30,ORD-00846,Daily Gut Creamy - Creamy Pistachio,3,25.56,SAVE10,
customer_00471@example.com,new,2025-02-15,ORD-00847,Summer Collagen - Mango Passionfruit,1,58.68,SUMMER20,
customer_00103@example.com,new,2024-05-06,ORD-00848,Vegan Protein Pulver - Cookie Dough,3,111.75,,veganmia
customer_00007@example.com,new,2024-11-02,ORD-00849,Hydrate Drink - Lemon,2,59.63,,
customer_00186@example.com,new,2024-05-23,ORD-00850,Hydrate Drink - Lemon,2,58.61,SUMMER20,
customer_00444@example.com,returning,2024-05-16,ORD-00851,Vegan Protein Pulver - Cookie Dough,1,62.48,SAVE10,
customer_00761@example.com,returning,2025-11-12,ORD-00852,Daily Gut Creamy - Creamy Matcha,3,118.38,,
customer_00121@example.com,new,2026-02-08,ORD-00853,Immune Protect Drink - Ginger Lemon,3,97.62,,veganmia
customer_00409@example.com,new,2024-05-09,ORD-00854,Daily Fiber Drink - Lemon,1,39.78,SAVE10,healthyanna
customer_00512@example.com,new,2025-09-03,ORD-00855,Vegan Glow + Clear Protein Pulver - Mango Maracuja,3,95.06,,
customer_00444@example.com,returning,2025-09-24,ORD-00856,Recharge Drink - Lemon,1,39.49,LAURA15,
customer_00523@example.com,new,2024-07-22,ORD-00857,Hydrate Drink - Lemon,2,70.02,,
customer_00105@example.com,returning,2025-02-14,ORD-00858,"Vegan Basics,Premium Greens - Apple Kiwi","3,1",28.64,SUMMER20,healthyanna
customer_00196@example.com,returning,2024-12-10,ORD-00859,"Magnesium Komplex Kapseln,Daily Gut Pulver - Mango Maracuja,Vegan Protein Pulver - Neutral","1,2,2",65.48,LAURA15,
customer_00062@example.com,returning,2024-10-14,ORD-00860,Daily Gut Creamy - Creamy Pistachio,1,114.58,,
customer_00728@example.com,returning,2024-02-23,ORD-00861,Magnesium Drink - Blueberry Lemon,1,87.74,SAVE10,fit_laura
customer_00329@example.com,new,2024-07-08,ORD-00862,Mood Kapseln,3,48.96,,healthyanna
customer_00503@example.com,returning,2024-12-05,ORD-00863,Recharge Drink - Tropical Fruits,1,59.25,SUMMER20,fit_laura
customer_00370@example.com,returning,2024-04-18,ORD-00864,"Daily Gut + Collagen Pulver - Neutral,Vegan Basics","1,1",37.4,BLACKWEEK,
customer_00760@example.com,returning,2024-11-04,ORD-00865,"Daily Gut Creamy - Creamy Matcha,Vegan Protein Pulver - Coffee","3,1",93.91,,healthyanna
customer_00779@example.com,returning,2025-07-17,ORD-00866,Daily Glow Pulver - Raspberry Lemon,1,92.6,,
customer_00777@example.com,returning,2025-03-05,ORD-00867,"Immune Protect Drink - Ginger Lemon,Summer Collagen - Mango Passionfruit","2,2",74.76,,healthyanna
customer_00515@example.com,new,2026-01-28,ORD-00868,"Premium Greens - Apple Kiwi,Hydrate Drink - Lemon","2,3",102.38,LAURA15,fit_laura
customer_00506@example.com,returning,2025-09-13,ORD-00869,"Vegan Basics,Daily Gut + Immunity - Ginger Lemon","2,3",50.79,,
customer_00188@example.com,returning,2025-05-30,ORD-00870,Daily Gut + Collagen Pulver - Hazelnut,3,92.24,LAURA15,fit_laura
customer_00537@example.com,new,2024-06-24,ORD-00871,Vegan Glow + Clear Protein Pulver - Mango Maracuja,3,46.27,BLACKWEEK,
customer_00546@example.com,returning,2026-03-20,ORD-00872,Daily Gut Creamy - Creamy Matcha,2,29.89,,veganmia
customer_00254@example.com,new,2026-01-09,ORD-00873,"Vegan Protein Pulver - Cookie Dough,Immune Protect Drink - Ginger Lemon,Daily Collagen Pulver - Vanilla","3,3,2",37.69,,healthyanna
customer_00626@example.com,returning,2024-06-29,ORD-00874,Daily Gut Creamy - Creamy Matcha,2,49.32,,
customer_00016@example.com,returning,2025-10-03,ORD-00875,Daily Gut + Collagen Pulver - Hazelnut,3,85.26,,
customer_00564@example.com,returning,2025-08-18,ORD-00876,Gut Restore Kapseln,2,84.83,LAURA15,
customer_00770@example.com,returning,2024-05-31,ORD-00877,Gut Restore Kapseln,3,110.71,,
customer_00095@example.com,returning,2026-01-16,ORD-00878,Gut Restore Kapseln,1,42.14,,
customer_00288@example.com,returning,2024-05-26,ORD-00879,Premium Greens - Apple Kiwi,2,31.84,BLACKWEEK,
customer_00251@example.com,returning,2025-09-09,ORD-00880,Daily Fiber Drink - Lemon,3,34.47,SAVE10,veganmia
customer_00393@example.com,returning,2026-02-27,ORD-00881,Daily Gut Pulver - Lemon,1,32.94,LAURA15,veganmia
customer_00146@example.com,returning,2026-02-16,ORD-00882,"Daily Gut Pulver - Lemon,Daily Gut + Collagen Pulver - Neutral,Daily Collagen Pulver - Neutral","3,3,1",78.47,,veganmia
customer_00454@example.com,new,2024-01-22,ORD-00883,"Recharge Drink - Lemon,Magnesium Drink - Blueberry Lemon","1,1",103.37,BLACKWEEK,
customer_00105@example.com,returning,2024-01-25,ORD-00884,Daily Collagen Pulver - Vanilla,1,46.53,LAURA15,fit_laura
customer_00394@example.com,returning,2025-05-18,ORD-00885,Recharge Drink - Tropical Fruits,3,41.11,BLACKWEEK,
customer_00112@example.com,new,2025-01-04,ORD-00886,Recharge Drink - Lemon,1,112.72,BLACKWEEK,
customer_00086@example.com,returning,2024-06-02,ORD-00887,"Daily Glow Pulver - Raspberry Lemon,Premium Greens - Mango Maracuja","3,3",109.85,,veganmia
customer_00703@example.com,returning,2025-11-08,ORD-00888,Recharge Drink - Lemon,1,60.07,,
customer_00271@example.com,returning,2025-04-02,ORD-00889,"Daily Gut + Immunity - Ginger Lemon,Daily Gut Pulver - Raspberry Hibiscus","3,2",93.53,,veganmia
customer_00489@example.com,returning,2026-02-24,ORD-00890,"Daily Collagen Pulver - Vanilla,Magnesium Komplex Kapseln","1,2",61.58,SUMMER20,veganmia
customer_00326@example.com,returning,2026-04-01,ORD-00891,Mood Kapseln,3,114.68,SUMMER20,
customer_00251@example.com,returning,2025-01-28,ORD-00892,Immune Protect Drink - Ginger Lemon,3,32.94,LAURA15,
customer_00732@example.com,returning,2025-01-05,ORD-00893,Daily Gut + Collagen Pulver - Hazelnut,3,25.27,LAURA15,healthyanna
customer_00017@example.com,returning,2025-01-04,ORD-00894,Mood Kapseln,1,105.63,LAURA15,fit_laura
customer_00797@example.com,returning,2024-02-27,ORD-00895,"Recharge Drink - Tropical Fruits,Gut Restore Kapseln","3,1",95.96,LAURA15,
customer_00120@example.com,returning,2025-08-31,ORD-00896,"Daily Glow Pulver - Raspberry Lemon,Daily Fiber Drink - Lemon,Daily Gut Pulver - Raspberry Hibiscus","2,3,3",107.7,,healthyanna
customer_00030@example.com,returning,2025-08-05,ORD-00897,Daily Glow Pulver - Raspberry Lemon,1,103.95,SAVE10,healthyanna
customer_00426@example.com,returning,2025-04-26,ORD-00898,Premium Greens - Mango Maracuja,3,64.09,,veganmia
customer_00345@example.com,new,2025-10-19,ORD-00899,Daily Gut Pulver - Mango Maracuja,1,28.05,SAVE10,veganmia
customer_00769@example.com,returning,2025-07-21,ORD-00900,Premium Greens - Apple Kiwi,2,92.58,,
customer_00264@example.com,returning,2025-09-25,ORD-00901,"Vegan Basics,Recharge Drink - Lemon,Vegan Glow + Clear Protein Pulver - Mango Maracuja","1,1,1",30.32,,
customer_00401@example.com,returning,2024-11-16,ORD-00902,Immune Protect Drink - Ginger Lemon,3,87.01,,
customer_00414@example.com,returning,2024-04-16,ORD-00903,"Premium Greens - Mango Maracuja,Daily Gut Creamy - Creamy Pistachio","3,1",32.39,BLACKWEEK,
customer_00617@example.com,new,2024-08-04,ORD-00904,"Magnesium Drink - Blueberry Lemon,Daily Gut Pulver - Raspberry Hibiscus","2,3",81.73,BLACKWEEK,healthyanna
customer_00774@example.com,returning,2024-02-19,ORD-00905,"Vegan Protein Pulver - Cookie Dough,Immune Protect Drink - Ginger Lemon,Daily Gut + Collagen Pulver - Hazelnut","1,1,3",54.89,SAVE10,
customer_00316@example.com,returning,2026-02-08,ORD-00906,Summer Collagen - Mango Passionfruit,2,62.11,,
customer_00364@example.com,returning,2024-06-14,ORD-00907,"Daily Collagen Pulver - Neutral,Magnesium Drink - Blueberry Lemon,Magnesium Komplex Kapseln","3,1,2",39.4,LAURA15,fit_laura
customer_00474@example.com,new,2025-05-28,ORD-00908,Daily Gut + Immunity - Ginger Lemon,1,74.05,SUMMER20,veganmia
customer_00746@example.com,returning,2024-02-10,ORD-00909,"Vegan Basics,Magnesium Drink - Lavender","1,2",109.61,,
customer_00792@example.com,returning,2026-04-04,ORD-00910,"Vegan Glow + Clear Protein Pulver - Mango Maracuja,Vegan Protein Pulver - Neutral","1,3",26.42,BLACKWEEK,
customer_00784@example.com,returning,2024-06-14,ORD-00911,"Immune Protect Drink - Ginger Lemon,Daily Gut + Immunity - Ginger Lemon","1,2",31.48,,veganmia
customer_00590@example.com,returning,2025-04-29,ORD-00912,Daily Gut + Immunity - Ginger Lemon,1,117.96,,
customer_00781@example.com,returning,2025-09-26,ORD-00913,"Daily Glow Pulver - Raspberry Lemon,Daily Collagen Pulver - Vanilla","1,2",112.13,,
customer_00132@example.com,new,2025-06-02,ORD-00914,Vegan Basics,2,67.76,,healthyanna
customer_00698@example.com,returning,2024-04-17,ORD-00915,Daily Gut Creamy - Creamy Matcha,3,52.61,SUMMER20,fit_laura
customer_00162@example.com,returning,2024-12-23,ORD-00916,Daily Gut + Immunity - Ginger Lemon,2,69.26,BLACKWEEK,
customer_00657@example.com,new,2025-02-10,ORD-00917,Gut Restore Kapseln,1,97.98,BLACKWEEK,veganmia
customer_00204@example.com,returning,2025-12-20,ORD-00918,Daily Gut + Immunity - Ginger Lemon,2,95.42,LAURA15,
customer_00117@example.com,returning,2024-11-23,ORD-00919,Daily Gut Creamy - Creamy Matcha,2,78.98,LAURA15,veganmia
customer_00615@example.com,returning,2026-02-15,ORD-00920,"Daily Gut Creamy - Creamy Pistachio,Summer Collagen - Mango Passionfruit","2,1",89.95,SAVE10,
customer_00276@example.com,new,2025-02-18,ORD-00921,Premium Greens - Apple Kiwi,1,32.76,,healthyanna
customer_00729@example.com,returning,2024-02-25,ORD-00922,Magnesium Komplex Kapseln,3,33.78,SUMMER20,
customer_00438@example.com,returning,2025-05-08,ORD-00923,Recharge Drink - Tropical Fruits,1,70.17,,
customer_00705@example.com,new,2025-11-11,ORD-00924,"Magnesium Komplex Kapseln,Summer Collagen - Mango Passionfruit","1,1",118.7,,veganmia
customer_00751@example.com,returning,2026-03-22,ORD-00925,"Magnesium Drink - Blueberry Lemon,Daily Gut Pulver - Raspberry Hibiscus","2,2",117.15,BLACKWEEK,
customer_00416@example.com,returning,2024-02-07,ORD-00926,Daily Gut Pulver - Mango Maracuja,1,45.77,BLACKWEEK,
customer_00192@example.com,returning,2024-12-22,ORD-00927,Immune Protect Drink - Ginger Lemon,3,44.93,LAURA15,
customer_00195@example.com,returning,2025-02-27,ORD-00928,"Daily Gut + Collagen Pulver - Neutral,Daily Gut Pulver - Mango Maracuja,Summer Collagen - Mango Passionfruit","1,2,3",63.99,,
customer_00360@example.com,returning,2024-06-30,ORD-00929,"Magnesium Komplex Kapseln,Vegan Basics","1,2",77.51,,
customer_00166@example.com,returning,2025-12-19,ORD-00930,Daily Fiber Drink - Lemon,3,83.94,,
customer_00101@example.com,returning,2025-05-30,ORD-00931,"Daily Collagen Pulver - Vanilla,Daily Gut + Immunity - Ginger Lemon,Daily Gut Pulver - Lemon","1,3,3",80.22,,healthyanna
customer_00033@example.com,returning,2025-04-25,ORD-00932,"Magnesium Komplex Kapseln,Vegan Protein Pulver - Neutral","2,2",115.3,LAURA15,healthyanna
customer_00359@example.com,returning,2026-03-25,ORD-00933,"Gut Restore Kapseln,Magnesium Komplex Kapseln,Daily Fiber Drink - Lemon","2,3,2",111.39,,
customer_00689@example.com,new,2026-03-20,ORD-00934,Magnesium Komplex Kapseln,1,60.57,SUMMER20,fit_laura
customer_00531@example.com,returning,2025-09-23,ORD-00935,"Magnesium Drink - Blueberry Lemon,Daily Gut + Collagen Pulver - Neutral","3,1",86.22,LAURA15,
customer_00052@example.com,returning,2024-11-21,ORD-00936,"Daily Gut + Collagen Pulver - Hazelnut,Magnesium Komplex Kapseln","3,3",74.14,,veganmia
customer_00447@example.com,returning,2025-07-20,ORD-00937,Daily Glow Pulver - Raspberry Lemon,3,40.11,,
customer_00330@example.com,returning,2024-01-29,ORD-00938,Daily Gut + Immunity - Ginger Lemon,2,83.72,SUMMER20,fit_laura
customer_00556@example.com,returning,2024-07-17,ORD-00939,"Daily Gut + Immunity - Ginger Lemon,Daily Fiber Drink - Lemon,Daily Gut Pulver - Raspberry Hibiscus","2,1,3",75.86,,
customer_00251@example.com,returning,2024-04-23,ORD-00940,"Daily Fiber Drink - Lemon,Hydrate Drink - Lemon","2,1",68.62,BLACKWEEK,fit_laura
customer_00610@example.com,returning,2024-03-20,ORD-00941,Daily Glow Pulver - Raspberry Lemon,2,71.95,BLACKWEEK,veganmia
customer_00370@example.com,returning,2025-12-04,ORD-00942,"Vegan Protein Pulver - Coffee,Daily Fiber Drink - Lemon,Daily Collagen Pulver - Vanilla","1,1,3",64.89,LAURA15,healthyanna
customer_00321@example.com,returning,2024-12-17,ORD-00943,"Gut Restore Kapseln,Premium Greens - Apple Kiwi","2,1",119.41,BLACKWEEK,fit_laura
customer_00495@example.com,new,2024-08-09,ORD-00944,"Immune Protect Drink - Ginger Lemon,Daily Gut Pulver - Raspberry Hibiscus,Premium Greens - Apple Kiwi","1,3,3",107.35,SUMMER20,fit_laura
customer_00117@example.com,returning,2024-10-07,ORD-00945,"Daily Gut Pulver - Raspberry Hibiscus,Magnesium Drink - Blueberry Lemon","1,3",70.75,,veganmia
customer_00094@example.com,new,2025-06-08,ORD-00946,Immune Protect Drink - Ginger Lemon,2,114.9,,
customer_00197@example.com,new,2024-06-18,ORD-00947,Vegan Protein Pulver - Vanilla Cinnamon,2,100.44,,healthyanna
customer_00739@example.com,returning,2025-09-29,ORD-00948,Gut Restore Kapseln,3,35.22,,
customer_00392@example.com,returning,2024-06-20,ORD-00949,Daily Gut + Collagen Pulver - Neutral,2,109.5,,healthyanna
customer_00523@example.com,new,2024-01-31,ORD-00950,Magnesium Komplex Kapseln,3,35.89,,
customer_00330@example.com,returning,2025-11-03,ORD-00951,Premium Greens - Mango Maracuja,1,60.31,LAURA15,healthyanna
customer_00148@example.com,new,2025-04-21,ORD-00952,"Daily Collagen Pulver - Vanilla,Daily Gut Pulver - Raspberry Hibiscus","3,3",78.91,LAURA15,
customer_00329@example.com,new,2025-07-28,ORD-00953,"Immune Protect Drink - Ginger Lemon,Daily Gut + Immunity - Ginger Lemon","2,3",51.41,BLACKWEEK,
customer_00622@example.com,returning,2024-10-08,ORD-00954,"Daily Gut + Immunity - Ginger Lemon,Magnesium Komplex Kapseln,Immune Protect Drink - Ginger Lemon","2,1,2",65.02,SAVE10,
customer_00127@example.com,returning,2024-01-19,ORD-00955,Magnesium Drink - Lavender,1,86.15,LAURA15,fit_laura
customer_00589@example.com,new,2026-04-01,ORD-00956,"Gut Restore Kapseln,Recharge Drink - Tropical Fruits,Daily Glow Pulver - Raspberry Lemon","1,2,1",64.43,BLACKWEEK,
customer_00308@example.com,returning,2025-09-19,ORD-00957,Summer Collagen - Mango Passionfruit,1,29.47,,
customer_00305@example.com,returning,2024-01-11,ORD-00958,"Gut Restore Kapseln,Mood Kapseln","2,1",38.18,SAVE10,
customer_00330@example.com,returning,2025-12-05,ORD-00959,"Magnesium Komplex Kapseln,Vegan Glow + Clear Protein Pulver - Mango Maracuja","1,3",107.46,SAVE10,
customer_00265@example.com,returning,2024-10-03,ORD-00960,"Daily Gut Creamy - Creamy Matcha,Daily Collagen Pulver - Neutral","2,2",91.37,,
customer_00141@example.com,returning,2025-10-14,ORD-00961,Daily Collagen Pulver - Neutral,2,67.44,,veganmia
customer_00125@example.com,new,2024-11-25,ORD-00962,Vegan Glow + Clear Protein Pulver - Mango Maracuja,3,98.4,,
customer_00494@example.com,new,2025-07-25,ORD-00963,Hydrate Drink - Lemon,3,104.38,,healthyanna
customer_00248@example.com,returning,2025-04-24,ORD-00964,"Vegan Protein Pulver - Cookie Dough,Daily Gut + Immunity - Ginger Lemon","2,1",102.76,LAURA15,fit_laura
customer_00192@example.com,returning,2025-12-26,ORD-00965,Magnesium Drink - Blueberry Lemon,3,68.13,,
customer_00157@example.com,new,2024-07-11,ORD-00966,"Daily Collagen Pulver - Neutral,Daily Glow Pulver - Raspberry Lemon","2,2",31.52,,
customer_00433@example.com,returning,2026-02-01,ORD-00967,Recharge Drink - Tropical Fruits,1,35.47,BLACKWEEK,
customer_00016@example.com,returning,2025-07-17,ORD-00968,"Premium Greens - Apple Kiwi,Hydrate Drink - Lemon","2,2",32.99,BLACKWEEK,
customer_00441@example.com,returning,2025-03-27,ORD-00969,Daily Fiber Drink - Lemon,3,50.9,SAVE10,
customer_00100@example.com,returning,2025-02-16,ORD-00970,Daily Fiber Drink - Lemon,1,41.78,LAURA15,
customer_00282@example.com,returning,2024-04-23,ORD-00971,Mood Kapseln,1,45.86,LAURA15,fit_laura
customer_00054@example.com,returning,2025-02-05,ORD-00972,"Daily Gut + Collagen Pulver - Hazelnut,Hydrate Drink - Lemon","1,2",62.32,,
customer_00225@example.com,new,2026-01-21,ORD-00973,"Hydrate Drink - Lemon,Mood Kapseln","1,2",25.3,,
customer_00189@example.com,returning,2024-11-18,ORD-00974,Mood Kapseln,3,89.74,SUMMER20,
customer_00170@example.com,returning,2024-12-08,ORD-00975,Gut Restore Kapseln,1,26.98,,
customer_00270@example.com,new,2025-04-28,ORD-00976,"Premium Greens - Mango Maracuja,Daily Gut Pulver - Lemon","2,1",35.39,LAURA15,
customer_00017@example.com,returning,2026-03-04,ORD-00977,Recharge Drink - Tropical Fruits,3,33.92,SUMMER20,veganmia
customer_00311@example.com,returning,2024-09-16,ORD-00978,"Magnesium Drink - Lavender,Gut Restore Kapseln","3,3",59.61,,
customer_00013@example.com,returning,2025-02-24,ORD-00979,"Recharge Drink - Lemon,Magnesium Drink - Lavender","1,3",106.35,SUMMER20,fit_laura
customer_00675@example.com,returning,2025-01-21,ORD-00980,"Summer Collagen - Mango Passionfruit,Mood Kapseln,Daily Gut Pulver - Raspberry Hibiscus","3,2,3",85.68,LAURA15,healthyanna
customer_00280@example.com,returning,2024-10-09,ORD-00981,"Immune Protect Drink - Ginger Lemon,Gut Restore Kapseln","2,2",54.39,,
customer_00042@example.com,returning,2024-10-22,ORD-00982,Magnesium Drink - Blueberry Lemon,2,35.47,,
customer_00008@example.com,returning,2025-09-30,ORD-00983,Daily Glow Pulver - Raspberry Lemon,3,78.02,,veganmia
customer_00166@example.com,returning,2024-02-11,ORD-00984,Recharge Drink - Tropical Fruits,2,45.65,LAURA15,fit_laura
customer_00607@example.com,returning,2025-11-07,ORD-00985,Mood Kapseln,1,104.24,,
customer_00051@example.com,returning,2025-12-31,ORD-00986,Summer Collagen - Mango Passionfruit,3,50.71,BLACKWEEK,veganmia
customer_00750@example.com,new,2025-04-29,ORD-00987,Daily Gut + Collagen Pulver - Hazelnut,2,113.63,SAVE10,
customer_00254@example.com,new,2025-07-31,ORD-00988,"Daily Fiber Drink - Lemon,Magnesium Komplex Kapseln","1,2",66.4,SUMMER20,
customer_00330@example.com,returning,2024-11-08,ORD-00989,"Daily Glow Pulver - Raspberry Lemon,Vegan Protein Pulver - Coffee","1,3",33.13,,
customer_00580@example.com,returning,2025-04-24,ORD-00990,"Gut Restore Kapseln,Immune Protect Drink - Ginger Lemon,Premium Greens - Mango Maracuja","2,1,3",58.65,,
customer_00477@example.com,returning,2024-03-31,ORD-00991,Magnesium Komplex Kapseln,1,96.81,LAURA15,fit_laura
customer_00629@example.com,returning,2025-04-18,ORD-00992,"Vegan Glow + Clear Protein Pulver - Mango Maracuja,Vegan Basics,Summer Collagen - Mango Passionfruit","3,1,1",101.71,SAVE10,
customer_00530@example.com,returning,2024-12-07,ORD-00993,Daily Gut Creamy - Creamy Matcha,1,81.46,BLACKWEEK,
customer_00297@example.com,returning,2025-06-12,ORD-00994,Magnesium Drink - Blueberry Lemon,1,38.69,LAURA15,fit_laura
customer_00758@example.com,returning,2024-03-09,ORD-00995,"Daily Glow Pulver - Raspberry Lemon,Vegan Glow + Clear Protein Pulver - Mango Maracuja,Daily Gut + Collagen Pulver - Hazelnut","3,3,2",25.0,BLACKWEEK,
customer_00618@example.com,returning,2025-02-04,ORD-00996,"Vegan Basics,Daily Collagen Pulver - Neutral","1,2",30.29,LAURA15,fit_laura
customer_00124@example.com,new,2025-11-04,ORD-00997,Mood Kapseln,1,83.63,,
customer_00442@example.com,returning,2025-06-07,ORD-00998,Daily Gut Pulver - Raspberry Hibiscus,1,95.46,SUMMER20,
customer_00559@example.com,returning,2025-01-11,ORD-00999,Mood Kapseln,2,88.43,,healthyanna
customer_00400@example.com,new,2024-01-29,ORD-01000,Daily Collagen Pulver - Vanilla,2,51.93,SUMMER20,
customer_00123@example.com,returning,2024-02-13,ORD-01001,Daily Gut Pulver - Lemon,2,111.27,LAURA15,fit_laura
customer_00363@example.com,returning,2024-06-27,ORD-01002,"Gut Restore Kapseln,Daily Gut + Collagen Pulver - Neutral,Hydrate Drink - Lemon","1,3,2",87.31,BLACKWEEK,
customer_00360@example.com,returning,2024-03-10,ORD-01003,"Daily Gut + Collagen Pulver - Neutral,Magnesium Drink - Blueberry Lemon","3,2",112.04,,
customer_00660@example.com,returning,2025-12-15,ORD-01004,Mood Kapseln,3,55.79,SUMMER20,
customer_00594@example.com,returning,2024-08-25,ORD-01005,Daily Fiber Drink - Lemon,1,34.17,SUMMER20,fit_laura
customer_00108@example.com,returning,2024-06-27,ORD-01006,Mood Kapseln,1,94.18,BLACKWEEK,
customer_00393@example.com,returning,2025-03-28,ORD-01007,"Magnesium Komplex Kapseln,Daily Gut + Immunity - Ginger Lemon","3,1",97.52,BLACKWEEK,fit_laura
customer_00621@example.com,returning,2024-07-19,ORD-01008,"Daily Gut Pulver - Mango Maracuja,Premium Greens - Mango Maracuja","1,2",48.99,LAURA15,veganmia
customer_00448@example.com,new,2025-10-06,ORD-01009,"Vegan Glow + Clear Protein Pulver - Mango Maracuja,Vegan Protein Pulver - Neutral","2,1",116.18,SAVE10,healthyanna
customer_00098@example.com,new,2024-12-14,ORD-01010,Daily Glow Pulver - Raspberry Lemon,2,42.6,BLACKWEEK,
customer_00747@example.com,returning,2025-03-25,ORD-01011,"Vegan Basics,Mood Kapseln,Vegan Protein Pulver - Vanilla Cinnamon","3,3,2",65.61,BLACKWEEK,veganmia
customer_00385@example.com,returning,2024-08-24,ORD-01012,"Daily Gut + Collagen Pulver - Hazelnut,Daily Gut + Immunity - Ginger Lemon","3,1",29.89,,healthyanna
customer_00553@example.com,returning,2024-03-10,ORD-01013,Vegan Glow + Clear Protein Pulver - Mango Maracuja,2,107.88,,
customer_00161@example.com,new,2025-10-30,ORD-01014,"Daily Gut + Immunity - Ginger Lemon,Immune Protect Drink - Ginger Lemon,Vegan Glow + Clear Protein Pulver - Mango Maracuja","2,3,3",27.85,,
customer_00346@example.com,returning,2025-07-14,ORD-01015,Vegan Protein Pulver - Vanilla Cinnamon,1,102.59,LAURA15,veganmia
customer_00337@example.com,returning,2024-05-12,ORD-01016,"Daily Gut Creamy - Creamy Matcha,Vegan Glow + Clear Protein Pulver - Mango Maracuja,Mood Kapseln","3,2,2",50.7,,healthyanna
customer_00042@example.com,returning,2025-05-04,ORD-01017,Mood Kapseln,3,53.82,,
customer_00233@example.com,returning,2025-07-19,ORD-01018,Daily Gut Creamy - Creamy Matcha,1,70.81,SAVE10,
customer_00396@example.com,returning,2025-09-22,ORD-01019,"Daily Glow Pulver - Raspberry Lemon,Magnesium Komplex Kapseln","3,1",118.34,BLACKWEEK,
customer_00376@example.com,returning,2024-04-04,ORD-01020,Magnesium Drink - Lavender,1,80.92,LAURA15,
customer_00232@example.com,new,2024-03-19,ORD-01021,Immune Protect Drink - Ginger Lemon,1,30.38,SAVE10,
customer_00449@example.com,returning,2024-05-12,ORD-01022,Daily Gut Creamy - Creamy Pistachio,2,82.58,,
customer_00490@example.com,returning,2025-03-30,ORD-01023,"Daily Gut + Immunity - Ginger Lemon,Daily Gut + Collagen Pulver - Hazelnut","3,2",92.75,LAURA15,
customer_00375@example.com,returning,2025-12-23,ORD-01024,"Recharge Drink - Lemon,Vegan Glow + Clear Protein Pulver - Mango Maracuja","2,1",115.3,,
customer_00497@example.com,returning,2026-01-29,ORD-01025,Vegan Protein Pulver - Choco,3,77.53,,
customer_00125@example.com,new,2024-04-26,ORD-01026,Daily Glow Pulver - Raspberry Lemon,1,27.02,,
customer_00034@example.com,returning,2024-10-12,ORD-01027,Daily Gut + Collagen Pulver - Neutral,2,106.18,SAVE10,healthyanna
customer_00393@example.com,returning,2024-07-29,ORD-01028,Daily Fiber Drink - Lemon,2,61.04,LAURA15,fit_laura
customer_00675@example.com,returning,2025-09-15,ORD-01029,Daily Gut Creamy - Creamy Pistachio,1,96.68,SAVE10,
customer_00344@example.com,returning,2025-07-20,ORD-01030,"Hydrate Drink - Lemon,Vegan Protein Pulver - Neutral,Daily Gut Pulver - Mango Maracuja","3,2,3",61.87,BLACKWEEK,fit_laura
customer_00738@example.com,returning,2024-01-16,ORD-01031,"Recharge Drink - Lemon,Immune Protect Drink - Ginger Lemon,Gut Restore Kapseln","3,1,2",51.67,SUMMER20,
customer_00698@example.com,returning,2026-03-12,ORD-01032,"Daily Gut + Immunity - Ginger Lemon,Vegan Glow + Clear Protein Pulver - Mango Maracuja,Recharge Drink - Lemon","3,1,2",87.04,,
customer_00790@example.com,returning,2025-03-26,ORD-01033,"Daily Collagen Pulver - Vanilla,Recharge Drink - Tropical Fruits","2,2",25.84,SAVE10,
customer_00037@example.com,new,2025-03-27,ORD-01034,"Mood Kapseln,Immune Protect Drink - Ginger Lemon,Vegan Protein Pulver - Neutral","1,2,3",42.08,BLACKWEEK,
customer_00784@example.com,returning,2024-04-27,ORD-01035,"Hydrate Drink - Lemon,Mood Kapseln","1,1",87.19,LAURA15,fit_laura
customer_00188@example.com,returning,2024-01-17,ORD-01036,"Gut Restore Kapseln,Magnesium Drink - Blueberry Lemon","3,1",89.45,,
customer_00361@example.com,new,2025-06-03,ORD-01037,Daily Gut Creamy - Creamy Matcha,2,67.16,BLACKWEEK,healthyanna
customer_00523@example.com,new,2024-03-14,ORD-01038,Vegan Protein Pulver - Vanilla Cinnamon,3,85.98,,
customer_00289@example.com,returning,2025-04-26,ORD-01039,Magnesium Drink - Lavender,2,114.54,,
customer_00301@example.com,returning,2025-09-15,ORD-01040,"Premium Greens - Apple Kiwi,Summer Collagen - Mango Passionfruit","2,3",45.09,BLACKWEEK,fit_laura
customer_00320@example.com,returning,2025-11-03,ORD-01041,Vegan Basics,1,93.99,SAVE10,
customer_00390@example.com,returning,2025-09-13,ORD-01042,"Daily Gut + Immunity - Ginger Lemon,Daily Gut + Collagen Pulver - Neutral","3,3",69.87,SAVE10,healthyanna
customer_00537@example.com,new,2024-12-02,ORD-01043,Magnesium Drink - Lavender,1,48.09,LAURA15,
customer_00786@example.com,returning,2025-07-27,ORD-01044,"Vegan Glow + Clear Protein Pulver - Mango Maracuja,Gut Restore Kapseln,Magnesium Drink - Lavender","3,2,2",73.04,,healthyanna
customer_00370@example.com,returning,2025-11-21,ORD-01045,"Vegan Glow + Clear Protein Pulver - Mango Maracuja,Gut Restore Kapseln","1,3",80.55,,
customer_00141@example.com,returning,2025-08-12,ORD-01046,"Recharge Drink - Lemon,Magnesium Drink - Blueberry Lemon","1,2",71.95,SUMMER20,
customer_00791@example.com,returning,2025-03-04,ORD-01047,Premium Greens - Mango Maracuja,1,50.02,BLACKWEEK,veganmia
customer_00567@example.com,returning,2024-05-15,ORD-01048,"Mood Kapseln,Daily Collagen Pulver - Vanilla","1,1",73.92,BLACKWEEK,veganmia
customer_00542@example.com,returning,2025-08-28,ORD-01049,"Magnesium Komplex Kapseln,Summer Collagen - Mango Passionfruit,Daily Glow Pulver - Raspberry Lemon","3,3,1",82.83,,
customer_00110@example.com,returning,2026-01-21,ORD-01050,"Daily Gut Creamy - Creamy Pistachio,Daily Gut + Immunity - Ginger Lemon,Summer Collagen - Mango Passionfruit","2,3,2",42.43,SUMMER20,
customer_00784@example.com,returning,2025-11-21,ORD-01051,Vegan Basics,1,86.69,LAURA15,fit_laura
customer_00388@example.com,new,2025-05-20,ORD-01052,Premium Greens - Mango Maracuja,1,57.41,,
customer_00577@example.com,returning,2024-11-22,ORD-01053,Vegan Basics,2,96.94,,
customer_00146@example.com,returning,2024-04-11,ORD-01054,Vegan Protein Pulver - Coffee,3,58.0,,
customer_00169@example.com,returning,2024-10-22,ORD-01055,Hydrate Drink - Lemon,2,114.22,SUMMER20,
customer_00265@example.com,returning,2024-01-07,ORD-01056,"Daily Collagen Pulver - Neutral,Vegan Glow + Clear Protein Pulver - Mango Maracuja,Hydrate Drink - Lemon","1,3,1",71.39,LAURA15,fit_laura
customer_00026@example.com,returning,2025-04-09,ORD-01057,Recharge Drink - Lemon,3,53.02,SUMMER20,
customer_00112@example.com,new,2026-01-19,ORD-01058,"Daily Collagen Pulver - Vanilla,Gut Restore Kapseln","2,1",88.53,,veganmia
customer_00362@example.com,returning,2025-12-24,ORD-01059,"Vegan Glow + Clear Protein Pulver - Mango Maracuja,Daily Gut + Immunity - Ginger Lemon","1,2",90.35,BLACKWEEK,
customer_00039@example.com,new,2024-09-08,ORD-01060,Vegan Basics,1,38.0,SAVE10,fit_laura
customer_00385@example.com,returning,2024-10-16,ORD-01061,"Vegan Glow + Clear Protein Pulver - Mango Maracuja,Vegan Protein Pulver - Choco","2,2",37.52,,veganmia
customer_00650@example.com,new,2024-02-09,ORD-01062,"Vegan Basics,Vegan Protein Pulver - Cookie Dough","2,2",64.73,SUMMER20,
customer_00269@example.com,returning,2025-11-15,ORD-01063,"Daily Gut + Collagen Pulver - Neutral,Vegan Glow + Clear Protein Pulver - Mango Maracuja","2,2",71.08,,
customer_00645@example.com,returning,2024-04-25,ORD-01064,Summer Collagen - Mango Passionfruit,2,116.48,LAURA15,healthyanna
customer_00773@example.com,returning,2024-11-22,ORD-01065,"Magnesium Komplex Kapseln,Gut Restore Kapseln","1,1",87.76,,veganmia
customer_00355@example.com,new,2024-10-24,ORD-01066,"Daily Glow Pulver - Raspberry Lemon,Mood Kapseln","3,3",50.45,SAVE10,
customer_00220@example.com,returning,2025-03-11,ORD-01067,"Magnesium Komplex Kapseln,Daily Gut Creamy - Creamy Pistachio","2,2",62.87,,
customer_00055@example.com,returning,2025-04-03,ORD-01068,Vegan Glow + Clear Protein Pulver - Mango Maracuja,3,63.93,LAURA15,fit_laura
customer_00586@example.com,returning,2026-01-09,ORD-01069,"Immune Protect Drink - Ginger Lemon,Vegan Protein Pulver - Neutral","3,2",27.01,SAVE10,veganmia
customer_00388@example.com,new,2025-06-15,ORD-01070,Magnesium Drink - Lavender,3,44.99,SAVE10,healthyanna
customer_00548@example.com,new,2026-03-31,ORD-01071,Premium Greens - Mango Maracuja,3,40.33,,
customer_00382@example.com,returning,2024-02-06,ORD-01072,Vegan Protein Pulver - Neutral,3,105.32,SAVE10,
customer_00773@example.com,returning,2024-02-04,ORD-01073,"Daily Collagen Pulver - Vanilla,Vegan Basics,Daily Fiber Drink - Lemon","1,2,1",50.88,LAURA15,
customer_00126@example.com,returning,2025-05-31,ORD-01074,"Daily Fiber Drink - Lemon,Daily Gut + Collagen Pulver - Neutral","3,1",93.6,BLACKWEEK,healthyanna
customer_00780@example.com,new,2025-09-12,ORD-01075,"Daily Gut Pulver - Lemon,Daily Gut + Collagen Pulver - Hazelnut","3,1",106.63,LAURA15,
customer_00331@example.com,new,2024-04-12,ORD-01076,Daily Gut Pulver - Mango Maracuja,2,50.11,LAURA15,
customer_00671@example.com,returning,2025-02-20,ORD-01077,Daily Fiber Drink - Lemon,2,78.29,LAURA15,healthyanna
customer_00494@example.com,new,2026-01-15,ORD-01078,Immune Protect Drink - Ginger Lemon,2,62.4,LAURA15,fit_laura
customer_00381@example.com,returning,2025-01-13,ORD-01079,"Daily Collagen Pulver - Neutral,Gut Restore Kapseln","3,2",70.3,,
customer_00111@example.com,returning,2024-03-26,ORD-01080,"Magnesium Drink - Blueberry Lemon,Daily Glow Pulver - Raspberry Lemon","1,1",38.43,LAURA15,
customer_00631@example.com,returning,2024-06-03,ORD-01081,"Vegan Basics,Vegan Glow + Clear Protein Pulver - Mango Maracuja","2,2",28.47,,
customer_00705@example.com,new,2025-07-12,ORD-01082,Magnesium Komplex Kapseln,2,72.48,,
customer_00667@example.com,returning,2025-03-11,ORD-01083,Gut Restore Kapseln,3,91.43,BLACKWEEK,healthyanna
customer_00384@example.com,returning,2024-07-21,ORD-01084,Daily Gut Pulver - Raspberry Hibiscus,3,66.57,SUMMER20,healthyanna
customer_00116@example.com,returning,2026-02-05,ORD-01085,Magnesium Komplex Kapseln,1,108.05,SUMMER20,
customer_00428@example.com,new,2025-06-19,ORD-01086,Recharge Drink - Tropical Fruits,2,55.63,,
customer_00380@example.com,returning,2025-06-15,ORD-01087,Premium Greens - Apple Kiwi,2,82.43,,
customer_00483@example.com,returning,2024-11-21,ORD-01088,Magnesium Drink - Blueberry Lemon,1,64.55,SAVE10,
customer_00153@example.com,new,2025-12-11,ORD-01089,Daily Gut Pulver - Mango Maracuja,3,33.92,LAURA15,
customer_00469@example.com,returning,2024-12-24,ORD-01090,Daily Gut Creamy - Creamy Pistachio,3,85.45,BLACKWEEK,veganmia
customer_00231@example.com,new,2025-08-21,ORD-01091,Daily Gut Pulver - Raspberry Hibiscus,2,94.29,,
customer_00376@example.com,returning,2024-07-01,ORD-01092,"Daily Fiber Drink - Lemon,Hydrate Drink - Lemon","1,1",49.98,,
customer_00104@example.com,new,2024-08-02,ORD-01093,Vegan Basics,2,40.97,,
customer_00237@example.com,returning,2025-03-11,ORD-01094,"Daily Gut + Immunity - Ginger Lemon,Daily Glow Pulver - Raspberry Lemon,Immune Protect Drink - Ginger Lemon","2,2,1",88.16,,veganmia
customer_00334@example.com,returning,2026-03-03,ORD-01095,Daily Collagen Pulver - Neutral,3,61.63,,
customer_00485@example.com,new,2024-06-19,ORD-01096,Vegan Basics,3,114.82,LAURA15,healthyanna
customer_00284@example.com,returning,2025-10-29,ORD-01097,"Magnesium Komplex Kapseln,Immune Protect Drink - Ginger Lemon","2,3",58.08,,healthyanna
customer_00025@example.com,returning,2026-02-04,ORD-01098,"Gut Restore Kapseln,Summer Collagen - Mango Passionfruit","1,2",119.57,SUMMER20,
customer_00200@example.com,new,2024-04-06,ORD-01099,Vegan Basics,1,111.55,,
customer_00259@example.com,returning,2025-10-19,ORD-01100,Daily Gut Pulver - Lemon,2,70.48,LAURA15,fit_laura
customer_00044@example.com,new,2026-02-06,ORD-01101,"Hydrate Drink - Lemon,Daily Gut + Collagen Pulver - Neutral,Daily Gut Creamy - Creamy Pistachio","3,3,2",108.12,,veganmia
customer_00768@example.com,returning,2025-12-23,ORD-01102,Daily Collagen Pulver - Neutral,2,94.94,SUMMER20,fit_laura
customer_00134@example.com,new,2024-04-09,ORD-01103,Daily Collagen Pulver - Neutral,2,106.5,LAURA15,fit_laura
customer_00284@example.com,returning,2025-03-02,ORD-01104,"Vegan Protein Pulver - Vanilla Cinnamon,Daily Gut Pulver - Raspberry Hibiscus,Magnesium Drink - Lavender","3,3,3",104.58,LAURA15,fit_laura
customer_00685@example.com,returning,2024-06-25,ORD-01105,Vegan Protein Pulver - Neutral,1,67.12,BLACKWEEK,
customer_00282@example.com,returning,2024-04-30,ORD-01106,"Vegan Basics,Magnesium Komplex Kapseln","3,2",57.44,,
customer_00581@example.com,returning,2024-11-21,ORD-01107,"Daily Gut + Immunity - Ginger Lemon,Gut Restore Kapseln","1,1",81.16,SUMMER20,healthyanna
customer_00020@example.com,new,2025-11-28,ORD-01108,"Daily Gut Pulver - Lemon,Vegan Protein Pulver - Coffee","2,1",86.02,,
customer_00195@example.com,returning,2025-08-01,ORD-01109,"Daily Glow Pulver - Raspberry Lemon,Recharge Drink - Lemon","2,1",54.98,SUMMER20,
customer_00231@example.com,new,2024-04-04,ORD-01110,"Hydrate Drink - Lemon,Vegan Protein Pulver - Vanilla Cinnamon","2,3",71.54,,
customer_00592@example.com,returning,2025-08-22,ORD-01111,Vegan Basics,3,61.64,SAVE10,veganmia
customer_00550@example.com,returning,2024-12-16,ORD-01112,Magnesium Komplex Kapseln,3,91.47,LAURA15,
customer_00515@example.com,new,2024-08-11,ORD-01113,Hydrate Drink - Lemon,3,69.43,,
customer_00032@example.com,returning,2025-12-19,ORD-01114,"Vegan Basics,Premium Greens - Mango Maracuja,Mood Kapseln","2,2,3",34.94,LAURA15,fit_laura
customer_00367@example.com,new,2025-01-01,ORD-01115,"Daily Gut Pulver - Mango Maracuja,Premium Greens - Mango Maracuja","2,2",54.1,SUMMER20,healthyanna
customer_00478@example.com,returning,2026-01-18,ORD-01116,Daily Gut Pulver - Mango Maracuja,3,62.94,,
customer_00249@example.com,returning,2024-02-11,ORD-01117,Summer Collagen - Mango Passionfruit,2,117.22,,
customer_00239@example.com,returning,2024-06-16,ORD-01118,"Vegan Basics,Daily Collagen Pulver - Vanilla","2,3",73.66,SAVE10,
customer_00307@example.com,new,2026-03-22,ORD-01119,"Vegan Basics,Vegan Protein Pulver - Vanilla Cinnamon","1,1",97.75,,healthyanna
customer_00354@example.com,returning,2024-06-25,ORD-01120,Premium Greens - Mango Maracuja,1,53.62,LAURA15,veganmia
customer_00082@example.com,returning,2025-12-02,ORD-01121,Vegan Protein Pulver - Coffee,1,77.76,SUMMER20,
customer_00794@example.com,returning,2025-07-17,ORD-01122,Mood Kapseln,2,90.24,,healthyanna
customer_00715@example.com,returning,2025-01-31,ORD-01123,Mood Kapseln,2,37.21,BLACKWEEK,
customer_00781@example.com,returning,2024-08-15,ORD-01124,"Daily Fiber Drink - Lemon,Magnesium Drink - Lavender,Recharge Drink - Tropical Fruits","3,3,2",109.13,SAVE10,
customer_00182@example.com,new,2025-10-23,ORD-01125,"Summer Collagen - Mango Passionfruit,Daily Gut + Collagen Pulver - Hazelnut","3,3",46.86,BLACKWEEK,
customer_00511@example.com,returning,2025-01-28,ORD-01126,Vegan Protein Pulver - Vanilla Cinnamon,2,87.13,,healthyanna
customer_00435@example.com,returning,2024-09-24,ORD-01127,Recharge Drink - Lemon,3,116.06,SAVE10,
customer_00431@example.com,returning,2025-12-03,ORD-01128,Daily Fiber Drink - Lemon,2,94.6,,healthyanna
customer_00671@example.com,returning,2025-05-12,ORD-01129,"Daily Gut Pulver - Mango Maracuja,Premium Greens - Mango Maracuja","1,3",87.11,SAVE10,
customer_00686@example.com,returning,2025-09-10,ORD-01130,Daily Gut Creamy - Creamy Pistachio,2,101.68,BLACKWEEK,
customer_00461@example.com,new,2026-03-15,ORD-01131,Mood Kapseln,3,41.99,BLACKWEEK,
customer_00434@example.com,returning,2025-12-25,ORD-01132,Daily Fiber Drink - Lemon,1,81.06,LAURA15,fit_laura
customer_00202@example.com,new,2024-02-10,ORD-01133,Gut Restore Kapseln,1,36.55,,
customer_00501@example.com,returning,2025-11-22,ORD-01134,Daily Gut Creamy - Creamy Pistachio,2,53.13,,
customer_00024@example.com,returning,2025-04-02,ORD-01135,Premium Greens - Mango Maracuja,2,55.84,SAVE10,
customer_00651@example.com,returning,2024-09-11,ORD-01136,Daily Collagen Pulver - Vanilla,3,41.65,LAURA15,fit_laura
customer_00547@example.com,new,2025-04-14,ORD-01137,Daily Glow Pulver - Raspberry Lemon,2,90.45,,
customer_00249@example.com,returning,2025-06-08,ORD-01138,"Vegan Basics,Gut Restore Kapseln,Daily Gut Creamy - Creamy Matcha","2,1,3",118.13,,healthyanna
customer_00080@example.com,returning,2026-02-03,ORD-01139,Recharge Drink - Lemon,2,49.4,SUMMER20,fit_laura
customer_00668@example.com,returning,2025-01-18,ORD-01140,"Daily Gut + Immunity - Ginger Lemon,Magnesium Komplex Kapseln","1,2",79.47,SAVE10,
customer_00220@example.com,returning,2025-11-25,ORD-01141,"Magnesium Komplex Kapseln,Hydrate Drink - Lemon","2,3",52.07,SUMMER20,
customer_00005@example.com,returning,2024-09-30,ORD-01142,Daily Gut Pulver - Mango Maracuja,3,68.93,,veganmia
customer_00650@example.com,new,2024-03-06,ORD-01143,Vegan Glow + Clear Protein Pulver - Mango Maracuja,1,83.08,LAURA15,
customer_00745@example.com,returning,2024-12-14,ORD-01144,"Gut Restore Kapseln,Magnesium Komplex Kapseln","3,2",55.37,LAURA15,fit_laura
customer_00455@example.com,returning,2024-09-18,ORD-01145,Mood Kapseln,3,63.28,,veganmia
customer_00676@example.com,returning,2024-10-25,ORD-01146,"Daily Gut + Immunity - Ginger Lemon,Mood Kapseln","1,3",96.33,,
customer_00462@example.com,returning,2025-03-01,ORD-01147,"Daily Gut Pulver - Lemon,Daily Glow Pulver - Raspberry Lemon","3,3",119.6,,
customer_00023@example.com,returning,2025-09-13,ORD-01148,"Recharge Drink - Lemon,Immune Protect Drink - Ginger Lemon","1,3",115.14,,veganmia
customer_00126@example.com,returning,2024-06-11,ORD-01149,Vegan Protein Pulver - Choco,1,97.85,SUMMER20,
customer_00752@example.com,returning,2025-05-29,ORD-01150,"Immune Protect Drink - Ginger Lemon,Magnesium Komplex Kapseln,Summer Collagen - Mango Passionfruit","2,2,3",75.88,,healthyanna
customer_00401@example.com,returning,2024-06-09,ORD-01151,Daily Fiber Drink - Lemon,2,112.77,,
customer_00181@example.com,new,2025-11-30,ORD-01152,Daily Gut Pulver - Lemon,2,111.19,SUMMER20,
customer_00392@example.com,returning,2025-09-25,ORD-01153,Magnesium Komplex Kapseln,2,46.3,SAVE10,
customer_00624@example.com,returning,2025-01-14,ORD-01154,"Daily Gut + Immunity - Ginger Lemon,Magnesium Komplex Kapseln","2,1",27.16,BLACKWEEK,
customer_00615@example.com,returning,2025-04-28,ORD-01155,"Daily Fiber Drink - Lemon,Immune Protect Drink - Ginger Lemon","1,2",114.03,SUMMER20,
customer_00204@example.com,returning,2025-04-15,ORD-01156,Recharge Drink - Tropical Fruits,1,48.28,,
customer_00617@example.com,new,2024-06-12,ORD-01157,Vegan Glow + Clear Protein Pulver - Mango Maracuja,2,48.26,,healthyanna
customer_00739@example.com,returning,2025-03-25,ORD-01158,"Daily Gut Pulver - Lemon,Daily Gut Creamy - Creamy Pistachio,Magnesium Komplex Kapseln","2,1,2",70.68,SAVE10,healthyanna
customer_00743@example.com,returning,2025-03-14,ORD-01159,Daily Fiber Drink - Lemon,2,99.81,,
customer_00106@example.com,returning,2025-02-26,ORD-01160,Hydrate Drink - Lemon,3,87.37,,veganmia
customer_00145@example.com,returning,2024-10-29,ORD-01161,"Mood Kapseln,Vegan Protein Pulver - Cookie Dough,Hydrate Drink - Lemon","2,2,1",90.47,,
customer_00338@example.com,returning,2024-08-14,ORD-01162,"Hydrate Drink - Lemon,Daily Gut + Collagen Pulver - Hazelnut","1,3",108.62,SAVE10,
customer_00577@example.com,returning,2025-05-01,ORD-01163,Recharge Drink - Lemon,3,92.74,,veganmia
customer_00689@example.com,new,2024-09-20,ORD-01164,Daily Glow Pulver - Raspberry Lemon,3,85.49,,
customer_00028@example.com,new,2025-05-03,ORD-01165,"Daily Gut + Collagen Pulver - Hazelnut,Recharge Drink - Tropical Fruits","3,2",83.75,,
customer_00174@example.com,new,2025-05-10,ORD-01166,"Daily Glow Pulver - Raspberry Lemon,Vegan Basics,Magnesium Drink - Blueberry Lemon","2,3,3",110.23,SUMMER20,
customer_00014@example.com,new,2025-09-15,ORD-01167,"Daily Gut + Immunity - Ginger Lemon,Magnesium Drink - Blueberry Lemon","2,1",98.91,,veganmia
customer_00122@example.com,returning,2025-01-07,ORD-01168,"Summer Collagen - Mango Passionfruit,Mood Kapseln","3,3",88.1,LAURA15,
customer_00408@example.com,returning,2024-09-07,ORD-01169,"Magnesium Drink - Blueberry Lemon,Vegan Basics","2,1",49.33,LAURA15,
customer_00757@example.com,returning,2024-02-11,ORD-01170,Vegan Glow + Clear Protein Pulver - Mango Maracuja,3,118.04,SUMMER20,
customer_00272@example.com,new,2025-06-19,ORD-01171,Daily Gut + Immunity - Ginger Lemon,3,53.76,SUMMER20,healthyanna
customer_00212@example.com,returning,2024-11-22,ORD-01172,Daily Gut + Collagen Pulver - Neutral,2,100.05,SAVE10,healthyanna
customer_00074@example.com,new,2024-04-12,ORD-01173,Daily Collagen Pulver - Vanilla,1,76.53,LAURA15,
customer_00220@example.com,returning,2026-01-07,ORD-01174,Recharge Drink - Tropical Fruits,3,109.22,BLACKWEEK,
customer_00796@example.com,new,2025-10-08,ORD-01175,"Daily Gut + Collagen Pulver - Hazelnut,Gut Restore Kapseln","2,3",41.77,,
customer_00519@example.com,new,2024-10-08,ORD-01176,Recharge Drink - Lemon,2,89.4,,
customer_00515@example.com,new,2024-11-22,ORD-01177,Gut Restore Kapseln,1,109.87,SAVE10,
customer_00521@example.com,returning,2024-04-06,ORD-01178,Premium Greens - Apple Kiwi,1,112.9,,
customer_00453@example.com,returning,2024-08-06,ORD-01179,Immune Protect Drink - Ginger Lemon,1,54.18,LAURA15,healthyanna
customer_00312@example.com,returning,2025-08-07,ORD-01180,Vegan Basics,1,88.83,LAURA15,
customer_00331@example.com,new,2025-06-12,ORD-01181,Daily Fiber Drink - Lemon,1,118.21,,veganmia
customer_00669@example.com,returning,2024-11-06,ORD-01182,Magnesium Komplex Kapseln,1,60.23,,
customer_00313@example.com,returning,2025-07-30,ORD-01183,Summer Collagen - Mango Passionfruit,2,62.39,,
customer_00427@example.com,returning,2025-04-12,ORD-01184,Daily Fiber Drink - Lemon,2,97.87,SUMMER20,
customer_00019@example.com,returning,2026-03-20,ORD-01185,"Vegan Protein Pulver - Vanilla Cinnamon,Daily Gut + Collagen Pulver - Neutral","2,1",61.33,,
customer_00571@example.com,new,2024-04-19,ORD-01186,Vegan Protein Pulver - Choco,3,32.07,,
customer_00164@example.com,returning,2024-09-12,ORD-01187,Mood Kapseln,1,51.61,,
customer_00621@example.com,returning,2025-07-04,ORD-01188,Daily Gut Creamy - Creamy Matcha,1,60.1,,
customer_00291@example.com,new,2024-06-03,ORD-01189,Daily Glow Pulver - Raspberry Lemon,2,81.03,SUMMER20,
customer_00587@example.com,returning,2025-07-24,ORD-01190,Daily Gut + Immunity - Ginger Lemon,1,75.45,,
customer_00298@example.com,new,2024-11-24,ORD-01191,"Daily Glow Pulver - Raspberry Lemon,Daily Gut + Immunity - Ginger Lemon","2,3",69.49,SUMMER20,
customer_00471@example.com,new,2024-05-02,ORD-01192,Vegan Protein Pulver - Vanilla Cinnamon,2,86.01,SUMMER20,fit_laura
customer_00437@example.com,returning,2024-01-17,ORD-01193,Mood Kapseln,3,78.74,LAURA15,fit_laura
customer_00032@example.com,returning,2025-07-25,ORD-01194,"Magnesium Drink - Lavender,Immune Protect Drink - Ginger Lemon,Mood Kapseln","3,3,3",99.16,BLACKWEEK,healthyanna
customer_00544@example.com,returning,2026-02-08,ORD-01195,Vegan Basics,3,31.94,LAURA15,
customer_00700@example.com,returning,2024-03-15,ORD-01196,Hydrate Drink - Lemon,2,42.26,,veganmia
customer_00589@example.com,new,2024-01-07,ORD-01197,Vegan Basics,1,84.25,,
customer_00399@example.com,returning,2024-08-16,ORD-01198,Vegan Glow + Clear Protein Pulver - Mango Maracuja,2,80.52,,veganmia
customer_00786@example.com,returning,2024-07-12,ORD-01199,Gut Restore Kapseln,3,98.43,SUMMER20,
customer_00211@example.com,returning,2025-07-07,ORD-01200,Daily Collagen Pulver - Neutral,3,58.11,SUMMER20,fit_laura
customer_00070@example.com,new,2024-11-06,ORD-01201,Magnesium Drink - Blueberry Lemon,3,40.51,LAURA15,
customer_00277@example.com,returning,2024-05-06,ORD-01202,Vegan Protein Pulver - Vanilla Cinnamon,1,104.24,,veganmia
customer_00384@example.com,returning,2025-02-12,ORD-01203,Vegan Protein Pulver - Coffee,1,43.87,,
customer_00789@example.com,returning,2026-02-13,ORD-01204,Daily Collagen Pulver - Neutral,1,44.92,SUMMER20,healthyanna
customer_00500@example.com,new,2024-09-18,ORD-01205,"Summer Collagen - Mango Passionfruit,Magnesium Drink - Blueberry Lemon","1,1",73.33,,
customer_00467@example.com,new,2025-01-04,ORD-01206,Daily Fiber Drink - Lemon,2,114.84,,healthyanna
customer_00066@example.com,returning,2025-04-27,ORD-01207,Recharge Drink - Tropical Fruits,3,26.51,,healthyanna
customer_00281@example.com,returning,2025-06-15,ORD-01208,"Magnesium Drink - Blueberry Lemon,Daily Gut Creamy - Creamy Matcha","1,3",39.8,SUMMER20,fit_laura
customer_00711@example.com,returning,2025-01-15,ORD-01209,Daily Gut Creamy - Creamy Matcha,3,83.67,,
customer_00161@example.com,new,2024-04-22,ORD-01210,Premium Greens - Apple Kiwi,3,99.72,,veganmia
customer_00030@example.com,returning,2025-09-28,ORD-01211,Recharge Drink - Lemon,3,55.5,,
customer_00026@example.com,returning,2024-02-17,ORD-01212,Mood Kapseln,3,76.25,,veganmia
customer_00780@example.com,new,2024-12-23,ORD-01213,Vegan Basics,1,110.23,SAVE10,healthyanna
customer_00094@example.com,new,2025-07-03,ORD-01214,Daily Gut + Immunity - Ginger Lemon,2,66.84,,
customer_00617@example.com,new,2025-09-20,ORD-01215,"Daily Gut Pulver - Mango Maracuja,Recharge Drink - Lemon","2,1",88.5,,
customer_00098@example.com,new,2026-04-04,ORD-01216,Daily Gut + Collagen Pulver - Hazelnut,1,114.52,SUMMER20,
customer_00230@example.com,returning,2024-07-08,ORD-01217,"Daily Collagen Pulver - Vanilla,Daily Fiber Drink - Lemon","3,1",94.35,,
customer_00308@example.com,returning,2025-01-18,ORD-01218,Gut Restore Kapseln,1,87.81,,
customer_00593@example.com,returning,2026-03-24,ORD-01219,"Daily Gut Creamy - Creamy Matcha,Daily Fiber Drink - Lemon","1,1",47.59,SAVE10,veganmia
customer_00406@example.com,returning,2025-10-05,ORD-01220,Daily Gut + Collagen Pulver - Neutral,2,107.6,LAURA15,
customer_00591@example.com,new,2024-04-30,ORD-01221,Vegan Protein Pulver - Coffee,3,95.77,,
customer_00671@example.com,returning,2025-11-15,ORD-01222,"Magnesium Drink - Blueberry Lemon,Daily Gut + Collagen Pulver - Neutral","2,2",106.34,BLACKWEEK,
customer_00781@example.com,returning,2024-04-06,ORD-01223,Daily Gut + Immunity - Ginger Lemon,2,46.58,SUMMER20,fit_laura
customer_00468@example.com,returning,2025-07-20,ORD-01224,"Daily Collagen Pulver - Vanilla,Immune Protect Drink - Ginger Lemon","1,2",118.51,,
customer_00084@example.com,returning,2025-07-30,ORD-01225,"Vegan Basics,Premium Greens - Apple Kiwi,Daily Fiber Drink - Lemon","1,1,3",106.69,SUMMER20,
customer_00537@example.com,new,2025-01-18,ORD-01226,Immune Protect Drink - Ginger Lemon,3,40.08,SUMMER20,
customer_00696@example.com,returning,2024-10-12,ORD-01227,Vegan Glow + Clear Protein Pulver - Mango Maracuja,3,29.65,LAURA15,
customer_00410@example.com,new,2024-05-19,ORD-01228,Vegan Basics,2,93.55,,
customer_00307@example.com,new,2026-02-12,ORD-01229,Hydrate Drink - Lemon,1,63.99,SAVE10,healthyanna
customer_00147@example.com,returning,2025-02-04,ORD-01230,Premium Greens - Apple Kiwi,2,81.18,,veganmia
customer_00254@example.com,new,2025-03-30,ORD-01231,"Daily Gut + Immunity - Ginger Lemon,Vegan Glow + Clear Protein Pulver - Mango Maracuja","1,1",38.53,LAURA15,veganmia
customer_00282@example.com,returning,2025-11-07,ORD-01232,"Daily Gut Pulver - Lemon,Daily Collagen Pulver - Neutral","2,3",66.64,LAURA15,
customer_00127@example.com,returning,2024-02-11,ORD-01233,Gut Restore Kapseln,1,61.24,,
customer_00261@example.com,returning,2026-02-15,ORD-01234,Gut Restore Kapseln,3,52.66,,veganmia
customer_00535@example.com,returning,2025-03-07,ORD-01235,Summer Collagen - Mango Passionfruit,3,30.38,,
customer_00107@example.com,new,2024-03-26,ORD-01236,"Hydrate Drink - Lemon,Daily Gut + Collagen Pulver - Neutral","3,2",26.23,,
customer_00730@example.com,returning,2026-03-10,ORD-01237,"Vegan Glow + Clear Protein Pulver - Mango Maracuja,Mood Kapseln","3,3",103.49,BLACKWEEK,
customer_00499@example.com,returning,2025-09-08,ORD-01238,Daily Gut + Collagen Pulver - Neutral,3,35.24,SAVE10,
customer_00658@example.com,new,2025-08-10,ORD-01239,"Daily Gut + Collagen Pulver - Hazelnut,Daily Collagen Pulver - Vanilla,Immune Protect Drink - Ginger Lemon","2,2,2",107.02,,
customer_00038@example.com,returning,2026-01-16,ORD-01240,"Magnesium Komplex Kapseln,Daily Gut Pulver - Lemon,Vegan Protein Pulver - Cookie Dough","1,2,2",68.38,SAVE10,
customer_00259@example.com,returning,2026-03-13,ORD-01241,Summer Collagen - Mango Passionfruit,1,29.54,,
customer_00469@example.com,returning,2026-03-10,ORD-01242,"Hydrate Drink - Lemon,Premium Greens - Mango Maracuja","3,3",102.47,,
customer_00511@example.com,returning,2024-11-16,ORD-01243,"Magnesium Drink - Blueberry Lemon,Summer Collagen - Mango Passionfruit","2,1",84.07,,healthyanna
customer_00654@example.com,new,2024-12-11,ORD-01244,Daily Fiber Drink - Lemon,2,101.56,,
customer_00370@example.com,returning,2026-02-13,ORD-01245,"Premium Greens - Apple Kiwi,Magnesium Drink - Blueberry Lemon","1,3",78.19,,
customer_00182@example.com,new,2024-09-26,ORD-01246,Daily Gut + Immunity - Ginger Lemon,1,38.85,,healthyanna
customer_00348@example.com,returning,2025-09-20,ORD-01247,Daily Fiber Drink - Lemon,2,79.16,,healthyanna
customer_00084@example.com,returning,2025-11-14,ORD-01248,Vegan Glow + Clear Protein Pulver - Mango Maracuja,1,119.3,SUMMER20,
customer_00026@example.com,returning,2024-05-28,ORD-01249,Vegan Glow + Clear Protein Pulver - Mango Maracuja,1,26.18,LAURA15,
customer_00249@example.com,returning,2025-12-24,ORD-01250,"Mood Kapseln,Gut Restore Kapseln,Magnesium Komplex Kapseln","2,3,3",100.7,,
customer_00372@example.com,returning,2025-12-10,ORD-01251,"Hydrate Drink - Lemon,Magnesium Komplex Kapseln","2,2",37.78,BLACKWEEK,
customer_00719@example.com,returning,2024-04-17,ORD-01252,Immune Protect Drink - Ginger Lemon,1,101.69,,
customer_00618@example.com,returning,2025-04-16,ORD-01253,Summer Collagen - Mango Passionfruit,2,83.79,SAVE10,
customer_00509@example.com,returning,2024-12-21,ORD-01254,Daily Gut + Immunity - Ginger Lemon,1,70.28,SAVE10,
customer_00723@example.com,new,2026-01-15,ORD-01255,Summer Collagen - Mango Passionfruit,3,27.62,,
customer_00612@example.com,returning,2025-07-05,ORD-01256,Daily Glow Pulver - Raspberry Lemon,1,91.23,,
customer_00311@example.com,returning,2025-09-16,ORD-01257,Daily Gut + Collagen Pulver - Neutral,1,30.03,SAVE10,
customer_00772@example.com,new,2026-01-17,ORD-01258,Daily Collagen Pulver - Neutral,3,40.31,,healthyanna
customer_00199@example.com,new,2024-12-05,ORD-01259,Premium Greens - Apple Kiwi,1,33.47,BLACKWEEK,
customer_00413@example.com,new,2024-12-17,ORD-01260,Daily Fiber Drink - Lemon,2,42.38,SUMMER20,
customer_00318@example.com,returning,2024-09-23,ORD-01261,Magnesium Komplex Kapseln,2,63.14,SUMMER20,healthyanna
customer_00232@example.com,new,2024-01-21,ORD-01262,Daily Gut + Immunity - Ginger Lemon,2,108.53,,healthyanna
customer_00062@example.com,returning,2026-03-30,ORD-01263,"Daily Gut Creamy - Creamy Matcha,Summer Collagen - Mango Passionfruit,Daily Collagen Pulver - Vanilla","1,1,2",110.99,SAVE10,
customer_00576@example.com,returning,2025-07-02,ORD-01264,Daily Gut + Immunity - Ginger Lemon,1,45.75,SUMMER20,
customer_00353@example.com,returning,2025-12-24,ORD-01265,Daily Glow Pulver - Raspberry Lemon,3,105.37,,veganmia
customer_00790@example.com,returning,2026-04-06,ORD-01266,Daily Glow Pulver - Raspberry Lemon,1,113.75,BLACKWEEK,fit_laura
customer_00298@example.com,new,2025-09-09,ORD-01267,Premium Greens - Apple Kiwi,1,39.75,LAURA15,
customer_00627@example.com,new,2026-04-17,ORD-01268,"Gut Restore Kapseln,Immune Protect Drink - Ginger Lemon,Daily Fiber Drink - Lemon","1,2,2",71.62,LAURA15,veganmia
customer_00413@example.com,new,2025-11-10,ORD-01269,Daily Gut Creamy - Creamy Pistachio,3,87.21,BLACKWEEK,healthyanna
customer_00539@example.com,returning,2024-11-24,ORD-01270,Immune Protect Drink - Ginger Lemon,3,37.87,,
customer_00781@example.com,returning,2025-05-17,ORD-01271,Magnesium Komplex Kapseln,2,27.26,BLACKWEEK,
customer_00106@example.com,returning,2026-02-28,ORD-01272,Mood Kapseln,2,89.98,,
customer_00056@example.com,returning,2025-10-18,ORD-01273,Daily Gut Creamy - Creamy Matcha,1,54.8,SUMMER20,
customer_00049@example.com,new,2025-07-04,ORD-01274,Daily Gut Creamy - Creamy Pistachio,2,29.98,,
customer_00700@example.com,returning,2024-04-11,ORD-01275,"Vegan Basics,Daily Gut + Collagen Pulver - Neutral","3,3",68.44,LAURA15,fit_laura
customer_00190@example.com,returning,2025-01-25,ORD-01276,"Magnesium Drink - Blueberry Lemon,Daily Gut + Immunity - Ginger Lemon","2,3",44.57,SAVE10,fit_laura
customer_00705@example.com,new,2025-02-03,ORD-01277,Recharge Drink - Tropical Fruits,1,103.52,SUMMER20,
customer_00380@example.com,returning,2025-10-31,ORD-01278,"Daily Fiber Drink - Lemon,Daily Gut Creamy - Creamy Matcha,Daily Glow Pulver - Raspberry Lemon","3,3,2",94.98,LAURA15,
customer_00279@example.com,returning,2024-07-13,ORD-01279,Daily Gut Pulver - Mango Maracuja,2,102.59,,
customer_00499@example.com,returning,2025-12-13,ORD-01280,Daily Gut Pulver - Lemon,3,97.88,SAVE10,
customer_00131@example.com,new,2025-07-03,ORD-01281,"Vegan Glow + Clear Protein Pulver - Mango Maracuja,Daily Gut + Immunity - Ginger Lemon","1,2",56.1,SUMMER20,healthyanna
customer_00757@example.com,returning,2025-08-06,ORD-01282,Daily Fiber Drink - Lemon,3,49.84,,
customer_00779@example.com,returning,2024-05-10,ORD-01283,Vegan Protein Pulver - Cookie Dough,3,74.23,LAURA15,
customer_00036@example.com,returning,2024-07-07,ORD-01284,Daily Collagen Pulver - Neutral,1,32.94,LAURA15,fit_laura
customer_00710@example.com,new,2026-02-25,ORD-01285,"Vegan Glow + Clear Protein Pulver - Mango Maracuja,Magnesium Komplex Kapseln","2,2",44.99,LAURA15,fit_laura
customer_00325@example.com,returning,2024-12-24,ORD-01286,Daily Gut Pulver - Raspberry Hibiscus,2,68.89,SUMMER20,
customer_00659@example.com,returning,2024-07-07,ORD-01287,Daily Fiber Drink - Lemon,2,84.59,LAURA15,healthyanna
customer_00343@example.com,returning,2024-05-26,ORD-01288,"Gut Restore Kapseln,Daily Gut Pulver - Raspberry Hibiscus","1,3",76.98,SUMMER20,
customer_00325@example.com,returning,2026-01-11,ORD-01289,Daily Gut + Immunity - Ginger Lemon,3,113.62,SUMMER20,fit_laura
customer_00379@example.com,returning,2025-07-30,ORD-01290,Daily Collagen Pulver - Neutral,1,30.55,SAVE10,
customer_00396@example.com,returning,2024-10-16,ORD-01291,"Daily Collagen Pulver - Neutral,Vegan Glow + Clear Protein Pulver - Mango Maracuja","3,1",90.13,,
customer_00396@example.com,returning,2025-10-13,ORD-01292,Vegan Glow + Clear Protein Pulver - Mango Maracuja,3,68.22,,
customer_00156@example.com,new,2025-02-01,ORD-01293,Summer Collagen - Mango Passionfruit,1,119.92,SUMMER20,
customer_00164@example.com,returning,2025-04-15,ORD-01294,Daily Gut Pulver - Mango Maracuja,2,63.99,SAVE10,veganmia
customer_00554@example.com,new,2026-01-21,ORD-01295,"Daily Fiber Drink - Lemon,Daily Glow Pulver - Raspberry Lemon","1,2",67.97,,
customer_00397@example.com,returning,2026-01-10,ORD-01296,Magnesium Drink - Lavender,3,75.34,SUMMER20,
customer_00251@example.com,returning,2025-07-15,ORD-01297,Vegan Protein Pulver - Neutral,1,106.93,,
customer_00418@example.com,returning,2024-04-21,ORD-01298,Recharge Drink - Tropical Fruits,2,76.57,,veganmia
customer_00463@example.com,returning,2025-07-18,ORD-01299,Magnesium Komplex Kapseln,1,109.54,,
customer_00675@example.com,returning,2025-12-11,ORD-01300,Vegan Basics,1,44.61,SAVE10,
customer_00581@example.com,returning,2025-04-24,ORD-01301,"Hydrate Drink - Lemon,Daily Glow Pulver - Raspberry Lemon","3,1",48.34,,
customer_00756@example.com,new,2026-03-16,ORD-01302,Mood Kapseln,3,31.21,BLACKWEEK,fit_laura
customer_00021@example.com,returning,2024-07-26,ORD-01303,Daily Gut Creamy - Creamy Pistachio,1,95.64,,
customer_00218@example.com,returning,2025-05-01,ORD-01304,Daily Gut + Immunity - Ginger Lemon,3,57.17,,
customer_00179@example.com,returning,2024-05-01,ORD-01305,Daily Collagen Pulver - Neutral,1,75.57,,veganmia
customer_00633@example.com,returning,2024-04-26,ORD-01306,Immune Protect Drink - Ginger Lemon,3,88.07,LAURA15,
customer_00150@example.com,returning,2025-08-21,ORD-01307,"Daily Collagen Pulver - Vanilla,Daily Gut Creamy - Creamy Pistachio,Daily Glow Pulver - Raspberry Lemon","2,2,1",79.33,,
customer_00458@example.com,returning,2025-10-01,ORD-01308,"Mood Kapseln,Summer Collagen - Mango Passionfruit","1,1",53.51,SUMMER20,veganmia
customer_00403@example.com,new,2025-01-08,ORD-01309,"Daily Collagen Pulver - Vanilla,Vegan Protein Pulver - Cookie Dough,Magnesium Drink - Lavender","3,2,1",105.87,SUMMER20,
customer_00196@example.com,returning,2024-02-23,ORD-01310,Vegan Basics,2,86.69,SUMMER20,
customer_00717@example.com,new,2026-02-06,ORD-01311,Gut Restore Kapseln,2,119.53,LAURA15,fit_laura
customer_00672@example.com,returning,2025-10-01,ORD-01312,Daily Gut + Immunity - Ginger Lemon,3,26.01,SUMMER20,fit_laura
customer_00587@example.com,returning,2024-02-06,ORD-01313,Daily Fiber Drink - Lemon,2,91.05,,
customer_00276@example.com,new,2025-07-19,ORD-01314,"Magnesium Drink - Lavender,Summer Collagen - Mango Passionfruit","2,1",43.33,,
customer_00288@example.com,returning,2024-01-24,ORD-01315,Gut Restore Kapseln,3,102.02,BLACKWEEK,
customer_00780@example.com,new,2025-08-08,ORD-01316,Daily Gut + Immunity - Ginger Lemon,2,101.14,SUMMER20,healthyanna
customer_00797@example.com,returning,2025-09-24,ORD-01317,Daily Gut + Immunity - Ginger Lemon,3,31.69,LAURA15,fit_laura
customer_00596@example.com,returning,2026-02-02,ORD-01318,"Gut Restore Kapseln,Magnesium Drink - Blueberry Lemon","3,1",113.02,LAURA15,veganmia
customer_00190@example.com,returning,2024-02-21,ORD-01319,Daily Gut + Immunity - Ginger Lemon,2,93.11,LAURA15,
customer_00396@example.com,returning,2025-09-11,ORD-01320,Vegan Basics,2,92.1,,
customer_00480@example.com,returning,2024-03-22,ORD-01321,Daily Gut + Collagen Pulver - Hazelnut,2,41.71,SAVE10,veganmia
customer_00202@example.com,new,2024-07-11,ORD-01322,Immune Protect Drink - Ginger Lemon,3,42.77,BLACKWEEK,healthyanna
customer_00329@example.com,new,2024-08-11,ORD-01323,"Vegan Glow + Clear Protein Pulver - Mango Maracuja,Premium Greens - Mango Maracuja","3,3",65.52,,
customer_00353@example.com,returning,2025-05-20,ORD-01324,"Vegan Basics,Daily Gut Pulver - Raspberry Hibiscus","2,1",57.7,BLACKWEEK,fit_laura
customer_00750@example.com,new,2026-02-01,ORD-01325,Magnesium Komplex Kapseln,3,89.08,SAVE10,
customer_00326@example.com,returning,2025-04-06,ORD-01326,Summer Collagen - Mango Passionfruit,3,59.02,,
customer_00491@example.com,returning,2025-08-24,ORD-01327,Recharge Drink - Lemon,2,41.2,LAURA15,
customer_00707@example.com,returning,2025-04-20,ORD-01328,Gut Restore Kapseln,2,67.96,,
customer_00145@example.com,returning,2025-01-09,ORD-01329,"Daily Fiber Drink - Lemon,Magnesium Komplex Kapseln","1,2",26.33,,veganmia
customer_00677@example.com,returning,2024-01-23,ORD-01330,"Daily Glow Pulver - Raspberry Lemon,Premium Greens - Mango Maracuja,Vegan Protein Pulver - Choco","1,2,2",72.25,LAURA15,
customer_00162@example.com,returning,2025-09-13,ORD-01331,Immune Protect Drink - Ginger Lemon,1,93.75,,
customer_00443@example.com,returning,2024-04-18,ORD-01332,Premium Greens - Mango Maracuja,3,31.36,LAURA15,fit_laura
customer_00331@example.com,new,2024-01-14,ORD-01333,"Recharge Drink - Tropical Fruits,Daily Glow Pulver - Raspberry Lemon","3,1",115.9,,
customer_00646@example.com,returning,2025-06-26,ORD-01334,Recharge Drink - Lemon,3,51.78,SUMMER20,healthyanna
customer_00742@example.com,returning,2024-01-19,ORD-01335,Daily Glow Pulver - Raspberry Lemon,3,67.47,BLACKWEEK,
customer_00427@example.com,returning,2025-07-22,ORD-01336,Magnesium Drink - Blueberry Lemon,2,57.37,,
customer_00339@example.com,returning,2024-01-20,ORD-01337,"Daily Glow Pulver - Raspberry Lemon,Magnesium Drink - Blueberry Lemon","3,1",54.78,,
customer_00097@example.com,returning,2025-09-09,ORD-01338,Daily Glow Pulver - Raspberry Lemon,1,110.54,,
customer_00745@example.com,returning,2025-01-07,ORD-01339,Gut Restore Kapseln,1,105.54,SUMMER20,
customer_00060@example.com,returning,2025-07-29,ORD-01340,Vegan Glow + Clear Protein Pulver - Mango Maracuja,2,38.88,,
customer_00279@example.com,returning,2024-09-11,ORD-01341,"Mood Kapseln,Magnesium Drink - Blueberry Lemon,Vegan Protein Pulver - Cookie Dough","3,2,3",100.12,,
customer_00433@example.com,returning,2025-10-29,ORD-01342,"Daily Gut Pulver - Mango Maracuja,Recharge Drink - Tropical Fruits","1,2",86.18,SAVE10,fit_laura
customer_00431@example.com,returning,2025-08-31,ORD-01343,Gut Restore Kapseln,2,67.19,SUMMER20,
customer_00321@example.com,returning,2024-10-18,ORD-01344,Hydrate Drink - Lemon,2,40.48,,
customer_00131@example.com,new,2025-01-12,ORD-01345,Daily Gut Pulver - Raspberry Hibiscus,1,38.47,,
customer_00737@example.com,returning,2024-07-01,ORD-01346,Daily Gut Pulver - Lemon,2,56.03,,
customer_00778@example.com,new,2026-01-10,ORD-01347,Recharge Drink - Lemon,3,93.14,SAVE10,fit_laura
customer_00135@example.com,returning,2025-12-31,ORD-01348,Daily Gut + Immunity - Ginger Lemon,1,47.33,SUMMER20,healthyanna
customer_00772@example.com,new,2026-02-07,ORD-01349,Summer Collagen - Mango Passionfruit,1,31.61,,
customer_00410@example.com,new,2025-07-15,ORD-01350,Vegan Basics,3,103.17,SUMMER20,
customer_00212@example.com,returning,2025-10-22,ORD-01351,Daily Collagen Pulver - Vanilla,1,89.93,SAVE10,
customer_00024@example.com,returning,2026-02-15,ORD-01352,Vegan Glow + Clear Protein Pulver - Mango Maracuja,1,47.1,LAURA15,fit_laura
customer_00156@example.com,new,2025-07-17,ORD-01353,"Daily Glow Pulver - Raspberry Lemon,Vegan Basics,Magnesium Drink - Lavender","2,1,2",31.46,LAURA15,fit_laura
customer_00204@example.com,returning,2024-12-23,ORD-01354,Vegan Protein Pulver - Choco,3,91.67,SAVE10,
customer_00595@example.com,returning,2024-09-29,ORD-01355,"Vegan Basics,Premium Greens - Apple Kiwi","1,3",77.84,LAURA15,fit_laura
customer_00523@example.com,new,2024-11-30,ORD-01356,Vegan Protein Pulver - Neutral,2,110.3,LAURA15,
customer_00402@example.com,returning,2024-07-28,ORD-01357,Recharge Drink - Lemon,1,42.56,,
customer_00042@example.com,returning,2025-08-30,ORD-01358,Daily Collagen Pulver - Neutral,1,102.7,LAURA15,
customer_00369@example.com,returning,2024-01-13,ORD-01359,Vegan Glow + Clear Protein Pulver - Mango Maracuja,1,45.56,LAURA15,fit_laura
customer_00185@example.com,returning,2025-05-18,ORD-01360,"Vegan Protein Pulver - Coffee,Mood Kapseln","3,2",70.62,SUMMER20,
customer_00611@example.com,returning,2024-02-01,ORD-01361,Vegan Glow + Clear Protein Pulver - Mango Maracuja,3,83.83,SAVE10,healthyanna
customer_00011@example.com,new,2025-03-09,ORD-01362,"Daily Gut Pulver - Mango Maracuja,Recharge Drink - Tropical Fruits,Gut Restore Kapseln","3,1,2",95.48,LAURA15,
customer_00381@example.com,returning,2024-11-05,ORD-01363,Magnesium Komplex Kapseln,2,38.47,BLACKWEEK,fit_laura
customer_00467@example.com,new,2025-08-16,ORD-01364,"Vegan Protein Pulver - Coffee,Daily Collagen Pulver - Neutral,Daily Gut Pulver - Raspberry Hibiscus","1,1,3",91.02,,
customer_00279@example.com,returning,2024-03-07,ORD-01365,Daily Gut + Collagen Pulver - Neutral,1,62.77,LAURA15,veganmia
customer_00386@example.com,returning,2024-01-14,ORD-01366,Mood Kapseln,2,79.79,SUMMER20,
customer_00045@example.com,returning,2024-08-28,ORD-01367,"Hydrate Drink - Lemon,Recharge Drink - Lemon","1,1",90.52,LAURA15,
customer_00001@example.com,new,2026-04-20,ORD-01368,"Daily Gut Creamy - Creamy Matcha,Magnesium Komplex Kapseln,Mood Kapseln","3,2,1",69.89,,
customer_00167@example.com,returning,2024-06-27,ORD-01369,Summer Collagen - Mango Passionfruit,2,80.12,,
customer_00381@example.com,returning,2025-01-03,ORD-01370,Summer Collagen - Mango Passionfruit,1,116.33,,
customer_00088@example.com,returning,2024-12-17,ORD-01371,"Daily Glow Pulver - Raspberry Lemon,Magnesium Drink - Lavender","3,2",73.1,SAVE10,veganmia
customer_00640@example.com,returning,2025-12-10,ORD-01372,Magnesium Drink - Blueberry Lemon,3,62.65,LAURA15,veganmia
customer_00429@example.com,returning,2025-07-17,ORD-01373,"Vegan Basics,Immune Protect Drink - Ginger Lemon","3,3",88.14,LAURA15,fit_laura
customer_00168@example.com,returning,2024-08-12,ORD-01374,"Magnesium Drink - Blueberry Lemon,Mood Kapseln","2,3",79.82,,
customer_00767@example.com,returning,2025-12-11,ORD-01375,Daily Collagen Pulver - Neutral,3,110.05,SUMMER20,
customer_00192@example.com,returning,2026-02-12,ORD-01376,"Vegan Basics,Daily Collagen Pulver - Neutral","1,3",63.58,LAURA15,
customer_00214@example.com,returning,2024-10-29,ORD-01377,Daily Collagen Pulver - Neutral,1,36.5,SAVE10,fit_laura
customer_00190@example.com,returning,2024-01-11,ORD-01378,"Daily Gut + Immunity - Ginger Lemon,Daily Gut + Collagen Pulver - Hazelnut","2,2",91.29,,
customer_00307@example.com,new,2025-10-12,ORD-01379,Summer Collagen - Mango Passionfruit,2,83.41,,
customer_00042@example.com,returning,2026-02-09,ORD-01380,"Daily Gut Creamy - Creamy Pistachio,Mood Kapseln","2,2",76.21,,
customer_00100@example.com,returning,2025-01-24,ORD-01381,Daily Gut + Collagen Pulver - Neutral,3,28.67,SAVE10,
customer_00499@example.com,returning,2025-04-10,ORD-01382,"Daily Gut + Immunity - Ginger Lemon,Mood Kapseln","3,1",61.09,BLACKWEEK,
customer_00345@example.com,new,2024-08-09,ORD-01383,Mood Kapseln,2,83.3,,
customer_00097@example.com,returning,2025-05-29,ORD-01384,Daily Glow Pulver - Raspberry Lemon,3,42.22,BLACKWEEK,
customer_00281@example.com,returning,2025-04-07,ORD-01385,"Daily Fiber Drink - Lemon,Immune Protect Drink - Ginger Lemon","2,3",52.87,SUMMER20,
customer_00166@example.com,returning,2024-07-22,ORD-01386,Magnesium Drink - Lavender,1,70.8,BLACKWEEK,veganmia
customer_00255@example.com,new,2024-08-16,ORD-01387,Premium Greens - Mango Maracuja,1,57.31,SUMMER20,
customer_00699@example.com,new,2024-04-13,ORD-01388,Mood Kapseln,3,40.62,BLACKWEEK,
customer_00135@example.com,returning,2025-12-26,ORD-01389,"Daily Gut + Collagen Pulver - Neutral,Daily Gut Pulver - Mango Maracuja","2,3",74.89,SAVE10,
customer_00710@example.com,new,2024-10-12,ORD-01390,Immune Protect Drink - Ginger Lemon,2,66.45,SAVE10,
customer_00718@example.com,new,2025-02-14,ORD-01391,Daily Gut + Immunity - Ginger Lemon,2,73.18,,
customer_00249@example.com,returning,2025-05-04,ORD-01392,"Daily Glow Pulver - Raspberry Lemon,Daily Collagen Pulver - Neutral,Daily Gut Pulver - Raspberry Hibiscus","1,3,2",31.35,,
customer_00672@example.com,returning,2024-07-26,ORD-01393,Magnesium Komplex Kapseln,3,39.0,LAURA15,fit_laura
customer_00136@example.com,returning,2025-08-22,ORD-01394,"Daily Fiber Drink - Lemon,Daily Gut Pulver - Lemon","1,1",75.4,,healthyanna
customer_00310@example.com,new,2025-05-05,ORD-01395,"Daily Glow Pulver - Raspberry Lemon,Magnesium Drink - Blueberry Lemon","2,1",45.34,,
customer_00176@example.com,returning,2026-02-17,ORD-01396,Immune Protect Drink - Ginger Lemon,1,31.46,SUMMER20,veganmia
customer_00525@example.com,returning,2024-02-13,ORD-01397,"Daily Gut + Immunity - Ginger Lemon,Premium Greens - Mango Maracuja,Vegan Glow + Clear Protein Pulver - Mango Maracuja","3,1,2",107.71,LAURA15,fit_laura
customer_00799@example.com,returning,2026-02-05,ORD-01398,Vegan Protein Pulver - Vanilla Cinnamon,2,111.21,LAURA15,
customer_00490@example.com,returning,2025-09-06,ORD-01399,"Vegan Basics,Magnesium Komplex Kapseln","1,2",27.94,,healthyanna
customer_00067@example.com,returning,2024-10-14,ORD-01400,Daily Glow Pulver - Raspberry Lemon,2,69.13,,
customer_00349@example.com,returning,2025-01-30,ORD-01401,Immune Protect Drink - Ginger Lemon,2,96.95,,
customer_00704@example.com,new,2025-12-09,ORD-01402,Immune Protect Drink - Ginger Lemon,2,71.52,BLACKWEEK,
customer_00350@example.com,new,2024-10-22,ORD-01403,Daily Gut + Immunity - Ginger Lemon,3,81.47,,
customer_00233@example.com,returning,2024-11-09,ORD-01404,Magnesium Drink - Blueberry Lemon,3,43.23,,
customer_00343@example.com,returning,2026-02-25,ORD-01405,Magnesium Komplex Kapseln,2,83.24,LAURA15,
customer_00142@example.com,returning,2026-03-28,ORD-01406,"Recharge Drink - Lemon,Vegan Protein Pulver - Neutral","3,3",68.96,LAURA15,
customer_00532@example.com,returning,2025-10-25,ORD-01407,Recharge Drink - Tropical Fruits,1,101.91,SUMMER20,
customer_00383@example.com,returning,2024-05-29,ORD-01408,Mood Kapseln,3,49.2,,
customer_00073@example.com,returning,2026-04-11,ORD-01409,Daily Fiber Drink - Lemon,1,113.74,LAURA15,healthyanna
customer_00506@example.com,returning,2024-09-29,ORD-01410,Immune Protect Drink - Ginger Lemon,3,29.84,LAURA15,
customer_00437@example.com,returning,2024-07-04,ORD-01411,"Mood Kapseln,Daily Collagen Pulver - Vanilla","2,2",36.68,SUMMER20,healthyanna
customer_00778@example.com,new,2026-03-13,ORD-01412,"Daily Gut Creamy - Creamy Matcha,Daily Gut + Collagen Pulver - Hazelnut","2,3",34.11,SUMMER20,
customer_00760@example.com,returning,2024-10-18,ORD-01413,"Vegan Protein Pulver - Neutral,Daily Gut Creamy - Creamy Matcha","1,1",65.83,,
customer_00236@example.com,returning,2024-06-04,ORD-01414,Daily Gut + Collagen Pulver - Neutral,3,27.18,LAURA15,
customer_00598@example.com,returning,2024-06-13,ORD-01415,Vegan Glow + Clear Protein Pulver - Mango Maracuja,2,33.66,SAVE10,
customer_00758@example.com,returning,2025-04-15,ORD-01416,"Hydrate Drink - Lemon,Mood Kapseln","1,2",82.91,LAURA15,
customer_00177@example.com,returning,2024-08-06,ORD-01417,"Hydrate Drink - Lemon,Daily Collagen Pulver - Vanilla,Daily Gut Pulver - Lemon","3,2,3",47.06,,
customer_00083@example.com,returning,2024-01-24,ORD-01418,Gut Restore Kapseln,1,76.42,,
customer_00278@example.com,returning,2024-01-22,ORD-01419,Mood Kapseln,3,72.41,,
customer_00630@example.com,returning,2025-09-07,ORD-01420,Gut Restore Kapseln,2,104.51,BLACKWEEK,veganmia
customer_00699@example.com,new,2025-02-18,ORD-01421,Daily Fiber Drink - Lemon,1,51.04,,
customer_00732@example.com,returning,2025-12-03,ORD-01422,Vegan Glow + Clear Protein Pulver - Mango Maracuja,3,113.85,SAVE10,
customer_00249@example.com,returning,2025-05-17,ORD-01423,"Daily Gut + Immunity - Ginger Lemon,Gut Restore Kapseln","2,2",66.45,SAVE10,
customer_00456@example.com,returning,2024-08-12,ORD-01424,"Daily Gut + Immunity - Ginger Lemon,Magnesium Komplex Kapseln,Hydrate Drink - Lemon","1,2,2",106.1,SUMMER20,veganmia
customer_00660@example.com,returning,2024-02-19,ORD-01425,Vegan Basics,1,97.27,,
customer_00092@example.com,new,2024-06-01,ORD-01426,"Premium Greens - Apple Kiwi,Daily Gut + Immunity - Ginger Lemon","2,3",52.85,,
customer_00446@example.com,returning,2025-06-17,ORD-01427,Premium Greens - Apple Kiwi,2,31.34,SUMMER20,
customer_00094@example.com,new,2024-01-18,ORD-01428,"Daily Gut + Collagen Pulver - Neutral,Premium Greens - Mango Maracuja","3,2",101.73,LAURA15,veganmia
customer_00200@example.com,new,2025-07-20,ORD-01429,"Daily Gut + Immunity - Ginger Lemon,Daily Gut + Collagen Pulver - Hazelnut","2,3",97.28,,healthyanna
customer_00740@example.com,returning,2024-06-24,ORD-01430,Immune Protect Drink - Ginger Lemon,1,97.8,LAURA15,fit_laura
customer_00525@example.com,returning,2024-06-08,ORD-01431,"Vegan Basics,Daily Gut + Collagen Pulver - Hazelnut","2,1",105.42,LAURA15,fit_laura
customer_00247@example.com,returning,2024-06-14,ORD-01432,"Summer Collagen - Mango Passionfruit,Hydrate Drink - Lemon","1,1",85.81,LAURA15,healthyanna
customer_00772@example.com,new,2025-06-25,ORD-01433,Daily Fiber Drink - Lemon,1,100.89,,
customer_00693@example.com,returning,2026-02-08,ORD-01434,"Immune Protect Drink - Ginger Lemon,Daily Gut + Collagen Pulver - Neutral","3,3",48.89,,
customer_00417@example.com,returning,2025-09-06,ORD-01435,Mood Kapseln,1,119.5,BLACKWEEK,
customer_00305@example.com,returning,2024-01-25,ORD-01436,Magnesium Komplex Kapseln,2,54.88,,
customer_00203@example.com,returning,2024-09-07,ORD-01437,"Vegan Protein Pulver - Choco,Magnesium Komplex Kapseln","2,3",38.52,,
customer_00232@example.com,new,2024-02-22,ORD-01438,"Hydrate Drink - Lemon,Mood Kapseln,Daily Fiber Drink - Lemon","3,2,2",48.31,,veganmia
customer_00149@example.com,returning,2024-03-20,ORD-01439,"Daily Collagen Pulver - Vanilla,Recharge Drink - Lemon","1,2",81.83,,
customer_00363@example.com,returning,2024-11-13,ORD-01440,"Immune Protect Drink - Ginger Lemon,Mood Kapseln","2,2",112.59,LAURA15,
customer_00169@example.com,returning,2024-01-26,ORD-01441,Daily Collagen Pulver - Neutral,3,73.4,SAVE10,
customer_00645@example.com,returning,2024-12-21,ORD-01442,Daily Gut Pulver - Mango Maracuja,2,84.07,,
customer_00291@example.com,new,2026-02-20,ORD-01443,Vegan Basics,2,73.83,,
customer_00682@example.com,new,2024-05-27,ORD-01444,"Daily Gut + Collagen Pulver - Hazelnut,Vegan Basics","1,2",38.51,,
customer_00201@example.com,new,2024-02-15,ORD-01445,Daily Fiber Drink - Lemon,2,53.78,SAVE10,
customer_00136@example.com,returning,2025-07-14,ORD-01446,Daily Gut + Collagen Pulver - Hazelnut,2,78.98,,veganmia
customer_00215@example.com,returning,2026-03-16,ORD-01447,Daily Gut + Immunity - Ginger Lemon,1,31.28,,
customer_00479@example.com,returning,2025-10-08,ORD-01448,"Premium Greens - Apple Kiwi,Mood Kapseln,Daily Collagen Pulver - Vanilla","3,2,2",88.17,,
customer_00539@example.com,returning,2026-04-14,ORD-01449,Daily Gut + Collagen Pulver - Neutral,3,27.11,LAURA15,
customer_00494@example.com,new,2025-08-28,ORD-01450,Vegan Basics,2,53.53,SAVE10,
customer_00263@example.com,new,2024-06-05,ORD-01451,Daily Glow Pulver - Raspberry Lemon,1,112.97,,
customer_00714@example.com,returning,2025-08-03,ORD-01452,Summer Collagen - Mango Passionfruit,3,56.47,,
customer_00083@example.com,returning,2025-02-19,ORD-01453,Mood Kapseln,2,102.43,LAURA15,fit_laura
customer_00157@example.com,new,2024-08-29,ORD-01454,Daily Gut Pulver - Mango Maracuja,2,71.22,,healthyanna
customer_00503@example.com,returning,2025-08-30,ORD-01455,"Daily Fiber Drink - Lemon,Vegan Protein Pulver - Vanilla Cinnamon,Daily Gut + Collagen Pulver - Hazelnut","1,1,2",60.8,,veganmia
customer_00084@example.com,returning,2024-04-04,ORD-01456,Daily Gut + Immunity - Ginger Lemon,1,113.77,,
customer_00714@example.com,returning,2025-11-26,ORD-01457,"Daily Gut Creamy - Creamy Pistachio,Daily Gut Pulver - Raspberry Hibiscus","1,1",90.14,,
customer_00716@example.com,returning,2024-12-04,ORD-01458,Daily Gut + Collagen Pulver - Hazelnut,1,34.5,,veganmia
customer_00596@example.com,returning,2025-05-17,ORD-01459,Daily Gut Creamy - Creamy Matcha,1,35.22,,veganmia
customer_00607@example.com,returning,2024-03-07,ORD-01460,Vegan Basics,3,68.92,SUMMER20,
customer_00266@example.com,returning,2024-02-02,ORD-01461,Vegan Basics,2,62.37,,
customer_00346@example.com,returning,2026-04-06,ORD-01462,"Mood Kapseln,Gut Restore Kapseln","3,2",113.4,,
customer_00316@example.com,returning,2025-08-24,ORD-01463,"Vegan Protein Pulver - Coffee,Vegan Glow + Clear Protein Pulver - Mango Maracuja","1,1",108.14,SAVE10,healthyanna
customer_00151@example.com,new,2026-02-27,ORD-01464,Gut Restore Kapseln,1,56.61,,healthyanna
customer_00327@example.com,returning,2025-12-27,ORD-01465,Mood Kapseln,2,44.93,,healthyanna
customer_00484@example.com,returning,2026-04-02,ORD-01466,"Summer Collagen - Mango Passionfruit,Premium Greens - Mango Maracuja","1,1",48.96,SAVE10,fit_laura
customer_00191@example.com,returning,2026-02-08,ORD-01467,"Gut Restore Kapseln,Daily Fiber Drink - Lemon","2,2",78.82,,
customer_00716@example.com,returning,2024-12-08,ORD-01468,Premium Greens - Mango Maracuja,2,39.08,,healthyanna
customer_00143@example.com,returning,2024-02-09,ORD-01469,Mood Kapseln,1,98.23,,veganmia
customer_00646@example.com,returning,2025-05-09,ORD-01470,Magnesium Drink - Lavender,2,98.3,BLACKWEEK,fit_laura
customer_00513@example.com,returning,2025-06-25,ORD-01471,Daily Glow Pulver - Raspberry Lemon,3,119.39,,
customer_00627@example.com,new,2024-01-19,ORD-01472,"Vegan Protein Pulver - Coffee,Magnesium Komplex Kapseln,Daily Gut Creamy - Creamy Pistachio","3,3,1",63.7,,
customer_00642@example.com,new,2025-10-29,ORD-01473,"Daily Gut + Immunity - Ginger Lemon,Mood Kapseln,Magnesium Komplex Kapseln","3,2,2",105.96,,
customer_00234@example.com,new,2024-08-15,ORD-01474,"Daily Gut + Collagen Pulver - Neutral,Hydrate Drink - Lemon","2,3",115.44,SAVE10,
customer_00460@example.com,returning,2025-07-02,ORD-01475,Daily Gut Pulver - Mango Maracuja,1,102.37,,healthyanna
customer_00559@example.com,returning,2024-08-28,ORD-01476,"Daily Gut Pulver - Lemon,Vegan Basics,Recharge Drink - Tropical Fruits","3,2,3",112.93,BLACKWEEK,
customer_00398@example.com,returning,2025-12-02,ORD-01477,Magnesium Drink - Blueberry Lemon,3,65.8,SAVE10,
customer_00336@example.com,returning,2025-11-04,ORD-01478,"Mood Kapseln,Daily Gut Pulver - Lemon","1,3",52.77,SUMMER20,
customer_00263@example.com,new,2024-04-09,ORD-01479,Magnesium Komplex Kapseln,3,97.68,,veganmia
customer_00295@example.com,returning,2024-01-04,ORD-01480,Immune Protect Drink - Ginger Lemon,1,115.59,BLACKWEEK,veganmia
customer_00067@example.com,returning,2025-05-07,ORD-01481,"Hydrate Drink - Lemon,Premium Greens - Mango Maracuja","2,1",88.46,BLACKWEEK,
customer_00284@example.com,returning,2025-09-27,ORD-01482,"Summer Collagen - Mango Passionfruit,Daily Gut + Immunity - Ginger Lemon","1,1",101.42,SAVE10,
customer_00784@example.com,returning,2025-06-18,ORD-01483,Daily Gut + Immunity - Ginger Lemon,1,102.45,SUMMER20,
customer_00547@example.com,new,2024-04-16,ORD-01484,Summer Collagen - Mango Passionfruit,2,101.69,,
customer_00794@example.com,returning,2025-11-03,ORD-01485,"Vegan Protein Pulver - Choco,Premium Greens - Mango Maracuja","3,3",113.71,LAURA15,healthyanna
customer_00799@example.com,returning,2024-02-12,ORD-01486,Gut Restore Kapseln,2,28.46,LAURA15,
customer_00192@example.com,returning,2025-03-01,ORD-01487,Summer Collagen - Mango Passionfruit,3,96.22,,
customer_00007@example.com,new,2024-05-02,ORD-01488,"Gut Restore Kapseln,Daily Gut + Immunity - Ginger Lemon,Daily Glow Pulver - Raspberry Lemon","3,3,2",84.37,,
customer_00033@example.com,returning,2024-02-26,ORD-01489,"Magnesium Drink - Lavender,Vegan Glow + Clear Protein Pulver - Mango Maracuja","3,2",114.21,BLACKWEEK,fit_laura
customer_00680@example.com,returning,2025-05-25,ORD-01490,"Daily Glow Pulver - Raspberry Lemon,Hydrate Drink - Lemon,Daily Fiber Drink - Lemon","2,2,3",54.3,BLACKWEEK,
customer_00307@example.com,new,2024-05-20,ORD-01491,Daily Gut Pulver - Mango Maracuja,2,113.48,BLACKWEEK,veganmia
customer_00617@example.com,new,2026-02-25,ORD-01492,Daily Collagen Pulver - Vanilla,1,56.71,,healthyanna
customer_00126@example.com,returning,2024-10-10,ORD-01493,Vegan Protein Pulver - Neutral,1,54.59,SAVE10,
customer_00778@example.com,new,2024-04-12,ORD-01494,Immune Protect Drink - Ginger Lemon,3,110.06,,
customer_00770@example.com,returning,2025-05-03,ORD-01495,"Recharge Drink - Lemon,Magnesium Komplex Kapseln,Daily Gut + Immunity - Ginger Lemon","2,1,1",29.04,BLACKWEEK,fit_laura
customer_00369@example.com,returning,2024-12-08,ORD-01496,Daily Collagen Pulver - Vanilla,1,41.0,BLACKWEEK,
customer_00664@example.com,new,2024-01-06,ORD-01497,"Daily Collagen Pulver - Neutral,Daily Gut Pulver - Lemon,Mood Kapseln","3,1,3",89.73,,
customer_00279@example.com,returning,2025-03-16,ORD-01498,Vegan Protein Pulver - Coffee,3,45.05,SAVE10,
customer_00682@example.com,new,2025-08-27,ORD-01499,Vegan Basics,2,64.1,,veganmia
customer_00592@example.com,returning,2025-10-25,ORD-01500,Vegan Glow + Clear Protein Pulver - Mango Maracuja,3,82.5,,
customer_00001@example.com,new,2025-12-29,ORD-01501,"Daily Fiber Drink - Lemon,Vegan Protein Pulver - Choco,Hydrate Drink - Lemon","3,3,3",28.82,SUMMER20,
customer_00255@example.com,new,2026-01-04,ORD-01502,"Daily Gut + Immunity - Ginger Lemon,Daily Fiber Drink - Lemon","1,1",35.52,LAURA15,fit_laura
customer_00712@example.com,returning,2024-05-30,ORD-01503,Daily Collagen Pulver - Vanilla,1,93.81,SUMMER20,
customer_00126@example.com,returning,2024-07-30,ORD-01504,"Magnesium Drink - Lavender,Magnesium Komplex Kapseln","3,2",61.98,SUMMER20,
customer_00192@example.com,returning,2025-03-19,ORD-01505,"Vegan Glow + Clear Protein Pulver - Mango Maracuja,Mood Kapseln","2,1",69.04,SAVE10,
customer_00062@example.com,returning,2024-10-17,ORD-01506,"Daily Gut Creamy - Creamy Pistachio,Gut Restore Kapseln","1,1",51.54,SUMMER20,
customer_00436@example.com,returning,2025-04-05,ORD-01507,"Mood Kapseln,Vegan Basics","3,2",44.09,LAURA15,
customer_00282@example.com,returning,2026-03-10,ORD-01508,"Daily Fiber Drink - Lemon,Hydrate Drink - Lemon","2,2",47.27,SAVE10,veganmia
customer_00497@example.com,returning,2025-06-18,ORD-01509,Immune Protect Drink - Ginger Lemon,1,49.21,,
customer_00101@example.com,returning,2024-03-05,ORD-01510,Vegan Basics,3,78.88,SAVE10,
customer_00109@example.com,returning,2025-06-25,ORD-01511,Recharge Drink - Lemon,1,25.32,,veganmia
customer_00020@example.com,new,2025-05-07,ORD-01512,Immune Protect Drink - Ginger Lemon,3,43.37,SAVE10,
customer_00111@example.com,returning,2024-04-08,ORD-01513,"Magnesium Komplex Kapseln,Hydrate Drink - Lemon","3,3",61.09,,
customer_00639@example.com,returning,2025-04-27,ORD-01514,Vegan Glow + Clear Protein Pulver - Mango Maracuja,1,97.1,,
customer_00545@example.com,new,2024-04-15,ORD-01515,Vegan Glow + Clear Protein Pulver - Mango Maracuja,3,78.69,BLACKWEEK,fit_laura
customer_00140@example.com,returning,2024-04-15,ORD-01516,Daily Gut Creamy - Creamy Matcha,2,89.69,BLACKWEEK,
customer_00561@example.com,returning,2025-01-14,ORD-01517,Daily Glow Pulver - Raspberry Lemon,3,34.2,LAURA15,
customer_00262@example.com,returning,2024-08-02,ORD-01518,Daily Gut + Collagen Pulver - Neutral,1,33.88,,
customer_00242@example.com,returning,2025-11-04,ORD-01519,"Daily Gut + Immunity - Ginger Lemon,Hydrate Drink - Lemon","1,3",96.95,SUMMER20,
customer_00746@example.com,returning,2024-03-31,ORD-01520,Mood Kapseln,2,72.85,BLACKWEEK,
customer_00234@example.com,new,2025-11-14,ORD-01521,"Hydrate Drink - Lemon,Daily Gut Pulver - Mango Maracuja,Magnesium Komplex Kapseln","2,3,1",51.15,SAVE10,healthyanna
customer_00176@example.com,returning,2025-04-16,ORD-01522,"Vegan Glow + Clear Protein Pulver - Mango Maracuja,Daily Gut Creamy - Creamy Matcha","1,1",30.82,,veganmia
customer_00460@example.com,returning,2025-10-04,ORD-01523,Daily Glow Pulver - Raspberry Lemon,1,96.88,,
customer_00779@example.com,returning,2025-04-30,ORD-01524,Magnesium Komplex Kapseln,3,60.92,SUMMER20,healthyanna
customer_00175@example.com,new,2024-03-27,ORD-01525,Immune Protect Drink - Ginger Lemon,3,97.62,BLACKWEEK,
customer_00216@example.com,returning,2024-09-29,ORD-01526,Magnesium Komplex Kapseln,2,92.8,SUMMER20,
customer_00730@example.com,returning,2025-04-04,ORD-01527,Vegan Basics,2,65.36,LAURA15,veganmia
customer_00625@example.com,returning,2025-02-19,ORD-01528,"Gut Restore Kapseln,Hydrate Drink - Lemon","2,3",53.08,LAURA15,fit_laura
customer_00791@example.com,returning,2024-08-23,ORD-01529,Daily Gut + Immunity - Ginger Lemon,3,95.02,SAVE10,veganmia
customer_00546@example.com,returning,2024-09-03,ORD-01530,"Daily Collagen Pulver - Vanilla,Immune Protect Drink - Ginger Lemon,Mood Kapseln","3,1,3",111.26,SUMMER20,
customer_00520@example.com,new,2024-09-24,ORD-01531,"Immune Protect Drink - Ginger Lemon,Daily Gut + Immunity - Ginger Lemon","3,2",56.55,,healthyanna
customer_00139@example.com,returning,2025-10-01,ORD-01532,"Daily Gut Creamy - Creamy Pistachio,Magnesium Komplex Kapseln","1,1",67.02,SUMMER20,healthyanna
customer_00432@example.com,returning,2024-01-31,ORD-01533,"Immune Protect Drink - Ginger Lemon,Daily Gut + Immunity - Ginger Lemon","2,3",28.15,,
customer_00011@example.com,new,2025-12-05,ORD-01534,"Daily Gut Pulver - Raspberry Hibiscus,Daily Gut + Collagen Pulver - Hazelnut","2,3",43.09,BLACKWEEK,healthyanna
customer_00100@example.com,returning,2024-12-27,ORD-01535,Immune Protect Drink - Ginger Lemon,1,54.72,SUMMER20,fit_laura
customer_00688@example.com,returning,2024-03-28,ORD-01536,Vegan Basics,2,76.85,SUMMER20,
customer_00151@example.com,new,2024-06-28,ORD-01537,"Daily Gut + Collagen Pulver - Neutral,Immune Protect Drink - Ginger Lemon","2,3",103.31,SUMMER20,healthyanna
customer_00295@example.com,returning,2025-06-03,ORD-01538,Daily Gut Creamy - Creamy Pistachio,2,66.3,SAVE10,
customer_00026@example.com,returning,2025-01-21,ORD-01539,Daily Gut Creamy - Creamy Matcha,3,57.81,LAURA15,
customer_00349@example.com,returning,2025-01-21,ORD-01540,Vegan Basics,3,78.49,,veganmia
customer_00241@example.com,new,2025-01-09,ORD-01541,Hydrate Drink - Lemon,2,54.46,SAVE10,
customer_00174@example.com,new,2024-09-03,ORD-01542,"Daily Fiber Drink - Lemon,Daily Gut Creamy - Creamy Pistachio","3,1",63.97,LAURA15,
customer_00628@example.com,returning,2024-03-07,ORD-01543,Summer Collagen - Mango Passionfruit,3,30.77,SUMMER20,veganmia
customer_00048@example.com,returning,2025-05-25,ORD-01544,"Daily Fiber Drink - Lemon,Hydrate Drink - Lemon,Vegan Basics","3,2,3",108.64,,veganmia
customer_00254@example.com,new,2024-10-01,ORD-01545,Daily Fiber Drink - Lemon,3,48.01,,healthyanna
customer_00689@example.com,new,2025-02-21,ORD-01546,Daily Fiber Drink - Lemon,3,53.27,,veganmia
customer_00021@example.com,returning,2024-04-16,ORD-01547,Magnesium Komplex Kapseln,2,54.41,LAURA15,
customer_00796@example.com,new,2024-06-09,ORD-01548,Gut Restore Kapseln,2,58.69,,
customer_00768@example.com,returning,2026-01-08,ORD-01549,Recharge Drink - Tropical Fruits,1,89.2,LAURA15,
customer_00348@example.com,returning,2025-04-26,ORD-01550,Premium Greens - Mango Maracuja,1,60.84,BLACKWEEK,fit_laura
customer_00421@example.com,returning,2024-10-09,ORD-01551,"Recharge Drink - Tropical Fruits,Vegan Basics","1,2",56.5,SUMMER20,
customer_00137@example.com,returning,2024-10-25,ORD-01552,Daily Gut Creamy - Creamy Pistachio,1,47.69,SAVE10,
customer_00221@example.com,returning,2025-12-26,ORD-01553,Summer Collagen - Mango Passionfruit,3,36.61,,
customer_00745@example.com,returning,2025-06-22,ORD-01554,Daily Glow Pulver - Raspberry Lemon,1,69.31,,healthyanna
customer_00126@example.com,returning,2025-05-19,ORD-01555,Vegan Protein Pulver - Choco,3,45.59,LAURA15,healthyanna
customer_00414@example.com,returning,2025-02-02,ORD-01556,"Vegan Glow + Clear Protein Pulver - Mango Maracuja,Daily Gut Creamy - Creamy Matcha","1,1",34.05,,
customer_00512@example.com,new,2025-08-23,ORD-01557,"Immune Protect Drink - Ginger Lemon,Vegan Basics","1,1",35.14,SAVE10,fit_laura
customer_00797@example.com,returning,2025-12-05,ORD-01558,Immune Protect Drink - Ginger Lemon,3,60.84,LAURA15,fit_laura
customer_00483@example.com,returning,2025-09-27,ORD-01559,"Mood Kapseln,Hydrate Drink - Lemon","3,3",89.61,SAVE10,
customer_00401@example.com,returning,2025-09-10,ORD-01560,Summer Collagen - Mango Passionfruit,1,31.74,,healthyanna
customer_00126@example.com,returning,2025-06-26,ORD-01561,"Daily Gut + Collagen Pulver - Hazelnut,Recharge Drink - Lemon","3,1",70.35,,
customer_00027@example.com,returning,2025-09-13,ORD-01562,Magnesium Komplex Kapseln,1,82.19,LAURA15,veganmia
customer_00151@example.com,new,2024-03-19,ORD-01563,Gut Restore Kapseln,2,33.76,,
customer_00037@example.com,new,2024-08-31,ORD-01564,"Recharge Drink - Lemon,Daily Glow Pulver - Raspberry Lemon","3,2",71.78,LAURA15,fit_laura
customer_00404@example.com,returning,2026-03-10,ORD-01565,Daily Gut Creamy - Creamy Matcha,1,105.42,,veganmia
customer_00043@example.com,new,2025-12-02,ORD-01566,"Daily Gut Creamy - Creamy Pistachio,Vegan Basics,Vegan Protein Pulver - Cookie Dough","2,3,1",68.28,SUMMER20,
customer_00328@example.com,returning,2025-08-08,ORD-01567,"Vegan Protein Pulver - Choco,Daily Collagen Pulver - Vanilla,Premium Greens - Apple Kiwi","2,2,2",35.33,,veganmia
customer_00641@example.com,returning,2026-02-06,ORD-01568,"Magnesium Komplex Kapseln,Immune Protect Drink - Ginger Lemon","3,3",116.5,,
customer_00118@example.com,returning,2024-12-16,ORD-01569,Immune Protect Drink - Ginger Lemon,3,53.35,LAURA15,
customer_00488@example.com,returning,2025-09-21,ORD-01570,"Immune Protect Drink - Ginger Lemon,Vegan Basics","2,1",93.77,,
customer_00054@example.com,returning,2025-06-03,ORD-01571,Summer Collagen - Mango Passionfruit,3,59.98,SAVE10,fit_laura
customer_00578@example.com,new,2026-01-01,ORD-01572,Daily Gut + Immunity - Ginger Lemon,2,119.56,SAVE10,veganmia
customer_00261@example.com,returning,2026-03-10,ORD-01573,Premium Greens - Mango Maracuja,3,87.39,,
customer_00565@example.com,returning,2024-05-30,ORD-01574,"Gut Restore Kapseln,Daily Gut + Immunity - Ginger Lemon","1,3",56.38,LAURA15,
customer_00105@example.com,returning,2024-07-13,ORD-01575,Vegan Basics,3,35.29,SUMMER20,
customer_00799@example.com,returning,2025-09-29,ORD-01576,"Vegan Glow + Clear Protein Pulver - Mango Maracuja,Recharge Drink - Lemon","2,3",91.47,LAURA15,fit_laura
customer_00571@example.com,new,2025-10-19,ORD-01577,Daily Fiber Drink - Lemon,2,66.99,SAVE10,
customer_00767@example.com,returning,2025-11-17,ORD-01578,Immune Protect Drink - Ginger Lemon,3,87.94,,
customer_00370@example.com,returning,2024-05-25,ORD-01579,"Vegan Basics,Daily Glow Pulver - Raspberry Lemon","2,2",110.71,BLACKWEEK,
customer_00579@example.com,returning,2025-11-07,ORD-01580,"Magnesium Drink - Blueberry Lemon,Daily Gut Pulver - Lemon","2,2",50.27,,veganmia
customer_00563@example.com,returning,2024-01-16,ORD-01581,Daily Fiber Drink - Lemon,2,78.37,LAURA15,healthyanna
customer_00436@example.com,returning,2026-02-07,ORD-01582,Daily Glow Pulver - Raspberry Lemon,3,36.42,,
customer_00196@example.com,returning,2024-01-31,ORD-01583,"Daily Fiber Drink - Lemon,Immune Protect Drink - Ginger Lemon","1,3",104.09,SAVE10,
customer_00168@example.com,returning,2025-02-02,ORD-01584,Vegan Glow + Clear Protein Pulver - Mango Maracuja,1,30.95,,
customer_00056@example.com,returning,2026-04-13,ORD-01585,Daily Fiber Drink - Lemon,1,83.13,LAURA15,healthyanna
customer_00026@example.com,returning,2024-03-23,ORD-01586,Daily Gut + Immunity - Ginger Lemon,3,52.84,LAURA15,fit_laura
customer_00621@example.com,returning,2025-10-06,ORD-01587,Magnesium Drink - Blueberry Lemon,2,74.57,SUMMER20,
customer_00596@example.com,returning,2025-09-05,ORD-01588,"Magnesium Komplex Kapseln,Daily Glow Pulver - Raspberry Lemon,Daily Gut Creamy - Creamy Matcha","1,2,2",51.74,,
customer_00166@example.com,returning,2025-11-18,ORD-01589,Gut Restore Kapseln,3,37.35,,
customer_00140@example.com,returning,2025-01-28,ORD-01590,Immune Protect Drink - Ginger Lemon,3,112.69,,
customer_00164@example.com,returning,2024-03-09,ORD-01591,Daily Gut + Immunity - Ginger Lemon,1,117.18,,
customer_00203@example.com,returning,2026-01-02,ORD-01592,Vegan Glow + Clear Protein Pulver - Mango Maracuja,1,113.41,,
customer_00207@example.com,returning,2024-01-11,ORD-01593,Daily Fiber Drink - Lemon,2,44.47,,healthyanna
customer_00168@example.com,returning,2025-06-09,ORD-01594,"Daily Gut + Immunity - Ginger Lemon,Premium Greens - Apple Kiwi","2,1",118.06,LAURA15,
customer_00325@example.com,returning,2024-08-11,ORD-01595,Mood Kapseln,2,67.51,LAURA15,healthyanna
customer_00683@example.com,returning,2025-08-15,ORD-01596,Recharge Drink - Lemon,3,55.69,SUMMER20,fit_laura
customer_00144@example.com,returning,2024-08-30,ORD-01597,"Recharge Drink - Tropical Fruits,Vegan Basics","1,2",67.92,SAVE10,
customer_00698@example.com,returning,2025-04-19,ORD-01598,Daily Collagen Pulver - Vanilla,2,95.39,SUMMER20,healthyanna
customer_00511@example.com,returning,2026-04-20,ORD-01599,"Premium Greens - Apple Kiwi,Daily Gut + Collagen Pulver - Hazelnut","1,3",80.95,,healthyanna
customer_00186@example.com,new,2025-08-09,ORD-01600,Vegan Protein Pulver - Vanilla Cinnamon,3,76.88,SUMMER20,
customer_00752@example.com,returning,2025-02-22,ORD-01601,"Gut Restore Kapseln,Vegan Glow + Clear Protein Pulver - Mango Maracuja","1,1",27.77,,veganmia
customer_00234@example.com,new,2025-11-28,ORD-01602,Gut Restore Kapseln,2,113.08,,
customer_00121@example.com,new,2025-06-14,ORD-01603,Daily Gut Creamy - Creamy Pistachio,2,99.09,,
customer_00150@example.com,returning,2024-08-17,ORD-01604,"Daily Gut Pulver - Raspberry Hibiscus,Summer Collagen - Mango Passionfruit","2,1",84.77,SUMMER20,veganmia
customer_00335@example.com,returning,2025-12-04,ORD-01605,"Daily Gut + Immunity - Ginger Lemon,Daily Fiber Drink - Lemon","1,3",50.17,BLACKWEEK,
customer_00583@example.com,returning,2025-08-04,ORD-01606,Daily Gut + Immunity - Ginger Lemon,1,62.8,,veganmia
customer_00467@example.com,new,2024-06-11,ORD-01607,"Daily Gut Creamy - Creamy Pistachio,Immune Protect Drink - Ginger Lemon","1,3",37.05,SAVE10,
customer_00038@example.com,returning,2024-11-01,ORD-01608,"Daily Gut Creamy - Creamy Pistachio,Vegan Glow + Clear Protein Pulver - Mango Maracuja","3,3",108.84,SUMMER20,
customer_00345@example.com,new,2025-10-03,ORD-01609,"Vegan Basics,Immune Protect Drink - Ginger Lemon","3,2",76.84,,
customer_00468@example.com,returning,2024-07-19,ORD-01610,"Daily Gut Creamy - Creamy Pistachio,Gut Restore Kapseln,Daily Gut + Immunity - Ginger Lemon","1,3,2",76.23,,
customer_00672@example.com,returning,2026-01-06,ORD-01611,Gut Restore Kapseln,2,84.64,BLACKWEEK,healthyanna
customer_00472@example.com,returning,2025-06-01,ORD-01612,Immune Protect Drink - Ginger Lemon,2,72.24,,veganmia
customer_00157@example.com,new,2025-02-12,ORD-01613,"Daily Glow Pulver - Raspberry Lemon,Magnesium Drink - Blueberry Lemon","2,3",86.14,SAVE10,
customer_00698@example.com,returning,2025-01-25,ORD-01614,"Vegan Glow + Clear Protein Pulver - Mango Maracuja,Summer Collagen - Mango Passionfruit","3,1",94.13,,
customer_00339@example.com,returning,2026-03-08,ORD-01615,"Daily Gut + Collagen Pulver - Hazelnut,Daily Gut Creamy - Creamy Matcha","3,1",95.91,SUMMER20,
customer_00383@example.com,returning,2024-05-23,ORD-01616,Premium Greens - Mango Maracuja,2,58.54,LAURA15,
customer_00626@example.com,returning,2024-08-15,ORD-01617,Vegan Glow + Clear Protein Pulver - Mango Maracuja,3,107.3,,
customer_00199@example.com,new,2024-09-23,ORD-01618,Daily Gut + Collagen Pulver - Hazelnut,2,32.56,SUMMER20,
customer_00696@example.com,returning,2025-08-26,ORD-01619,"Premium Greens - Mango Maracuja,Immune Protect Drink - Ginger Lemon,Magnesium Drink - Blueberry Lemon","1,2,3",46.06,,veganmia
customer_00711@example.com,returning,2025-07-27,ORD-01620,Vegan Basics,1,92.51,BLACKWEEK,
customer_00378@example.com,returning,2025-09-16,ORD-01621,Mood Kapseln,2,55.44,SAVE10,
customer_00499@example.com,returning,2024-04-25,ORD-01622,"Recharge Drink - Tropical Fruits,Hydrate Drink - Lemon","1,2",111.82,BLACKWEEK,healthyanna
customer_00613@example.com,returning,2024-10-02,ORD-01623,Daily Gut Creamy - Creamy Matcha,3,100.38,LAURA15,
customer_00088@example.com,returning,2024-11-30,ORD-01624,"Vegan Protein Pulver - Vanilla Cinnamon,Daily Fiber Drink - Lemon","1,2",103.62,BLACKWEEK,
customer_00207@example.com,returning,2025-05-02,ORD-01625,Premium Greens - Mango Maracuja,3,94.14,,
customer_00537@example.com,new,2025-09-27,ORD-01626,Magnesium Komplex Kapseln,2,50.25,SAVE10,fit_laura
customer_00153@example.com,new,2025-09-22,ORD-01627,"Daily Collagen Pulver - Neutral,Recharge Drink - Lemon","1,1",75.28,,
customer_00124@example.com,new,2025-01-04,ORD-01628,"Vegan Basics,Mood Kapseln","3,2",37.33,LAURA15,fit_laura
customer_00526@example.com,returning,2025-07-24,ORD-01629,Summer Collagen - Mango Passionfruit,1,101.86,,veganmia
customer_00794@example.com,returning,2025-07-05,ORD-01630,Daily Gut Creamy - Creamy Pistachio,3,67.01,,
customer_00305@example.com,returning,2026-01-20,ORD-01631,"Daily Glow Pulver - Raspberry Lemon,Mood Kapseln","3,3",80.89,,
customer_00372@example.com,returning,2026-04-11,ORD-01632,"Magnesium Drink - Blueberry Lemon,Recharge Drink - Tropical Fruits","3,2",90.85,BLACKWEEK,healthyanna
customer_00340@example.com,new,2025-01-16,ORD-01633,Daily Gut Pulver - Raspberry Hibiscus,1,85.72,,veganmia
customer_00600@example.com,new,2024-08-01,ORD-01634,"Vegan Glow + Clear Protein Pulver - Mango Maracuja,Daily Gut + Immunity - Ginger Lemon","1,2",25.53,BLACKWEEK,
customer_00348@example.com,returning,2025-11-29,ORD-01635,Vegan Basics,3,34.54,SUMMER20,
customer_00310@example.com,new,2025-05-26,ORD-01636,Vegan Basics,2,116.49,SUMMER20,
customer_00706@example.com,returning,2025-01-10,ORD-01637,"Vegan Glow + Clear Protein Pulver - Mango Maracuja,Magnesium Komplex Kapseln,Gut Restore Kapseln","3,3,1",105.37,SUMMER20,fit_laura
customer_00756@example.com,new,2024-07-13,ORD-01638,"Summer Collagen - Mango Passionfruit,Recharge Drink - Tropical Fruits","1,1",104.45,SUMMER20,healthyanna
customer_00129@example.com,new,2024-03-01,ORD-01639,Daily Glow Pulver - Raspberry Lemon,3,60.83,BLACKWEEK,
customer_00008@example.com,returning,2024-12-19,ORD-01640,"Vegan Basics,Vegan Glow + Clear Protein Pulver - Mango Maracuja","2,1",27.3,,
customer_00169@example.com,returning,2025-05-06,ORD-01641,"Daily Fiber Drink - Lemon,Vegan Basics","3,1",69.1,,veganmia
customer_00266@example.com,returning,2024-11-29,ORD-01642,"Summer Collagen - Mango Passionfruit,Immune Protect Drink - Ginger Lemon","2,2",38.53,SAVE10,veganmia
customer_00092@example.com,new,2025-02-05,ORD-01643,Gut Restore Kapseln,3,30.04,BLACKWEEK,
customer_00186@example.com,new,2025-03-29,ORD-01644,"Daily Collagen Pulver - Neutral,Mood Kapseln","1,3",99.79,LAURA15,
customer_00745@example.com,returning,2024-06-25,ORD-01645,Daily Gut + Collagen Pulver - Hazelnut,1,39.74,SUMMER20,
customer_00580@example.com,returning,2025-07-20,ORD-01646,"Vegan Protein Pulver - Cookie Dough,Magnesium Komplex Kapseln,Premium Greens - Apple Kiwi","3,2,3",77.31,LAURA15,
customer_00242@example.com,returning,2025-03-03,ORD-01647,"Magnesium Drink - Blueberry Lemon,Summer Collagen - Mango Passionfruit","3,2",36.6,,
customer_00742@example.com,returning,2024-09-24,ORD-01648,"Mood Kapseln,Vegan Glow + Clear Protein Pulver - Mango Maracuja","2,1",107.22,LAURA15,fit_laura
customer_00591@example.com,new,2025-03-26,ORD-01649,"Mood Kapseln,Daily Collagen Pulver - Vanilla","2,1",31.64,SUMMER20,veganmia
customer_00056@example.com,returning,2025-05-17,ORD-01650,Gut Restore Kapseln,3,92.25,LAURA15,healthyanna
customer_00334@example.com,returning,2026-04-11,ORD-01651,Immune Protect Drink - Ginger Lemon,1,89.15,SAVE10,veganmia
customer_00100@example.com,returning,2024-06-26,ORD-01652,Summer Collagen - Mango Passionfruit,3,28.58,LAURA15,fit_laura
customer_00045@example.com,returning,2024-12-23,ORD-01653,Immune Protect Drink - Ginger Lemon,3,89.94,,
customer_00709@example.com,returning,2026-03-28,ORD-01654,"Summer Collagen - Mango Passionfruit,Vegan Basics","1,3",104.6,SAVE10,
customer_00768@example.com,returning,2026-04-14,ORD-01655,"Daily Gut Creamy - Creamy Matcha,Vegan Protein Pulver - Vanilla Cinnamon","2,1",79.4,BLACKWEEK,
customer_00587@example.com,returning,2026-01-15,ORD-01656,Gut Restore Kapseln,2,79.2,LAURA15,veganmia
customer_00095@example.com,returning,2024-04-04,ORD-01657,Daily Glow Pulver - Raspberry Lemon,3,53.77,SAVE10,
customer_00489@example.com,returning,2025-08-13,ORD-01658,Vegan Basics,1,64.48,SAVE10,
customer_00481@example.com,returning,2025-02-11,ORD-01659,Daily Gut + Collagen Pulver - Neutral,1,29.6,SUMMER20,healthyanna
customer_00154@example.com,returning,2024-02-24,ORD-01660,"Daily Collagen Pulver - Neutral,Vegan Protein Pulver - Coffee","1,2",35.94,SUMMER20,
customer_00789@example.com,returning,2024-02-12,ORD-01661,"Daily Gut + Immunity - Ginger Lemon,Daily Collagen Pulver - Vanilla","2,1",36.49,SUMMER20,veganmia
customer_00738@example.com,returning,2024-07-21,ORD-01662,Daily Glow Pulver - Raspberry Lemon,3,112.92,LAURA15,
customer_00764@example.com,new,2025-11-07,ORD-01663,"Daily Gut Creamy - Creamy Matcha,Recharge Drink - Lemon","2,2",41.99,SAVE10,
customer_00666@example.com,returning,2024-10-18,ORD-01664,"Recharge Drink - Tropical Fruits,Vegan Basics","1,1",27.16,BLACKWEEK,healthyanna
customer_00571@example.com,new,2025-01-19,ORD-01665,"Vegan Basics,Daily Glow Pulver - Raspberry Lemon","1,1",37.24,,veganmia
customer_00605@example.com,returning,2026-04-09,ORD-01666,Summer Collagen - Mango Passionfruit,3,95.5,BLACKWEEK,
customer_00670@example.com,returning,2026-03-08,ORD-01667,Vegan Protein Pulver - Neutral,3,90.98,SUMMER20,
customer_00508@example.com,returning,2025-01-02,ORD-01668,"Daily Collagen Pulver - Vanilla,Vegan Glow + Clear Protein Pulver - Mango Maracuja","1,2",77.22,,
customer_00552@example.com,new,2024-03-17,ORD-01669,Recharge Drink - Tropical Fruits,1,109.37,LAURA15,fit_laura
customer_00797@example.com,returning,2025-01-05,ORD-01670,Daily Glow Pulver - Raspberry Lemon,1,83.35,BLACKWEEK,
customer_00490@example.com,returning,2025-03-29,ORD-01671,Mood Kapseln,1,93.29,SAVE10,veganmia
customer_00087@example.com,returning,2024-05-09,ORD-01672,Daily Gut + Collagen Pulver - Hazelnut,2,106.7,SUMMER20,
customer_00543@example.com,new,2025-12-19,ORD-01673,"Daily Collagen Pulver - Vanilla,Magnesium Drink - Blueberry Lemon","2,3",92.48,LAURA15,fit_laura
customer_00292@example.com,returning,2025-05-23,ORD-01674,Daily Gut Creamy - Creamy Matcha,1,78.62,,
customer_00786@example.com,returning,2025-01-15,ORD-01675,"Summer Collagen - Mango Passionfruit,Magnesium Komplex Kapseln","3,2",52.08,,
customer_00176@example.com,returning,2026-02-26,ORD-01676,"Hydrate Drink - Lemon,Mood Kapseln,Daily Collagen Pulver - Neutral","2,2,1",36.26,SAVE10,fit_laura
customer_00526@example.com,returning,2024-04-12,ORD-01677,Vegan Protein Pulver - Cookie Dough,3,67.69,LAURA15,
customer_00282@example.com,returning,2026-04-11,ORD-01678,"Daily Gut + Immunity - Ginger Lemon,Mood Kapseln","2,3",94.04,BLACKWEEK,fit_laura
customer_00375@example.com,returning,2025-12-22,ORD-01679,Daily Glow Pulver - Raspberry Lemon,3,30.78,,healthyanna
customer_00086@example.com,returning,2024-02-25,ORD-01680,Daily Gut Creamy - Creamy Pistachio,2,68.88,LAURA15,healthyanna
customer_00234@example.com,new,2024-11-03,ORD-01681,Daily Gut Creamy - Creamy Pistachio,2,43.95,,
customer_00410@example.com,new,2024-12-23,ORD-01682,Vegan Protein Pulver - Cookie Dough,1,75.51,SUMMER20,
customer_00540@example.com,returning,2024-05-03,ORD-01683,"Gut Restore Kapseln,Magnesium Komplex Kapseln","3,2",78.32,LAURA15,fit_laura
customer_00341@example.com,returning,2024-09-17,ORD-01684,Vegan Protein Pulver - Neutral,2,104.64,,veganmia
customer_00403@example.com,new,2024-05-21,ORD-01685,Daily Glow Pulver - Raspberry Lemon,2,91.45,LAURA15,healthyanna
customer_00486@example.com,returning,2024-04-12,ORD-01686,Daily Gut Creamy - Creamy Pistachio,2,54.51,,
customer_00338@example.com,returning,2024-05-07,ORD-01687,"Daily Gut Pulver - Raspberry Hibiscus,Daily Gut + Immunity - Ginger Lemon","1,3",111.82,,
customer_00038@example.com,returning,2025-08-10,ORD-01688,Hydrate Drink - Lemon,3,25.29,,healthyanna
customer_00255@example.com,new,2025-10-24,ORD-01689,"Daily Gut + Immunity - Ginger Lemon,Magnesium Drink - Lavender","1,3",103.86,LAURA15,fit_laura
customer_00508@example.com,returning,2026-04-13,ORD-01690,"Daily Fiber Drink - Lemon,Vegan Basics,Mood Kapseln","3,1,3",64.38,BLACKWEEK,
customer_00617@example.com,new,2024-06-01,ORD-01691,Recharge Drink - Tropical Fruits,2,45.55,BLACKWEEK,
customer_00293@example.com,returning,2025-08-19,ORD-01692,"Mood Kapseln,Daily Gut + Collagen Pulver - Hazelnut,Hydrate Drink - Lemon","1,2,1",79.0,,
customer_00116@example.com,returning,2024-02-22,ORD-01693,"Gut Restore Kapseln,Daily Gut Pulver - Mango Maracuja,Daily Gut + Immunity - Ginger Lemon","1,3,1",73.98,,
customer_00553@example.com,returning,2024-04-07,ORD-01694,"Daily Collagen Pulver - Vanilla,Daily Gut + Immunity - Ginger Lemon","1,3",105.71,LAURA15,fit_laura
customer_00558@example.com,returning,2026-04-14,ORD-01695,"Daily Gut + Immunity - Ginger Lemon,Vegan Glow + Clear Protein Pulver - Mango Maracuja,Summer Collagen - Mango Passionfruit","1,1,1",102.93,SAVE10,
customer_00072@example.com,returning,2025-06-03,ORD-01696,"Daily Fiber Drink - Lemon,Hydrate Drink - Lemon,Recharge Drink - Lemon","1,2,3",60.51,,
customer_00011@example.com,new,2025-04-30,ORD-01697,Daily Gut Creamy - Creamy Matcha,2,55.42,LAURA15,fit_laura
customer_00682@example.com,new,2025-09-01,ORD-01698,Premium Greens - Apple Kiwi,2,63.31,,healthyanna
customer_00782@example.com,new,2025-04-19,ORD-01699,"Daily Gut + Immunity - Ginger Lemon,Premium Greens - Mango Maracuja","3,1",93.99,SUMMER20,
customer_00401@example.com,returning,2024-08-22,ORD-01700,Mood Kapseln,2,92.77,LAURA15,fit_laura
customer_00264@example.com,returning,2025-11-21,ORD-01701,"Daily Gut + Immunity - Ginger Lemon,Magnesium Komplex Kapseln,Daily Collagen Pulver - Neutral","2,2,1",109.91,,
customer_00707@example.com,returning,2024-04-19,ORD-01702,Vegan Glow + Clear Protein Pulver - Mango Maracuja,3,99.01,,
customer_00471@example.com,new,2025-12-19,ORD-01703,Daily Fiber Drink - Lemon,2,85.77,LAURA15,fit_laura
customer_00624@example.com,returning,2024-01-27,ORD-01704,Immune Protect Drink - Ginger Lemon,3,50.24,,
customer_00523@example.com,new,2024-04-14,ORD-01705,Daily Gut + Immunity - Ginger Lemon,1,61.66,,veganmia
customer_00163@example.com,new,2025-09-20,ORD-01706,"Summer Collagen - Mango Passionfruit,Vegan Glow + Clear Protein Pulver - Mango Maracuja,Magnesium Komplex Kapseln","3,1,2",28.9,LAURA15,
customer_00446@example.com,returning,2025-09-08,ORD-01707,Hydrate Drink - Lemon,2,79.7,,veganmia
customer_00435@example.com,returning,2024-04-25,ORD-01708,Daily Gut + Immunity - Ginger Lemon,2,80.72,LAURA15,healthyanna
customer_00774@example.com,returning,2024-01-01,ORD-01709,"Vegan Glow + Clear Protein Pulver - Mango Maracuja,Summer Collagen - Mango Passionfruit,Premium Greens - Apple Kiwi","3,1,1",57.46,,
customer_00254@example.com,new,2024-12-06,ORD-01710,Hydrate Drink - Lemon,3,99.08,,healthyanna
customer_00717@example.com,new,2024-05-28,ORD-01711,Premium Greens - Mango Maracuja,2,49.91,,
customer_00631@example.com,returning,2024-01-29,ORD-01712,Magnesium Drink - Blueberry Lemon,1,99.83,,
customer_00426@example.com,returning,2026-03-01,ORD-01713,Daily Gut + Immunity - Ginger Lemon,3,74.0,BLACKWEEK,
customer_00716@example.com,returning,2025-04-17,ORD-01714,Immune Protect Drink - Ginger Lemon,3,104.17,LAURA15,fit_laura
customer_00148@example.com,new,2026-03-17,ORD-01715,Daily Gut + Immunity - Ginger Lemon,2,46.52,BLACKWEEK,
customer_00334@example.com,returning,2025-12-14,ORD-01716,"Daily Fiber Drink - Lemon,Daily Gut + Collagen Pulver - Neutral","3,3",83.76,,
customer_00450@example.com,returning,2024-12-01,ORD-01717,Vegan Basics,3,57.33,BLACKWEEK,
customer_00267@example.com,returning,2025-12-12,ORD-01718,"Daily Gut Creamy - Creamy Matcha,Daily Collagen Pulver - Neutral,Immune Protect Drink - Ginger Lemon","3,1,2",29.23,,
customer_00116@example.com,returning,2025-09-02,ORD-01719,Daily Gut + Immunity - Ginger Lemon,3,76.09,LAURA15,fit_laura
customer_00789@example.com,returning,2025-02-24,ORD-01720,Daily Fiber Drink - Lemon,2,117.71,LAURA15,
customer_00663@example.com,returning,2025-01-23,ORD-01721,Vegan Basics,2,71.12,SAVE10,
customer_00050@example.com,returning,2024-07-02,ORD-01722,Daily Gut + Collagen Pulver - Neutral,1,29.46,,
customer_00385@example.com,returning,2024-01-15,ORD-01723,"Hydrate Drink - Lemon,Immune Protect Drink - Ginger Lemon,Magnesium Komplex Kapseln","2,1,2",102.92,SUMMER20,
customer_00318@example.com,returning,2025-08-07,ORD-01724,Summer Collagen - Mango Passionfruit,2,67.81,SAVE10,
customer_00315@example.com,returning,2026-03-29,ORD-01725,"Vegan Glow + Clear Protein Pulver - Mango Maracuja,Vegan Protein Pulver - Choco","2,1",63.42,,
customer_00390@example.com,returning,2025-10-09,ORD-01726,"Premium Greens - Mango Maracuja,Magnesium Komplex Kapseln","3,1",56.73,,healthyanna
customer_00622@example.com,returning,2024-07-10,ORD-01727,Daily Gut Creamy - Creamy Matcha,3,36.25,SUMMER20,
customer_00155@example.com,returning,2025-02-14,ORD-01728,Gut Restore Kapseln,2,37.76,,
customer_00323@example.com,returning,2025-01-16,ORD-01729,"Daily Fiber Drink - Lemon,Daily Gut Pulver - Raspberry Hibiscus","1,2",111.52,BLACKWEEK,healthyanna
customer_00515@example.com,new,2025-04-30,ORD-01730,"Hydrate Drink - Lemon,Immune Protect Drink - Ginger Lemon","1,3",80.94,BLACKWEEK,fit_laura
customer_00405@example.com,returning,2025-08-14,ORD-01731,Mood Kapseln,1,81.57,SUMMER20,healthyanna
customer_00366@example.com,returning,2026-03-22,ORD-01732,Daily Gut Pulver - Mango Maracuja,2,50.0,,veganmia
customer_00168@example.com,returning,2025-06-25,ORD-01733,"Magnesium Komplex Kapseln,Daily Gut + Immunity - Ginger Lemon","3,1",48.87,LAURA15,fit_laura
customer_00753@example.com,returning,2025-04-17,ORD-01734,"Mood Kapseln,Magnesium Drink - Lavender","2,3",77.64,SAVE10,
customer_00650@example.com,new,2025-11-18,ORD-01735,Hydrate Drink - Lemon,2,77.96,BLACKWEEK,veganmia
customer_00769@example.com,returning,2024-02-02,ORD-01736,Magnesium Drink - Lavender,2,89.2,SAVE10,
customer_00439@example.com,returning,2026-01-27,ORD-01737,Summer Collagen - Mango Passionfruit,3,38.84,,
customer_00201@example.com,new,2026-02-27,ORD-01738,"Daily Gut + Immunity - Ginger Lemon,Daily Collagen Pulver - Neutral","1,3",76.04,,
customer_00783@example.com,returning,2025-10-22,ORD-01739,"Mood Kapseln,Daily Gut + Immunity - Ginger Lemon","2,1",85.94,,
customer_00760@example.com,returning,2026-04-19,ORD-01740,Premium Greens - Apple Kiwi,1,31.91,SUMMER20,
customer_00486@example.com,returning,2025-09-13,ORD-01741,Daily Gut Pulver - Lemon,3,99.48,BLACKWEEK,fit_laura
customer_00252@example.com,returning,2026-01-06,ORD-01742,"Hydrate Drink - Lemon,Magnesium Drink - Lavender","1,3",76.81,,
customer_00148@example.com,new,2024-02-06,ORD-01743,Vegan Glow + Clear Protein Pulver - Mango Maracuja,1,106.49,SAVE10,
customer_00716@example.com,returning,2025-06-10,ORD-01744,"Daily Collagen Pulver - Neutral,Vegan Basics","3,2",110.98,,
customer_00435@example.com,returning,2024-09-24,ORD-01745,Premium Greens - Mango Maracuja,2,49.88,,
customer_00054@example.com,returning,2025-12-22,ORD-01746,"Vegan Protein Pulver - Vanilla Cinnamon,Immune Protect Drink - Ginger Lemon","3,2",99.51,,
customer_00109@example.com,returning,2025-07-03,ORD-01747,Magnesium Drink - Blueberry Lemon,3,68.37,SUMMER20,healthyanna
customer_00514@example.com,new,2026-02-21,ORD-01748,Hydrate Drink - Lemon,3,90.61,SUMMER20,
customer_00062@example.com,returning,2024-04-17,ORD-01749,Magnesium Drink - Lavender,3,51.05,,veganmia
customer_00460@example.com,returning,2024-06-28,ORD-01750,"Hydrate Drink - Lemon,Daily Fiber Drink - Lemon","1,3",50.44,,
customer_00208@example.com,returning,2024-04-25,ORD-01751,"Vegan Glow + Clear Protein Pulver - Mango Maracuja,Gut Restore Kapseln","3,1",118.61,SUMMER20,healthyanna
customer_00675@example.com,returning,2025-06-13,ORD-01752,Daily Gut Pulver - Mango Maracuja,1,107.36,SUMMER20,
customer_00050@example.com,returning,2024-07-08,ORD-01753,"Immune Protect Drink - Ginger Lemon,Vegan Protein Pulver - Cookie Dough","1,1",46.85,SAVE10,healthyanna
customer_00002@example.com,returning,2024-04-27,ORD-01754,Vegan Basics,2,29.3,,
customer_00030@example.com,returning,2024-01-12,ORD-01755,Immune Protect Drink - Ginger Lemon,3,77.04,BLACKWEEK,
customer_00302@example.com,new,2025-07-20,ORD-01756,Daily Fiber Drink - Lemon,2,52.49,LAURA15,fit_laura
customer_00326@example.com,returning,2024-11-18,ORD-01757,"Daily Gut + Immunity - Ginger Lemon,Vegan Basics","2,2",54.39,LAURA15,veganmia
customer_00602@example.com,returning,2025-04-13,ORD-01758,Daily Collagen Pulver - Neutral,1,104.35,SAVE10,
customer_00413@example.com,new,2025-03-22,ORD-01759,"Daily Gut Pulver - Mango Maracuja,Summer Collagen - Mango Passionfruit,Hydrate Drink - Lemon","3,2,2",66.12,SAVE10,fit_laura
customer_00684@example.com,new,2025-01-14,ORD-01760,Hydrate Drink - Lemon,1,53.41,LAURA15,fit_laura
customer_00088@example.com,returning,2026-03-01,ORD-01761,"Vegan Glow + Clear Protein Pulver - Mango Maracuja,Recharge Drink - Lemon","2,1",83.77,,
customer_00042@example.com,returning,2025-03-05,ORD-01762,Daily Gut Pulver - Mango Maracuja,3,77.08,,
customer_00301@example.com,returning,2026-03-14,ORD-01763,Daily Fiber Drink - Lemon,1,26.47,,
customer_00239@example.com,returning,2025-01-07,ORD-01764,Immune Protect Drink - Ginger Lemon,2,27.91,BLACKWEEK,
customer_00605@example.com,returning,2024-01-24,ORD-01765,Summer Collagen - Mango Passionfruit,1,90.86,,
customer_00242@example.com,returning,2025-10-08,ORD-01766,Daily Gut + Immunity - Ginger Lemon,2,74.59,,
customer_00572@example.com,returning,2024-05-22,ORD-01767,"Premium Greens - Apple Kiwi,Daily Fiber Drink - Lemon","2,3",114.37,LAURA15,fit_laura
customer_00472@example.com,returning,2025-04-12,ORD-01768,Vegan Basics,1,52.62,,
customer_00092@example.com,new,2024-10-14,ORD-01769,"Daily Glow Pulver - Raspberry Lemon,Mood Kapseln","2,1",33.73,SUMMER20,healthyanna
customer_00729@example.com,returning,2024-05-24,ORD-01770,Daily Glow Pulver - Raspberry Lemon,2,82.3,SUMMER20,veganmia
customer_00488@example.com,returning,2026-01-08,ORD-01771,Daily Gut + Collagen Pulver - Hazelnut,2,94.48,LAURA15,fit_laura
customer_00272@example.com,new,2025-08-14,ORD-01772,"Daily Collagen Pulver - Vanilla,Immune Protect Drink - Ginger Lemon,Summer Collagen - Mango Passionfruit","2,1,2",38.45,SAVE10,veganmia
customer_00375@example.com,returning,2024-03-05,ORD-01773,Daily Gut Pulver - Lemon,3,85.05,SAVE10,fit_laura
customer_00224@example.com,new,2025-05-30,ORD-01774,"Magnesium Drink - Blueberry Lemon,Magnesium Komplex Kapseln,Hydrate Drink - Lemon","2,1,2",40.48,SUMMER20,
customer_00573@example.com,returning,2025-12-06,ORD-01775,"Hydrate Drink - Lemon,Daily Gut Pulver - Mango Maracuja","1,3",49.87,SUMMER20,veganmia
customer_00463@example.com,returning,2024-01-07,ORD-01776,Daily Glow Pulver - Raspberry Lemon,1,70.74,,
customer_00060@example.com,returning,2026-04-06,ORD-01777,"Immune Protect Drink - Ginger Lemon,Daily Gut Creamy - Creamy Pistachio","1,1",35.37,,veganmia
customer_00672@example.com,returning,2024-08-20,ORD-01778,Premium Greens - Mango Maracuja,1,114.97,LAURA15,fit_laura
customer_00451@example.com,returning,2025-04-18,ORD-01779,Daily Gut + Collagen Pulver - Hazelnut,1,31.73,SAVE10,fit_laura
customer_00440@example.com,returning,2025-05-31,ORD-01780,Daily Gut Pulver - Raspberry Hibiscus,2,79.53,BLACKWEEK,
customer_00319@example.com,returning,2025-02-27,ORD-01781,Magnesium Drink - Lavender,1,81.34,,veganmia
customer_00586@example.com,returning,2025-04-28,ORD-01782,Magnesium Komplex Kapseln,1,97.77,,
customer_00423@example.com,new,2026-02-28,ORD-01783,"Daily Gut + Immunity - Ginger Lemon,Vegan Basics","2,2",93.91,LAURA15,healthyanna
customer_00072@example.com,returning,2024-08-15,ORD-01784,Magnesium Drink - Blueberry Lemon,1,90.04,,
customer_00070@example.com,new,2024-09-19,ORD-01785,Recharge Drink - Tropical Fruits,3,74.78,,
customer_00247@example.com,returning,2024-10-06,ORD-01786,Daily Glow Pulver - Raspberry Lemon,3,118.01,LAURA15,fit_laura
customer_00445@example.com,returning,2024-11-02,ORD-01787,Magnesium Komplex Kapseln,1,113.44,,
customer_00515@example.com,new,2026-03-27,ORD-01788,Recharge Drink - Tropical Fruits,2,111.24,,
customer_00305@example.com,returning,2025-04-01,ORD-01789,Daily Glow Pulver - Raspberry Lemon,2,102.55,SAVE10,
customer_00283@example.com,returning,2025-02-10,ORD-01790,"Daily Fiber Drink - Lemon,Summer Collagen - Mango Passionfruit","3,2",40.15,,healthyanna
customer_00578@example.com,new,2024-04-19,ORD-01791,Daily Gut Pulver - Lemon,1,29.04,,
customer_00644@example.com,returning,2024-04-07,ORD-01792,"Daily Gut Pulver - Raspberry Hibiscus,Daily Collagen Pulver - Neutral","1,1",82.1,,
customer_00703@example.com,returning,2024-02-25,ORD-01793,Magnesium Drink - Lavender,3,90.24,,
customer_00181@example.com,new,2024-11-18,ORD-01794,Daily Gut Pulver - Mango Maracuja,3,102.67,LAURA15,
customer_00274@example.com,returning,2026-03-14,ORD-01795,"Daily Gut + Immunity - Ginger Lemon,Premium Greens - Apple Kiwi","1,1",100.42,,
customer_00579@example.com,returning,2024-03-21,ORD-01796,Daily Gut Creamy - Creamy Matcha,1,55.35,SAVE10,
customer_00345@example.com,new,2025-10-10,ORD-01797,Premium Greens - Mango Maracuja,3,109.61,,
customer_00347@example.com,returning,2025-12-22,ORD-01798,Recharge Drink - Tropical Fruits,2,43.17,,healthyanna
customer_00132@example.com,new,2024-08-24,ORD-01799,Immune Protect Drink - Ginger Lemon,2,88.31,SAVE10,
customer_00067@example.com,returning,2026-03-02,ORD-01800,Daily Fiber Drink - Lemon,3,93.53,,
customer_00208@example.com,returning,2025-03-14,ORD-01801,"Daily Gut + Collagen Pulver - Hazelnut,Daily Collagen Pulver - Vanilla","2,1",29.33,LAURA15,fit_laura
customer_00626@example.com,returning,2025-10-31,ORD-01802,"Recharge Drink - Tropical Fruits,Daily Gut + Immunity - Ginger Lemon","3,3",57.0,LAURA15,healthyanna
customer_00630@example.com,returning,2024-02-16,ORD-01803,"Premium Greens - Mango Maracuja,Immune Protect Drink - Ginger Lemon","2,2",59.33,SUMMER20,
customer_00072@example.com,returning,2025-02-11,ORD-01804,Magnesium Komplex Kapseln,3,79.26,SAVE10,fit_laura
customer_00560@example.com,returning,2024-09-26,ORD-01805,Immune Protect Drink - Ginger Lemon,3,29.19,,
customer_00712@example.com,returning,2025-08-06,ORD-01806,"Mood Kapseln,Vegan Basics","3,3",105.59,LAURA15,
customer_00314@example.com,new,2025-05-17,ORD-01807,Summer Collagen - Mango Passionfruit,1,68.56,LAURA15,fit_laura
customer_00776@example.com,new,2024-03-15,ORD-01808,"Premium Greens - Mango Maracuja,Magnesium Drink - Blueberry Lemon","1,1",71.86,SAVE10,
customer_00388@example.com,new,2025-04-15,ORD-01809,Daily Glow Pulver - Raspberry Lemon,1,76.04,BLACKWEEK,
customer_00188@example.com,returning,2024-12-04,ORD-01810,Premium Greens - Apple Kiwi,1,106.32,,
customer_00071@example.com,returning,2024-12-30,ORD-01811,Daily Gut Creamy - Creamy Matcha,3,48.21,SAVE10,
customer_00652@example.com,returning,2024-04-29,ORD-01812,"Immune Protect Drink - Ginger Lemon,Daily Gut + Collagen Pulver - Neutral","3,1",33.4,SUMMER20,fit_laura
customer_00402@example.com,returning,2024-12-08,ORD-01813,Daily Glow Pulver - Raspberry Lemon,2,96.65,,
customer_00576@example.com,returning,2024-06-24,ORD-01814,Immune Protect Drink - Ginger Lemon,2,81.37,BLACKWEEK,veganmia
customer_00607@example.com,returning,2026-03-27,ORD-01815,"Recharge Drink - Lemon,Premium Greens - Apple Kiwi","1,1",25.8,SUMMER20,
customer_00710@example.com,new,2024-09-18,ORD-01816,Summer Collagen - Mango Passionfruit,3,68.88,BLACKWEEK,veganmia
customer_00474@example.com,new,2025-12-31,ORD-01817,"Daily Glow Pulver - Raspberry Lemon,Daily Gut Pulver - Raspberry Hibiscus","1,2",96.43,LAURA15,veganmia
customer_00006@example.com,new,2024-12-27,ORD-01818,Magnesium Komplex Kapseln,1,111.16,BLACKWEEK,veganmia
customer_00537@example.com,new,2024-04-18,ORD-01819,"Vegan Basics,Mood Kapseln","3,3",98.42,,healthyanna
customer_00515@example.com,new,2025-08-05,ORD-01820,Immune Protect Drink - Ginger Lemon,2,96.21,,healthyanna
customer_00706@example.com,returning,2025-07-14,ORD-01821,"Premium Greens - Apple Kiwi,Daily Collagen Pulver - Neutral,Daily Fiber Drink - Lemon","3,2,2",118.01,BLACKWEEK,
customer_00623@example.com,returning,2026-01-09,ORD-01822,"Vegan Basics,Mood Kapseln,Premium Greens - Apple Kiwi","2,1,3",96.63,SUMMER20,veganmia
customer_00166@example.com,returning,2025-10-02,ORD-01823,Premium Greens - Apple Kiwi,3,113.03,SUMMER20,
customer_00234@example.com,new,2024-10-12,ORD-01824,Daily Glow Pulver - Raspberry Lemon,2,71.29,,healthyanna
customer_00285@example.com,returning,2025-11-20,ORD-01825,"Daily Glow Pulver - Raspberry Lemon,Vegan Basics","1,2",37.02,SAVE10,
customer_00642@example.com,new,2024-05-14,ORD-01826,"Daily Glow Pulver - Raspberry Lemon,Daily Gut Creamy - Creamy Pistachio","1,3",37.41,LAURA15,veganmia
customer_00449@example.com,returning,2024-02-12,ORD-01827,Daily Glow Pulver - Raspberry Lemon,1,110.36,LAURA15,
customer_00777@example.com,returning,2024-09-16,ORD-01828,Daily Gut + Immunity - Ginger Lemon,2,62.61,LAURA15,fit_laura
customer_00002@example.com,returning,2025-08-21,ORD-01829,"Daily Gut Creamy - Creamy Matcha,Summer Collagen - Mango Passionfruit","2,2",34.12,,
customer_00550@example.com,returning,2025-03-01,ORD-01830,Daily Gut + Immunity - Ginger Lemon,3,89.85,BLACKWEEK,veganmia
customer_00702@example.com,returning,2024-09-10,ORD-01831,"Daily Gut + Immunity - Ginger Lemon,Mood Kapseln,Recharge Drink - Tropical Fruits","3,1,1",105.0,LAURA15,fit_laura
customer_00759@example.com,new,2024-06-15,ORD-01832,Hydrate Drink - Lemon,3,39.33,,
customer_00083@example.com,returning,2025-02-19,ORD-01833,"Vegan Protein Pulver - Coffee,Daily Collagen Pulver - Neutral","2,3",77.93,LAURA15,fit_laura
customer_00377@example.com,returning,2025-01-05,ORD-01834,"Magnesium Komplex Kapseln,Daily Fiber Drink - Lemon,Gut Restore Kapseln","2,3,1",59.36,,healthyanna
customer_00310@example.com,new,2025-03-17,ORD-01835,Hydrate Drink - Lemon,3,62.19,LAURA15,fit_laura
customer_00201@example.com,new,2024-06-20,ORD-01836,"Vegan Protein Pulver - Neutral,Vegan Glow + Clear Protein Pulver - Mango Maracuja","2,1",68.09,,
customer_00132@example.com,new,2024-08-09,ORD-01837,"Daily Fiber Drink - Lemon,Daily Glow Pulver - Raspberry Lemon","1,2",99.65,,veganmia
customer_00681@example.com,returning,2025-11-26,ORD-01838,Magnesium Drink - Lavender,2,73.9,BLACKWEEK,veganmia
customer_00525@example.com,returning,2025-10-16,ORD-01839,"Daily Gut Creamy - Creamy Pistachio,Immune Protect Drink - Ginger Lemon","3,3",47.81,SUMMER20,
customer_00318@example.com,returning,2024-07-10,ORD-01840,"Daily Gut + Immunity - Ginger Lemon,Daily Fiber Drink - Lemon,Hydrate Drink - Lemon","1,1,3",109.45,,
customer_00682@example.com,new,2024-07-26,ORD-01841,Immune Protect Drink - Ginger Lemon,1,115.19,,
customer_00035@example.com,new,2024-01-29,ORD-01842,"Vegan Glow + Clear Protein Pulver - Mango Maracuja,Daily Gut + Immunity - Ginger Lemon","3,3",60.52,,
customer_00736@example.com,returning,2024-12-04,ORD-01843,Gut Restore Kapseln,3,100.63,,
customer_00411@example.com,returning,2025-03-23,ORD-01844,Hydrate Drink - Lemon,1,60.22,LAURA15,
customer_00483@example.com,returning,2024-12-17,ORD-01845,"Hydrate Drink - Lemon,Daily Fiber Drink - Lemon,Immune Protect Drink - Ginger Lemon","1,1,1",52.13,SUMMER20,healthyanna
customer_00022@example.com,returning,2026-04-14,ORD-01846,Daily Gut Pulver - Lemon,2,57.46,BLACKWEEK,
customer_00778@example.com,new,2024-11-05,ORD-01847,Daily Glow Pulver - Raspberry Lemon,2,105.2,,
customer_00186@example.com,new,2024-09-02,ORD-01848,Vegan Glow + Clear Protein Pulver - Mango Maracuja,2,59.95,SUMMER20,
customer_00734@example.com,returning,2026-04-13,ORD-01849,Daily Collagen Pulver - Vanilla,1,52.16,BLACKWEEK,
customer_00683@example.com,returning,2025-04-08,ORD-01850,"Immune Protect Drink - Ginger Lemon,Vegan Protein Pulver - Cookie Dough,Vegan Glow + Clear Protein Pulver - Mango Maracuja","2,2,2",78.82,SAVE10,
customer_00225@example.com,new,2025-06-27,ORD-01851,"Gut Restore Kapseln,Vegan Glow + Clear Protein Pulver - Mango Maracuja","3,1",103.09,,healthyanna
customer_00171@example.com,returning,2025-07-24,ORD-01852,Daily Collagen Pulver - Neutral,2,51.68,BLACKWEEK,
customer_00160@example.com,new,2024-09-30,ORD-01853,Hydrate Drink - Lemon,2,105.19,,
customer_00666@example.com,returning,2025-12-09,ORD-01854,"Mood Kapseln,Daily Gut Creamy - Creamy Matcha","2,3",75.26,SAVE10,veganmia
customer_00349@example.com,returning,2025-11-29,ORD-01855,"Daily Glow Pulver - Raspberry Lemon,Vegan Glow + Clear Protein Pulver - Mango Maracuja","2,1",55.77,,
customer_00192@example.com,returning,2026-02-20,ORD-01856,Daily Gut Pulver - Raspberry Hibiscus,2,84.78,SAVE10,fit_laura
customer_00365@example.com,new,2024-01-26,ORD-01857,"Gut Restore Kapseln,Immune Protect Drink - Ginger Lemon","1,2",112.47,SAVE10,fit_laura
customer_00495@example.com,new,2024-05-02,ORD-01858,"Premium Greens - Apple Kiwi,Daily Glow Pulver - Raspberry Lemon","2,2",65.42,LAURA15,
customer_00618@example.com,returning,2025-05-21,ORD-01859,Daily Gut + Collagen Pulver - Hazelnut,1,119.38,BLACKWEEK,
customer_00035@example.com,new,2025-12-27,ORD-01860,Vegan Protein Pulver - Coffee,3,39.65,,
customer_00794@example.com,returning,2026-03-13,ORD-01861,Daily Gut Pulver - Lemon,3,48.38,,veganmia
customer_00130@example.com,returning,2025-12-17,ORD-01862,"Summer Collagen - Mango Passionfruit,Vegan Protein Pulver - Choco","1,1",83.52,LAURA15,
customer_00534@example.com,new,2024-08-18,ORD-01863,"Premium Greens - Mango Maracuja,Daily Gut Pulver - Mango Maracuja","2,3",37.27,,
customer_00433@example.com,returning,2024-04-03,ORD-01864,Vegan Basics,1,111.2,,
customer_00564@example.com,returning,2024-04-11,ORD-01865,"Daily Gut Creamy - Creamy Pistachio,Vegan Basics,Premium Greens - Apple Kiwi","3,1,1",26.35,SAVE10,
customer_00127@example.com,returning,2025-12-24,ORD-01866,Daily Collagen Pulver - Vanilla,3,33.52,SUMMER20,
customer_00504@example.com,returning,2026-02-10,ORD-01867,"Magnesium Komplex Kapseln,Hydrate Drink - Lemon","2,1",49.95,,
customer_00148@example.com,new,2025-10-11,ORD-01868,Vegan Protein Pulver - Choco,1,35.08,SAVE10,veganmia
customer_00622@example.com,returning,2024-07-01,ORD-01869,Daily Glow Pulver - Raspberry Lemon,3,94.75,SUMMER20,veganmia
customer_00362@example.com,returning,2025-01-15,ORD-01870,Daily Fiber Drink - Lemon,3,87.33,LAURA15,
customer_00398@example.com,returning,2024-10-05,ORD-01871,Mood Kapseln,1,62.7,SAVE10,healthyanna
customer_00503@example.com,returning,2025-07-26,ORD-01872,Vegan Glow + Clear Protein Pulver - Mango Maracuja,2,115.23,LAURA15,
customer_00790@example.com,returning,2024-08-13,ORD-01873,Immune Protect Drink - Ginger Lemon,1,98.6,BLACKWEEK,fit_laura
customer_00178@example.com,returning,2025-08-07,ORD-01874,Daily Gut Creamy - Creamy Pistachio,3,103.68,LAURA15,
customer_00484@example.com,returning,2024-11-22,ORD-01875,"Daily Fiber Drink - Lemon,Daily Gut + Immunity - Ginger Lemon","3,2",48.89,LAURA15,fit_laura
customer_00074@example.com,new,2024-12-03,ORD-01876,"Daily Gut + Immunity - Ginger Lemon,Summer Collagen - Mango Passionfruit","2,1",65.69,,healthyanna
customer_00017@example.com,returning,2025-04-06,ORD-01877,Daily Gut + Immunity - Ginger Lemon,3,76.98,,
customer_00366@example.com,returning,2024-06-11,ORD-01878,"Daily Gut Creamy - Creamy Matcha,Mood Kapseln","1,2",88.33,,veganmia
customer_00072@example.com,returning,2024-07-25,ORD-01879,"Mood Kapseln,Daily Collagen Pulver - Neutral","3,1",79.3,BLACKWEEK,
customer_00769@example.com,returning,2024-03-16,ORD-01880,"Daily Fiber Drink - Lemon,Gut Restore Kapseln","2,3",40.67,LAURA15,
customer_00502@example.com,returning,2025-04-16,ORD-01881,"Vegan Glow + Clear Protein Pulver - Mango Maracuja,Daily Gut + Immunity - Ginger Lemon","1,3",116.12,SAVE10,
customer_00712@example.com,returning,2024-08-30,ORD-01882,Vegan Basics,3,104.86,,
customer_00212@example.com,returning,2024-02-01,ORD-01883,"Daily Gut + Collagen Pulver - Hazelnut,Recharge Drink - Tropical Fruits,Vegan Protein Pulver - Coffee","3,3,2",115.61,LAURA15,
customer_00688@example.com,returning,2024-05-03,ORD-01884,"Daily Gut + Collagen Pulver - Hazelnut,Magnesium Drink - Blueberry Lemon","1,1",80.68,SUMMER20,fit_laura
customer_00360@example.com,returning,2025-05-06,ORD-01885,"Summer Collagen - Mango Passionfruit,Mood Kapseln","2,3",25.65,,
customer_00051@example.com,returning,2025-07-11,ORD-01886,Magnesium Komplex Kapseln,2,88.21,,
customer_00445@example.com,returning,2024-04-01,ORD-01887,Recharge Drink - Lemon,3,64.88,,
customer_00206@example.com,returning,2024-12-04,ORD-01888,Summer Collagen - Mango Passionfruit,3,28.14,LAURA15,fit_laura
customer_00416@example.com,returning,2025-08-25,ORD-01889,Magnesium Drink - Blueberry Lemon,2,95.22,SAVE10,
customer_00278@example.com,returning,2025-10-12,ORD-01890,Premium Greens - Mango Maracuja,2,78.72,BLACKWEEK,healthyanna
customer_00366@example.com,returning,2025-12-12,ORD-01891,Daily Fiber Drink - Lemon,2,60.24,SAVE10,
customer_00477@example.com,returning,2025-02-27,ORD-01892,"Premium Greens - Mango Maracuja,Summer Collagen - Mango Passionfruit","1,3",89.07,,veganmia
customer_00436@example.com,returning,2025-09-18,ORD-01893,Daily Gut + Immunity - Ginger Lemon,3,62.38,,
customer_00288@example.com,returning,2024-10-26,ORD-01894,Magnesium Komplex Kapseln,2,95.81,,
customer_00314@example.com,new,2024-10-09,ORD-01895,"Daily Gut + Immunity - Ginger Lemon,Recharge Drink - Tropical Fruits","2,3",79.94,,
customer_00291@example.com,new,2024-05-29,ORD-01896,Hydrate Drink - Lemon,2,46.33,SUMMER20,fit_laura
customer_00607@example.com,returning,2025-08-12,ORD-01897,Magnesium Komplex Kapseln,3,88.56,LAURA15,
customer_00545@example.com,new,2024-05-12,ORD-01898,"Vegan Basics,Hydrate Drink - Lemon","1,1",30.81,LAURA15,fit_laura
customer_00177@example.com,returning,2025-06-15,ORD-01899,Mood Kapseln,2,58.04,,
customer_00293@example.com,returning,2024-01-11,ORD-01900,"Magnesium Komplex Kapseln,Summer Collagen - Mango Passionfruit","2,1",29.08,LAURA15,fit_laura
customer_00284@example.com,returning,2025-08-03,ORD-01901,Recharge Drink - Lemon,1,30.19,LAURA15,veganmia
customer_00028@example.com,new,2026-01-21,ORD-01902,Summer Collagen - Mango Passionfruit,1,107.06,LAURA15,healthyanna
customer_00341@example.com,returning,2024-01-03,ORD-01903,"Summer Collagen - Mango Passionfruit,Vegan Basics","1,3",77.76,,
customer_00440@example.com,returning,2025-02-10,ORD-01904,"Daily Gut + Immunity - Ginger Lemon,Vegan Protein Pulver - Vanilla Cinnamon,Daily Gut + Collagen Pulver - Neutral","3,3,1",61.85,,
customer_00086@example.com,returning,2024-07-06,ORD-01905,Immune Protect Drink - Ginger Lemon,1,43.1,,
customer_00417@example.com,returning,2025-04-13,ORD-01906,Daily Glow Pulver - Raspberry Lemon,1,52.81,,
customer_00271@example.com,returning,2026-01-01,ORD-01907,Daily Collagen Pulver - Neutral,2,80.05,,
customer_00516@example.com,returning,2025-01-25,ORD-01908,"Daily Fiber Drink - Lemon,Immune Protect Drink - Ginger Lemon","1,3",96.56,,veganmia
customer_00051@example.com,returning,2025-04-21,ORD-01909,Daily Gut + Immunity - Ginger Lemon,2,50.03,BLACKWEEK,
customer_00038@example.com,returning,2024-02-18,ORD-01910,Magnesium Drink - Blueberry Lemon,1,40.52,,
customer_00572@example.com,returning,2024-07-22,ORD-01911,"Hydrate Drink - Lemon,Magnesium Komplex Kapseln","2,2",44.1,SUMMER20,
customer_00532@example.com,returning,2024-08-23,ORD-01912,"Vegan Glow + Clear Protein Pulver - Mango Maracuja,Daily Gut Pulver - Mango Maracuja,Daily Glow Pulver - Raspberry Lemon","1,2,1",27.09,SAVE10,
customer_00202@example.com,new,2026-03-13,ORD-01913,Gut Restore Kapseln,1,68.35,,healthyanna
customer_00010@example.com,new,2024-09-12,ORD-01914,Magnesium Komplex Kapseln,2,110.37,,
customer_00058@example.com,returning,2024-08-24,ORD-01915,Summer Collagen - Mango Passionfruit,1,94.8,SUMMER20,healthyanna
customer_00569@example.com,returning,2024-05-10,ORD-01916,"Mood Kapseln,Premium Greens - Apple Kiwi","1,2",76.32,SAVE10,veganmia
customer_00469@example.com,returning,2024-06-16,ORD-01917,Daily Gut + Collagen Pulver - Hazelnut,1,87.88,SUMMER20,
customer_00135@example.com,returning,2025-11-07,ORD-01918,Summer Collagen - Mango Passionfruit,2,108.89,,
customer_00473@example.com,returning,2024-09-27,ORD-01919,"Daily Collagen Pulver - Vanilla,Mood Kapseln","2,2",29.75,SUMMER20,healthyanna
customer_00368@example.com,returning,2025-06-01,ORD-01920,"Vegan Glow + Clear Protein Pulver - Mango Maracuja,Immune Protect Drink - Ginger Lemon","1,3",107.86,,veganmia
customer_00065@example.com,returning,2025-02-07,ORD-01921,Magnesium Drink - Blueberry Lemon,3,97.03,,
customer_00288@example.com,returning,2025-08-10,ORD-01922,"Vegan Basics,Daily Glow Pulver - Raspberry Lemon","2,3",98.09,,
customer_00078@example.com,returning,2024-08-29,ORD-01923,"Daily Collagen Pulver - Neutral,Daily Glow Pulver - Raspberry Lemon","1,1",91.2,SAVE10,
customer_00704@example.com,new,2024-10-25,ORD-01924,Daily Gut Creamy - Creamy Matcha,2,90.89,LAURA15,fit_laura
customer_00644@example.com,returning,2024-04-14,ORD-01925,"Daily Glow Pulver - Raspberry Lemon,Summer Collagen - Mango Passionfruit,Daily Collagen Pulver - Vanilla","3,1,3",41.4,,healthyanna
customer_00145@example.com,returning,2024-06-02,ORD-01926,"Daily Fiber Drink - Lemon,Hydrate Drink - Lemon,Vegan Glow + Clear Protein Pulver - Mango Maracuja","3,1,1",38.71,,
customer_00384@example.com,returning,2024-07-18,ORD-01927,Magnesium Drink - Lavender,3,95.3,LAURA15,
customer_00001@example.com,new,2025-05-29,ORD-01928,"Vegan Protein Pulver - Vanilla Cinnamon,Daily Gut + Collagen Pulver - Neutral","2,2",104.86,LAURA15,fit_laura
customer_00511@example.com,returning,2024-01-22,ORD-01929,Daily Gut + Collagen Pulver - Neutral,1,101.42,,
customer_00010@example.com,new,2024-09-20,ORD-01930,"Daily Fiber Drink - Lemon,Vegan Basics","1,1",84.27,,
customer_00186@example.com,new,2024-08-26,ORD-01931,Vegan Protein Pulver - Choco,3,50.46,,
customer_00463@example.com,returning,2025-07-09,ORD-01932,"Mood Kapseln,Magnesium Drink - Blueberry Lemon,Premium Greens - Mango Maracuja","2,1,1",32.95,,
customer_00619@example.com,returning,2024-03-14,ORD-01933,Summer Collagen - Mango Passionfruit,1,55.65,BLACKWEEK,
customer_00787@example.com,returning,2026-02-14,ORD-01934,Daily Gut Creamy - Creamy Matcha,3,88.16,,
customer_00595@example.com,returning,2024-06-25,ORD-01935,Magnesium Komplex Kapseln,2,103.53,,veganmia
customer_00740@example.com,returning,2024-12-09,ORD-01936,Premium Greens - Apple Kiwi,2,88.01,BLACKWEEK,
customer_00638@example.com,new,2026-01-11,ORD-01937,Immune Protect Drink - Ginger Lemon,1,35.16,LAURA15,
customer_00670@example.com,returning,2024-03-06,ORD-01938,Daily Gut Creamy - Creamy Matcha,2,102.8,SUMMER20,
customer_00085@example.com,returning,2026-02-06,ORD-01939,Daily Glow Pulver - Raspberry Lemon,1,53.13,,healthyanna
customer_00678@example.com,new,2024-04-16,ORD-01940,"Daily Collagen Pulver - Vanilla,Summer Collagen - Mango Passionfruit,Daily Glow Pulver - Raspberry Lemon","3,3,2",97.54,SAVE10,
customer_00112@example.com,new,2026-02-07,ORD-01941,Hydrate Drink - Lemon,2,37.69,,
customer_00689@example.com,new,2025-10-15,ORD-01942,Daily Fiber Drink - Lemon,3,74.82,,
customer_00250@example.com,returning,2026-03-04,ORD-01943,"Vegan Basics,Magnesium Drink - Lavender","3,2",95.81,,
customer_00610@example.com,returning,2025-09-17,ORD-01944,Daily Glow Pulver - Raspberry Lemon,2,38.39,BLACKWEEK,veganmia
customer_00446@example.com,returning,2024-10-18,ORD-01945,"Premium Greens - Apple Kiwi,Daily Gut + Immunity - Ginger Lemon","1,2",40.49,SAVE10,healthyanna
customer_00259@example.com,returning,2024-04-02,ORD-01946,Daily Collagen Pulver - Vanilla,3,69.75,BLACKWEEK,
customer_00629@example.com,returning,2025-06-10,ORD-01947,Magnesium Komplex Kapseln,3,91.34,SUMMER20,healthyanna
customer_00113@example.com,returning,2025-12-24,ORD-01948,"Daily Gut Pulver - Raspberry Hibiscus,Daily Gut Creamy - Creamy Pistachio","2,2",25.2,SUMMER20,fit_laura
customer_00005@example.com,returning,2025-07-11,ORD-01949,Vegan Protein Pulver - Choco,3,62.62,LAURA15,
customer_00098@example.com,new,2025-06-26,ORD-01950,Daily Gut Creamy - Creamy Pistachio,1,110.42,LAURA15,
customer_00563@example.com,returning,2025-04-06,ORD-01951,"Summer Collagen - Mango Passionfruit,Immune Protect Drink - Ginger Lemon","2,3",62.82,SAVE10,fit_laura
customer_00714@example.com,returning,2025-07-23,ORD-01952,Gut Restore Kapseln,1,119.33,SUMMER20,
customer_00211@example.com,returning,2025-10-12,ORD-01953,"Vegan Basics,Daily Fiber Drink - Lemon","1,2",35.83,,healthyanna
customer_00646@example.com,returning,2024-07-13,ORD-01954,"Daily Fiber Drink - Lemon,Premium Greens - Apple Kiwi,Daily Gut + Collagen Pulver - Neutral","1,2,1",39.73,BLACKWEEK,fit_laura
customer_00517@example.com,returning,2024-07-10,ORD-01955,"Vegan Protein Pulver - Neutral,Vegan Glow + Clear Protein Pulver - Mango Maracuja","1,3",68.8,,
customer_00614@example.com,returning,2025-01-29,ORD-01956,"Daily Gut + Immunity - Ginger Lemon,Vegan Basics","2,2",34.02,,
customer_00044@example.com,new,2024-09-10,ORD-01957,Summer Collagen - Mango Passionfruit,1,98.18,,healthyanna
customer_00636@example.com,returning,2024-12-26,ORD-01958,Gut Restore Kapseln,1,117.14,BLACKWEEK,
customer_00429@example.com,returning,2025-11-07,ORD-01959,Immune Protect Drink - Ginger Lemon,3,72.26,,
customer_00752@example.com,returning,2025-09-18,ORD-01960,"Daily Glow Pulver - Raspberry Lemon,Daily Fiber Drink - Lemon","2,3",107.64,SUMMER20,
customer_00588@example.com,returning,2024-11-29,ORD-01961,"Daily Glow Pulver - Raspberry Lemon,Magnesium Drink - Lavender","1,3",46.23,,veganmia
customer_00279@example.com,returning,2024-10-01,ORD-01962,"Daily Gut Pulver - Lemon,Gut Restore Kapseln","2,3",84.6,LAURA15,fit_laura
customer_00146@example.com,returning,2024-01-23,ORD-01963,"Magnesium Komplex Kapseln,Daily Gut + Collagen Pulver - Neutral","1,3",78.43,,
customer_00566@example.com,returning,2024-10-09,ORD-01964,"Gut Restore Kapseln,Recharge Drink - Lemon","2,3",32.15,,
customer_00521@example.com,returning,2024-09-05,ORD-01965,Vegan Basics,1,52.45,,
customer_00469@example.com,returning,2024-10-26,ORD-01966,Magnesium Drink - Blueberry Lemon,2,98.76,,healthyanna
customer_00546@example.com,returning,2024-01-11,ORD-01967,Recharge Drink - Lemon,1,56.03,,veganmia
customer_00175@example.com,new,2024-02-10,ORD-01968,Daily Gut Creamy - Creamy Matcha,2,62.69,,veganmia
customer_00296@example.com,returning,2025-07-01,ORD-01969,Daily Gut Creamy - Creamy Matcha,3,104.19,,veganmia
customer_00367@example.com,new,2024-12-03,ORD-01970,Vegan Glow + Clear Protein Pulver - Mango Maracuja,3,70.83,SAVE10,
customer_00682@example.com,new,2024-08-30,ORD-01971,"Immune Protect Drink - Ginger Lemon,Vegan Glow + Clear Protein Pulver - Mango Maracuja","2,3",26.38,,
customer_00457@example.com,returning,2026-02-17,ORD-01972,"Daily Gut Pulver - Raspberry Hibiscus,Daily Gut Creamy - Creamy Matcha","1,3",89.49,,
customer_00104@example.com,new,2024-10-26,ORD-01973,Summer Collagen - Mango Passionfruit,1,34.22,,
customer_00267@example.com,returning,2025-05-29,ORD-01974,"Vegan Protein Pulver - Neutral,Gut Restore Kapseln","3,2",97.31,SAVE10,
customer_00738@example.com,returning,2025-01-16,ORD-01975,"Daily Collagen Pulver - Neutral,Vegan Basics,Mood Kapseln","2,1,3",109.41,,
customer_00125@example.com,new,2025-09-07,ORD-01976,Hydrate Drink - Lemon,2,81.55,SUMMER20,
customer_00044@example.com,new,2024-06-17,ORD-01977,Hydrate Drink - Lemon,2,53.58,,
customer_00039@example.com,new,2025-05-04,ORD-01978,Daily Glow Pulver - Raspberry Lemon,2,38.01,,
customer_00435@example.com,returning,2025-10-12,ORD-01979,"Premium Greens - Apple Kiwi,Daily Gut + Collagen Pulver - Hazelnut","3,2",86.51,LAURA15,
customer_00301@example.com,returning,2025-02-02,ORD-01980,Daily Gut Pulver - Mango Maracuja,2,53.84,,
customer_00295@example.com,returning,2026-04-17,ORD-01981,"Magnesium Drink - Blueberry Lemon,Summer Collagen - Mango Passionfruit","3,2",47.02,BLACKWEEK,veganmia
customer_00230@example.com,returning,2026-01-16,ORD-01982,Mood Kapseln,1,58.03,,
customer_00104@example.com,new,2024-05-10,ORD-01983,Daily Gut Creamy - Creamy Matcha,3,87.55,,
customer_00093@example.com,new,2025-09-24,ORD-01984,"Daily Gut + Immunity - Ginger Lemon,Mood Kapseln,Vegan Glow + Clear Protein Pulver - Mango Maracuja","3,2,2",57.92,LAURA15,
customer_00328@example.com,returning,2025-11-28,ORD-01985,"Magnesium Drink - Lavender,Immune Protect Drink - Ginger Lemon","1,3",104.96,SUMMER20,
customer_00143@example.com,returning,2025-04-04,ORD-01986,"Magnesium Drink - Lavender,Daily Collagen Pulver - Vanilla","1,2",31.32,BLACKWEEK,
customer_00344@example.com,returning,2025-04-27,ORD-01987,"Vegan Basics,Daily Gut Creamy - Creamy Matcha,Summer Collagen - Mango Passionfruit","3,2,2",46.88,,
customer_00374@example.com,new,2024-12-30,ORD-01988,"Summer Collagen - Mango Passionfruit,Daily Glow Pulver - Raspberry Lemon","2,1",80.16,BLACKWEEK,
customer_00719@example.com,returning,2024-12-07,ORD-01989,"Daily Gut + Collagen Pulver - Hazelnut,Gut Restore Kapseln","2,3",46.98,SAVE10,
customer_00522@example.com,returning,2024-03-26,ORD-01990,Vegan Glow + Clear Protein Pulver - Mango Maracuja,1,108.02,,
customer_00070@example.com,new,2026-04-11,ORD-01991,"Vegan Glow + Clear Protein Pulver - Mango Maracuja,Vegan Basics","2,3",111.79,SUMMER20,
customer_00069@example.com,returning,2024-01-10,ORD-01992,Premium Greens - Mango Maracuja,3,52.1,LAURA15,
customer_00568@example.com,returning,2025-03-31,ORD-01993,Magnesium Drink - Blueberry Lemon,2,90.69,BLACKWEEK,veganmia
customer_00418@example.com,returning,2026-04-11,ORD-01994,Vegan Protein Pulver - Vanilla Cinnamon,3,101.55,,
customer_00524@example.com,returning,2024-07-11,ORD-01995,Vegan Basics,2,52.79,,
customer_00390@example.com,returning,2025-08-29,ORD-01996,Mood Kapseln,3,101.86,SUMMER20,
customer_00602@example.com,returning,2025-09-16,ORD-01997,"Recharge Drink - Lemon,Vegan Glow + Clear Protein Pulver - Mango Maracuja,Vegan Protein Pulver - Coffee","1,2,2",80.82,SAVE10,
customer_00599@example.com,new,2025-06-28,ORD-01998,"Daily Gut Creamy - Creamy Matcha,Daily Collagen Pulver - Vanilla","3,2",111.06,SAVE10,
customer_00700@example.com,returning,2024-06-23,ORD-01999,"Premium Greens - Apple Kiwi,Daily Collagen Pulver - Vanilla","3,3",86.8,,
customer_00399@example.com,returning,2025-03-24,ORD-02000,Vegan Basics,3,41.22,,
customer_00379@example.com,returning,2024-07-02,ORD-02001,"Mood Kapseln,Magnesium Drink - Blueberry Lemon","3,3",38.63,SAVE10,healthyanna
customer_00451@example.com,returning,2024-03-24,ORD-02002,"Gut Restore Kapseln,Immune Protect Drink - Ginger Lemon","1,3",68.9,,
customer_00336@example.com,returning,2025-05-23,ORD-02003,"Vegan Basics,Recharge Drink - Tropical Fruits","2,2",97.25,,
customer_00163@example.com,new,2025-10-15,ORD-02004,Daily Fiber Drink - Lemon,1,27.82,LAURA15,veganmia
customer_00540@example.com,returning,2025-07-05,ORD-02005,Magnesium Komplex Kapseln,1,32.58,,
customer_00344@example.com,returning,2025-03-31,ORD-02006,Daily Gut Pulver - Lemon,3,69.46,BLACKWEEK,veganmia
customer_00048@example.com,returning,2026-04-22,ORD-02007,Daily Glow Pulver - Raspberry Lemon,2,99.99,LAURA15,
customer_00091@example.com,returning,2024-07-18,ORD-02008,"Magnesium Drink - Blueberry Lemon,Vegan Basics","3,3",37.02,LAURA15,fit_laura
customer_00404@example.com,returning,2024-01-11,ORD-02009,Daily Collagen Pulver - Neutral,3,48.62,BLACKWEEK,
customer_00545@example.com,new,2024-12-23,ORD-02010,Daily Gut + Collagen Pulver - Neutral,2,36.52,,veganmia
customer_00740@example.com,returning,2025-05-29,ORD-02011,Daily Gut + Collagen Pulver - Hazelnut,3,93.13,BLACKWEEK,
customer_00043@example.com,new,2024-07-30,ORD-02012,Daily Gut Creamy - Creamy Matcha,2,63.04,,
customer_00351@example.com,new,2025-08-04,ORD-02013,"Vegan Basics,Mood Kapseln,Vegan Protein Pulver - Cookie Dough","2,2,1",48.31,,
customer_00361@example.com,new,2026-02-08,ORD-02014,Daily Gut Creamy - Creamy Matcha,3,104.95,,
customer_00440@example.com,returning,2025-10-28,ORD-02015,Recharge Drink - Lemon,3,56.76,BLACKWEEK,
customer_00395@example.com,returning,2024-10-24,ORD-02016,"Vegan Glow + Clear Protein Pulver - Mango Maracuja,Mood Kapseln","2,1",48.38,,healthyanna
customer_00695@example.com,returning,2024-06-11,ORD-02017,"Daily Glow Pulver - Raspberry Lemon,Vegan Basics","2,1",76.75,SAVE10,
customer_00431@example.com,returning,2024-09-19,ORD-02018,"Daily Fiber Drink - Lemon,Magnesium Komplex Kapseln,Daily Gut Pulver - Lemon","1,1,1",31.53,,
customer_00721@example.com,returning,2025-07-02,ORD-02019,"Daily Gut + Immunity - Ginger Lemon,Daily Gut Creamy - Creamy Pistachio","3,2",107.86,,
customer_00650@example.com,new,2024-01-09,ORD-02020,"Magnesium Komplex Kapseln,Hydrate Drink - Lemon,Daily Gut Creamy - Creamy Matcha","1,1,1",50.09,LAURA15,
customer_00498@example.com,returning,2025-10-10,ORD-02021,Magnesium Komplex Kapseln,3,49.62,,healthyanna
customer_00277@example.com,returning,2024-01-23,ORD-02022,Vegan Basics,3,79.66,LAURA15,
customer_00588@example.com,returning,2025-06-01,ORD-02023,"Magnesium Komplex Kapseln,Mood Kapseln","2,3",75.98,SUMMER20,veganmia
customer_00284@example.com,returning,2025-05-17,ORD-02024,"Vegan Basics,Gut Restore Kapseln,Hydrate Drink - Lemon","2,3,2",36.71,SUMMER20,
customer_00272@example.com,new,2026-03-05,ORD-02025,"Daily Gut Pulver - Lemon,Magnesium Komplex Kapseln","3,1",93.48,,
customer_00035@example.com,new,2024-07-29,ORD-02026,Vegan Protein Pulver - Neutral,3,77.1,,healthyanna
customer_00453@example.com,returning,2026-02-18,ORD-02027,"Summer Collagen - Mango Passionfruit,Vegan Basics","3,1",70.12,,
customer_00014@example.com,new,2024-07-16,ORD-02028,"Daily Collagen Pulver - Neutral,Vegan Glow + Clear Protein Pulver - Mango Maracuja","3,3",73.7,,healthyanna
customer_00652@example.com,returning,2026-03-17,ORD-02029,"Daily Gut Pulver - Lemon,Premium Greens - Mango Maracuja","1,1",40.85,,
customer_00040@example.com,returning,2024-01-08,ORD-02030,"Daily Gut + Immunity - Ginger Lemon,Premium Greens - Apple Kiwi,Vegan Glow + Clear Protein Pulver - Mango Maracuja","3,3,2",50.51,SUMMER20,
customer_00286@example.com,new,2025-08-01,ORD-02031,Daily Gut Creamy - Creamy Pistachio,3,45.43,BLACKWEEK,
customer_00277@example.com,returning,2024-04-11,ORD-02032,Vegan Glow + Clear Protein Pulver - Mango Maracuja,1,115.7,,
customer_00147@example.com,returning,2026-02-01,ORD-02033,Hydrate Drink - Lemon,1,62.03,SUMMER20,
customer_00261@example.com,returning,2024-11-01,ORD-02034,"Daily Gut + Collagen Pulver - Hazelnut,Magnesium Komplex Kapseln","1,2",100.38,,healthyanna
customer_00189@example.com,returning,2024-04-20,ORD-02035,Hydrate Drink - Lemon,1,75.69,BLACKWEEK,
customer_00636@example.com,returning,2025-12-05,ORD-02036,Vegan Protein Pulver - Vanilla Cinnamon,2,61.24,BLACKWEEK,
customer_00051@example.com,returning,2024-06-04,ORD-02037,Daily Glow Pulver - Raspberry Lemon,2,99.01,SAVE10,veganmia
customer_00032@example.com,returning,2025-08-07,ORD-02038,Vegan Glow + Clear Protein Pulver - Mango Maracuja,2,59.24,BLACKWEEK,veganmia
customer_00419@example.com,returning,2025-05-21,ORD-02039,"Daily Gut + Collagen Pulver - Neutral,Daily Gut Pulver - Mango Maracuja,Immune Protect Drink - Ginger Lemon","2,3,1",48.12,BLACKWEEK,fit_laura
customer_00341@example.com,returning,2024-06-24,ORD-02040,"Daily Gut + Collagen Pulver - Neutral,Daily Gut Pulver - Lemon,Immune Protect Drink - Ginger Lemon","1,2,1",40.22,LAURA15,fit_laura
customer_00111@example.com,returning,2025-11-01,ORD-02041,Daily Fiber Drink - Lemon,3,62.04,BLACKWEEK,
customer_00145@example.com,returning,2026-03-22,ORD-02042,Daily Gut Pulver - Mango Maracuja,2,35.63,,
customer_00507@example.com,returning,2024-09-19,ORD-02043,Premium Greens - Apple Kiwi,2,54.11,LAURA15,fit_laura
customer_00416@example.com,returning,2024-07-07,ORD-02044,Daily Glow Pulver - Raspberry Lemon,2,59.25,SUMMER20,
customer_00095@example.com,returning,2024-05-25,ORD-02045,"Daily Gut Pulver - Mango Maracuja,Daily Glow Pulver - Raspberry Lemon","1,3",115.66,BLACKWEEK,
customer_00680@example.com,returning,2025-09-23,ORD-02046,"Daily Gut + Collagen Pulver - Neutral,Hydrate Drink - Lemon","3,2",27.15,,veganmia
customer_00690@example.com,returning,2025-04-26,ORD-02047,Summer Collagen - Mango Passionfruit,1,63.85,SUMMER20,
customer_00667@example.com,returning,2024-12-19,ORD-02048,Recharge Drink - Tropical Fruits,3,103.58,,veganmia
customer_00367@example.com,new,2024-04-18,ORD-02049,Summer Collagen - Mango Passionfruit,2,35.1,SUMMER20,fit_laura
customer_00683@example.com,returning,2026-02-14,ORD-02050,Immune Protect Drink - Ginger Lemon,1,91.8,,
customer_00750@example.com,new,2024-08-07,ORD-02051,"Immune Protect Drink - Ginger Lemon,Magnesium Komplex Kapseln","2,3",69.04,SUMMER20,
customer_00060@example.com,returning,2025-08-08,ORD-02052,"Vegan Basics,Daily Gut + Collagen Pulver - Neutral,Hydrate Drink - Lemon","2,1,2",28.09,BLACKWEEK,healthyanna
customer_00298@example.com,new,2025-08-07,ORD-02053,"Daily Gut + Collagen Pulver - Hazelnut,Daily Glow Pulver - Raspberry Lemon","2,1",95.01,LAURA15,fit_laura
customer_00782@example.com,new,2026-03-15,ORD-02054,Vegan Protein Pulver - Coffee,3,55.97,LAURA15,veganmia
customer_00235@example.com,new,2025-05-31,ORD-02055,Hydrate Drink - Lemon,2,39.98,SAVE10,
customer_00229@example.com,returning,2024-07-10,ORD-02056,Vegan Basics,2,39.06,,
customer_00009@example.com,new,2024-01-15,ORD-02057,Premium Greens - Apple Kiwi,3,59.13,SUMMER20,
customer_00336@example.com,returning,2024-01-19,ORD-02058,Vegan Protein Pulver - Choco,1,77.11,SAVE10,fit_laura
customer_00385@example.com,returning,2025-09-18,ORD-02059,Recharge Drink - Lemon,2,25.46,BLACKWEEK,
customer_00528@example.com,new,2025-02-19,ORD-02060,Daily Gut + Collagen Pulver - Hazelnut,1,100.84,BLACKWEEK,
customer_00023@example.com,returning,2024-05-22,ORD-02061,Daily Gut + Immunity - Ginger Lemon,3,90.12,LAURA15,veganmia
customer_00206@example.com,returning,2025-05-06,ORD-02062,"Daily Gut + Collagen Pulver - Hazelnut,Immune Protect Drink - Ginger Lemon,Gut Restore Kapseln","2,3,2",120.0,,healthyanna
customer_00397@example.com,returning,2024-09-12,ORD-02063,Daily Gut Creamy - Creamy Matcha,3,66.28,LAURA15,
customer_00099@example.com,returning,2025-12-11,ORD-02064,"Vegan Glow + Clear Protein Pulver - Mango Maracuja,Gut Restore Kapseln","1,2",49.62,,healthyanna
customer_00513@example.com,returning,2025-10-13,ORD-02065,Daily Gut + Collagen Pulver - Neutral,1,49.68,LAURA15,fit_laura
customer_00680@example.com,returning,2025-02-26,ORD-02066,Summer Collagen - Mango Passionfruit,2,64.06,,
customer_00457@example.com,returning,2025-03-18,ORD-02067,Daily Gut + Collagen Pulver - Neutral,2,66.95,,
customer_00733@example.com,returning,2025-12-24,ORD-02068,Daily Gut Creamy - Creamy Matcha,2,98.15,SUMMER20,fit_laura
customer_00093@example.com,new,2024-06-01,ORD-02069,"Daily Glow Pulver - Raspberry Lemon,Daily Gut + Collagen Pulver - Neutral","3,3",116.29,SAVE10,
customer_00400@example.com,new,2024-09-25,ORD-02070,Vegan Basics,3,90.44,,healthyanna
customer_00139@example.com,returning,2024-08-15,ORD-02071,Summer Collagen - Mango Passionfruit,2,57.72,SUMMER20,
customer_00465@example.com,returning,2025-07-18,ORD-02072,Recharge Drink - Tropical Fruits,1,91.62,SUMMER20,healthyanna
customer_00109@example.com,returning,2024-12-20,ORD-02073,Magnesium Komplex Kapseln,3,78.62,,veganmia
customer_00293@example.com,returning,2024-02-26,ORD-02074,"Daily Fiber Drink - Lemon,Daily Collagen Pulver - Vanilla","1,3",50.13,LAURA15,veganmia
customer_00418@example.com,returning,2025-04-14,ORD-02075,Daily Gut + Immunity - Ginger Lemon,3,33.23,SUMMER20,
customer_00091@example.com,returning,2024-05-08,ORD-02076,"Premium Greens - Apple Kiwi,Vegan Protein Pulver - Coffee","3,1",27.79,BLACKWEEK,
customer_00270@example.com,new,2024-11-08,ORD-02077,"Summer Collagen - Mango Passionfruit,Daily Gut Pulver - Mango Maracuja,Mood Kapseln","2,1,2",87.23,SAVE10,
customer_00147@example.com,returning,2025-01-09,ORD-02078,"Magnesium Komplex Kapseln,Vegan Glow + Clear Protein Pulver - Mango Maracuja,Recharge Drink - Tropical Fruits","1,3,2",72.43,SAVE10,
customer_00761@example.com,returning,2024-03-26,ORD-02079,"Vegan Protein Pulver - Coffee,Recharge Drink - Lemon","1,1",71.66,,
customer_00419@example.com,returning,2025-11-15,ORD-02080,Premium Greens - Mango Maracuja,1,115.51,,veganmia
customer_00403@example.com,new,2024-12-25,ORD-02081,Daily Gut Pulver - Lemon,2,113.53,,
customer_00409@example.com,new,2025-04-23,ORD-02082,"Daily Glow Pulver - Raspberry Lemon,Hydrate Drink - Lemon,Daily Gut + Immunity - Ginger Lemon","2,3,3",103.84,,
customer_00678@example.com,new,2025-02-26,ORD-02083,Daily Gut Creamy - Creamy Matcha,2,117.62,SAVE10,fit_laura
customer_00111@example.com,returning,2024-10-05,ORD-02084,"Recharge Drink - Lemon,Vegan Basics","2,1",102.11,,
customer_00314@example.com,new,2024-06-03,ORD-02085,Magnesium Komplex Kapseln,3,33.25,BLACKWEEK,veganmia
customer_00652@example.com,returning,2025-08-11,ORD-02086,Hydrate Drink - Lemon,1,99.64,,
customer_00017@example.com,returning,2024-09-12,ORD-02087,"Hydrate Drink - Lemon,Recharge Drink - Lemon,Daily Gut + Immunity - Ginger Lemon","1,1,3",25.24,,veganmia
customer_00684@example.com,new,2026-01-11,ORD-02088,Recharge Drink - Tropical Fruits,2,31.15,SUMMER20,
customer_00529@example.com,returning,2026-03-03,ORD-02089,Magnesium Komplex Kapseln,2,26.74,,
customer_00100@example.com,returning,2024-03-25,ORD-02090,"Daily Gut Creamy - Creamy Matcha,Premium Greens - Mango Maracuja","1,2",101.2,,
customer_00190@example.com,returning,2024-11-14,ORD-02091,Daily Gut Pulver - Raspberry Hibiscus,3,83.07,SAVE10,
customer_00540@example.com,returning,2024-02-24,ORD-02092,Vegan Glow + Clear Protein Pulver - Mango Maracuja,1,118.81,,healthyanna
customer_00207@example.com,returning,2024-03-23,ORD-02093,Vegan Protein Pulver - Cookie Dough,3,33.5,SAVE10,
customer_00282@example.com,returning,2024-09-03,ORD-02094,Daily Gut Pulver - Raspberry Hibiscus,2,35.16,BLACKWEEK,
customer_00706@example.com,returning,2026-03-10,ORD-02095,Daily Collagen Pulver - Vanilla,3,96.18,SAVE10,
customer_00645@example.com,returning,2026-04-21,ORD-02096,"Daily Glow Pulver - Raspberry Lemon,Summer Collagen - Mango Passionfruit","3,1",74.77,,
customer_00373@example.com,returning,2025-04-28,ORD-02097,"Daily Collagen Pulver - Vanilla,Daily Gut + Immunity - Ginger Lemon,Vegan Protein Pulver - Neutral","2,2,1",112.65,SAVE10,healthyanna
customer_00571@example.com,new,2025-09-05,ORD-02098,Gut Restore Kapseln,2,97.24,,veganmia
customer_00732@example.com,returning,2025-07-19,ORD-02099,Daily Collagen Pulver - Vanilla,1,90.57,SAVE10,
customer_00113@example.com,returning,2026-03-04,ORD-02100,"Mood Kapseln,Daily Glow Pulver - Raspberry Lemon","1,2",36.46,,
customer_00202@example.com,new,2024-01-08,ORD-02101,Vegan Glow + Clear Protein Pulver - Mango Maracuja,2,42.3,BLACKWEEK,
customer_00293@example.com,returning,2024-01-16,ORD-02102,Immune Protect Drink - Ginger Lemon,2,41.12,SAVE10,
customer_00263@example.com,new,2025-02-04,ORD-02103,"Recharge Drink - Tropical Fruits,Vegan Protein Pulver - Coffee","1,1",80.58,BLACKWEEK,veganmia
customer_00393@example.com,returning,2025-02-02,ORD-02104,"Daily Fiber Drink - Lemon,Immune Protect Drink - Ginger Lemon","2,2",101.08,SAVE10,
customer_00698@example.com,returning,2024-11-25,ORD-02105,"Daily Gut + Immunity - Ginger Lemon,Magnesium Komplex Kapseln","1,3",30.22,BLACKWEEK,veganmia
customer_00118@example.com,returning,2024-07-21,ORD-02106,"Recharge Drink - Lemon,Daily Glow Pulver - Raspberry Lemon","1,2",59.58,LAURA15,fit_laura
customer_00664@example.com,new,2025-09-26,ORD-02107,Hydrate Drink - Lemon,2,76.13,BLACKWEEK,
customer_00227@example.com,new,2024-01-25,ORD-02108,Recharge Drink - Lemon,3,25.97,LAURA15,healthyanna
customer_00109@example.com,returning,2024-03-13,ORD-02109,"Daily Gut + Immunity - Ginger Lemon,Daily Gut Pulver - Raspberry Hibiscus","1,1",60.82,,healthyanna
customer_00736@example.com,returning,2025-12-31,ORD-02110,Immune Protect Drink - Ginger Lemon,3,100.45,,
customer_00236@example.com,returning,2024-01-18,ORD-02111,"Magnesium Drink - Lavender,Vegan Glow + Clear Protein Pulver - Mango Maracuja","3,1",102.92,LAURA15,fit_laura
customer_00779@example.com,returning,2025-06-01,ORD-02112,Mood Kapseln,2,102.92,,veganmia
customer_00599@example.com,new,2025-07-13,ORD-02113,"Daily Collagen Pulver - Vanilla,Magnesium Drink - Lavender","1,2",98.19,SUMMER20,healthyanna
customer_00459@example.com,returning,2025-01-05,ORD-02114,"Magnesium Drink - Blueberry Lemon,Daily Collagen Pulver - Vanilla,Daily Glow Pulver - Raspberry Lemon","3,3,3",49.66,,healthyanna
customer_00385@example.com,returning,2026-03-16,ORD-02115,"Daily Gut Creamy - Creamy Matcha,Gut Restore Kapseln","1,1",52.81,,veganmia
customer_00776@example.com,new,2024-03-07,ORD-02116,"Summer Collagen - Mango Passionfruit,Hydrate Drink - Lemon","2,1",66.95,LAURA15,fit_laura
customer_00027@example.com,returning,2026-04-04,ORD-02117,Daily Gut Creamy - Creamy Pistachio,1,50.04,,
customer_00667@example.com,returning,2024-04-10,ORD-02118,Vegan Glow + Clear Protein Pulver - Mango Maracuja,3,71.23,LAURA15,fit_laura
customer_00314@example.com,new,2025-01-27,ORD-02119,"Vegan Basics,Daily Gut Pulver - Raspberry Hibiscus,Premium Greens - Mango Maracuja","2,2,3",29.73,SUMMER20,
customer_00576@example.com,returning,2025-04-06,ORD-02120,Hydrate Drink - Lemon,3,42.66,SUMMER20,
customer_00528@example.com,new,2025-10-30,ORD-02121,"Daily Gut Creamy - Creamy Pistachio,Gut Restore Kapseln","2,1",109.77,LAURA15,fit_laura
customer_00699@example.com,new,2024-08-01,ORD-02122,Mood Kapseln,3,94.03,,
customer_00410@example.com,new,2025-06-25,ORD-02123,Daily Glow Pulver - Raspberry Lemon,3,65.97,LAURA15,veganmia
customer_00516@example.com,returning,2024-02-28,ORD-02124,"Daily Gut Creamy - Creamy Matcha,Magnesium Komplex Kapseln","2,3",90.92,SUMMER20,
customer_00798@example.com,returning,2025-12-04,ORD-02125,Vegan Glow + Clear Protein Pulver - Mango Maracuja,1,74.86,SAVE10,
customer_00618@example.com,returning,2024-09-20,ORD-02126,"Mood Kapseln,Vegan Protein Pulver - Cookie Dough","3,2",98.77,,
customer_00321@example.com,returning,2025-05-27,ORD-02127,Magnesium Drink - Lavender,2,81.56,LAURA15,fit_laura
customer_00474@example.com,new,2024-03-19,ORD-02128,Magnesium Drink - Lavender,2,80.74,,veganmia
customer_00028@example.com,new,2024-08-03,ORD-02129,Vegan Basics,1,106.73,,veganmia
customer_00767@example.com,returning,2024-04-15,ORD-02130,"Gut Restore Kapseln,Vegan Protein Pulver - Choco","1,1",35.11,,veganmia
customer_00076@example.com,returning,2024-06-17,ORD-02131,"Summer Collagen - Mango Passionfruit,Mood Kapseln","3,2",30.43,,healthyanna
customer_00301@example.com,returning,2025-07-19,ORD-02132,Immune Protect Drink - Ginger Lemon,1,63.39,,
customer_00566@example.com,returning,2024-07-31,ORD-02133,Summer Collagen - Mango Passionfruit,1,80.53,SAVE10,
customer_00183@example.com,new,2024-09-29,ORD-02134,Premium Greens - Mango Maracuja,3,42.52,BLACKWEEK,fit_laura
customer_00407@example.com,returning,2025-04-06,ORD-02135,Daily Gut + Immunity - Ginger Lemon,2,69.13,BLACKWEEK,fit_laura
customer_00777@example.com,returning,2026-03-08,ORD-02136,Vegan Protein Pulver - Cookie Dough,2,28.74,,
customer_00350@example.com,new,2024-09-16,ORD-02137,"Daily Gut Creamy - Creamy Matcha,Recharge Drink - Tropical Fruits","1,2",112.1,SUMMER20,
customer_00385@example.com,returning,2025-03-19,ORD-02138,Daily Collagen Pulver - Vanilla,1,117.99,,
customer_00568@example.com,returning,2024-09-23,ORD-02139,Vegan Glow + Clear Protein Pulver - Mango Maracuja,3,30.78,,
customer_00358@example.com,returning,2025-04-18,ORD-02140,"Immune Protect Drink - Ginger Lemon,Magnesium Drink - Blueberry Lemon","3,3",91.57,SUMMER20,
customer_00776@example.com,new,2024-08-15,ORD-02141,Immune Protect Drink - Ginger Lemon,1,58.07,,healthyanna
customer_00048@example.com,returning,2026-01-05,ORD-02142,Daily Gut + Collagen Pulver - Neutral,1,64.88,,veganmia
customer_00404@example.com,returning,2024-09-28,ORD-02143,"Premium Greens - Apple Kiwi,Gut Restore Kapseln","3,2",84.23,,
customer_00641@example.com,returning,2024-11-04,ORD-02144,Daily Gut Pulver - Mango Maracuja,3,102.53,LAURA15,fit_laura
customer_00428@example.com,new,2025-08-01,ORD-02145,"Summer Collagen - Mango Passionfruit,Magnesium Komplex Kapseln","1,3",116.18,BLACKWEEK,fit_laura
customer_00175@example.com,new,2026-04-13,ORD-02146,Premium Greens - Apple Kiwi,1,47.63,,
customer_00033@example.com,returning,2024-06-09,ORD-02147,Immune Protect Drink - Ginger Lemon,3,58.11,SUMMER20,
customer_00197@example.com,new,2024-03-09,ORD-02148,Premium Greens - Apple Kiwi,1,28.87,,
customer_00383@example.com,returning,2025-02-18,ORD-02149,"Magnesium Drink - Blueberry Lemon,Summer Collagen - Mango Passionfruit,Daily Gut Creamy - Creamy Pistachio","3,2,2",80.19,LAURA15,fit_laura
customer_00567@example.com,returning,2025-02-07,ORD-02150,"Recharge Drink - Tropical Fruits,Vegan Protein Pulver - Choco","1,1",112.32,LAURA15,
customer_00606@example.com,returning,2024-05-05,ORD-02151,Daily Gut Pulver - Lemon,1,37.0,LAURA15,
customer_00275@example.com,new,2025-09-18,ORD-02152,"Daily Gut + Immunity - Ginger Lemon,Premium Greens - Mango Maracuja","2,3",82.11,,
customer_00137@example.com,returning,2024-10-11,ORD-02153,"Daily Collagen Pulver - Vanilla,Daily Glow Pulver - Raspberry Lemon,Vegan Glow + Clear Protein Pulver - Mango Maracuja","2,1,2",40.21,,
customer_00015@example.com,returning,2024-12-16,ORD-02154,Hydrate Drink - Lemon,3,84.1,,
customer_00100@example.com,returning,2024-04-12,ORD-02155,Premium Greens - Mango Maracuja,2,70.75,LAURA15,healthyanna
customer_00237@example.com,returning,2025-01-27,ORD-02156,"Daily Glow Pulver - Raspberry Lemon,Magnesium Komplex Kapseln","2,1",34.77,,
customer_00145@example.com,returning,2024-11-18,ORD-02157,"Magnesium Komplex Kapseln,Daily Collagen Pulver - Neutral","1,1",108.08,,veganmia
customer_00276@example.com,new,2024-12-05,ORD-02158,Premium Greens - Apple Kiwi,1,58.69,LAURA15,
customer_00325@example.com,returning,2024-08-31,ORD-02159,Vegan Protein Pulver - Choco,1,88.29,,healthyanna
customer_00050@example.com,returning,2024-09-24,ORD-02160,Gut Restore Kapseln,3,69.28,SUMMER20,
customer_00129@example.com,new,2025-12-26,ORD-02161,Hydrate Drink - Lemon,1,102.77,LAURA15,healthyanna
customer_00643@example.com,new,2026-03-01,ORD-02162,"Magnesium Drink - Blueberry Lemon,Immune Protect Drink - Ginger Lemon","3,3",76.56,LAURA15,fit_laura
customer_00504@example.com,returning,2024-08-28,ORD-02163,Mood Kapseln,3,96.97,LAURA15,
customer_00603@example.com,returning,2025-09-24,ORD-02164,Immune Protect Drink - Ginger Lemon,2,114.56,,healthyanna
customer_00169@example.com,returning,2025-06-16,ORD-02165,Immune Protect Drink - Ginger Lemon,2,56.69,SAVE10,
customer_00515@example.com,new,2024-05-18,ORD-02166,"Summer Collagen - Mango Passionfruit,Vegan Basics","3,2",63.43,,
customer_00176@example.com,returning,2025-11-05,ORD-02167,Vegan Basics,2,80.53,SUMMER20,
customer_00172@example.com,returning,2026-03-15,ORD-02168,Vegan Protein Pulver - Vanilla Cinnamon,3,80.63,BLACKWEEK,
customer_00172@example.com,returning,2025-06-30,ORD-02169,Premium Greens - Apple Kiwi,2,42.42,BLACKWEEK,fit_laura
customer_00746@example.com,returning,2025-08-26,ORD-02170,"Daily Fiber Drink - Lemon,Premium Greens - Apple Kiwi","2,3",97.25,LAURA15,
customer_00184@example.com,returning,2025-08-31,ORD-02171,"Daily Gut + Immunity - Ginger Lemon,Premium Greens - Mango Maracuja","1,1",26.09,SUMMER20,
customer_00013@example.com,returning,2025-02-12,ORD-02172,"Magnesium Komplex Kapseln,Daily Fiber Drink - Lemon","3,1",25.02,,veganmia
customer_00350@example.com,new,2025-10-24,ORD-02173,"Daily Gut Creamy - Creamy Pistachio,Summer Collagen - Mango Passionfruit","1,1",28.74,,
customer_00734@example.com,returning,2024-09-08,ORD-02174,Daily Gut + Immunity - Ginger Lemon,3,60.22,LAURA15,healthyanna
customer_00205@example.com,returning,2024-04-05,ORD-02175,Premium Greens - Apple Kiwi,1,33.25,,
customer_00606@example.com,returning,2025-06-25,ORD-02176,Daily Gut Pulver - Lemon,1,38.64,SAVE10,
customer_00497@example.com,returning,2025-04-30,ORD-02177,"Magnesium Drink - Lavender,Daily Fiber Drink - Lemon","2,3",117.68,SAVE10,
customer_00132@example.com,new,2024-01-16,ORD-02178,Vegan Protein Pulver - Neutral,3,79.38,SAVE10,
customer_00233@example.com,returning,2025-03-11,ORD-02179,Vegan Protein Pulver - Vanilla Cinnamon,2,87.61,,healthyanna
customer_00228@example.com,new,2025-12-30,ORD-02180,"Vegan Protein Pulver - Coffee,Daily Gut + Collagen Pulver - Hazelnut","1,3",33.85,,
customer_00445@example.com,returning,2026-04-16,ORD-02181,Vegan Protein Pulver - Cookie Dough,2,52.33,,
customer_00766@example.com,returning,2025-05-03,ORD-02182,Premium Greens - Mango Maracuja,2,115.35,,
customer_00770@example.com,returning,2025-09-30,ORD-02183,Vegan Protein Pulver - Vanilla Cinnamon,3,117.59,SUMMER20,
customer_00284@example.com,returning,2024-03-29,ORD-02184,"Daily Gut + Immunity - Ginger Lemon,Mood Kapseln","2,3",104.41,SAVE10,
customer_00506@example.com,returning,2025-07-27,ORD-02185,"Daily Gut + Collagen Pulver - Hazelnut,Vegan Protein Pulver - Choco","2,1",45.82,,veganmia
customer_00315@example.com,returning,2024-10-02,ORD-02186,Hydrate Drink - Lemon,2,57.81,LAURA15,veganmia
customer_00799@example.com,returning,2025-08-06,ORD-02187,Vegan Protein Pulver - Neutral,2,97.28,,
customer_00011@example.com,new,2026-02-18,ORD-02188,Recharge Drink - Lemon,3,38.0,,
customer_00572@example.com,returning,2026-01-21,ORD-02189,Hydrate Drink - Lemon,1,92.08,,
customer_00064@example.com,returning,2026-01-29,ORD-02190,"Daily Gut Pulver - Raspberry Hibiscus,Magnesium Drink - Lavender","3,3",114.64,,
customer_00178@example.com,returning,2025-08-18,ORD-02191,Hydrate Drink - Lemon,2,99.2,SAVE10,fit_laura
customer_00488@example.com,returning,2025-10-25,ORD-02192,Hydrate Drink - Lemon,1,85.33,,
customer_00754@example.com,new,2024-08-05,ORD-02193,Vegan Glow + Clear Protein Pulver - Mango Maracuja,3,68.42,,
customer_00405@example.com,returning,2025-04-23,ORD-02194,"Daily Gut + Immunity - Ginger Lemon,Immune Protect Drink - Ginger Lemon","3,2",37.48,,
customer_00397@example.com,returning,2026-04-16,ORD-02195,"Daily Fiber Drink - Lemon,Immune Protect Drink - Ginger Lemon","2,3",74.17,,healthyanna
customer_00623@example.com,returning,2025-08-13,ORD-02196,Daily Gut Creamy - Creamy Matcha,2,105.1,SUMMER20,
customer_00011@example.com,new,2024-10-24,ORD-02197,"Recharge Drink - Tropical Fruits,Magnesium Drink - Lavender","3,3",117.75,SAVE10,
customer_00372@example.com,returning,2025-12-23,ORD-02198,Magnesium Komplex Kapseln,2,48.56,LAURA15,fit_laura
customer_00273@example.com,returning,2026-04-17,ORD-02199,"Daily Gut + Collagen Pulver - Hazelnut,Vegan Basics,Vegan Glow + Clear Protein Pulver - Mango Maracuja","1,2,3",63.43,SAVE10,
customer_00717@example.com,new,2025-08-11,ORD-02200,"Daily Collagen Pulver - Neutral,Immune Protect Drink - Ginger Lemon","1,2",86.03,,
customer_00794@example.com,returning,2024-08-11,ORD-02201,Daily Gut Pulver - Lemon,2,72.73,,
customer_00337@example.com,returning,2025-12-14,ORD-02202,"Daily Gut Creamy - Creamy Pistachio,Daily Fiber Drink - Lemon","1,1",73.93,SUMMER20,
customer_00632@example.com,returning,2025-11-17,ORD-02203,"Vegan Basics,Mood Kapseln","1,3",85.5,SAVE10,
customer_00584@example.com,returning,2026-02-22,ORD-02204,Daily Collagen Pulver - Vanilla,1,91.52,,
customer_00079@example.com,returning,2024-07-29,ORD-02205,Daily Fiber Drink - Lemon,1,42.75,,
customer_00062@example.com,returning,2025-11-20,ORD-02206,"Daily Fiber Drink - Lemon,Premium Greens - Apple Kiwi","2,3",119.54,BLACKWEEK,veganmia
customer_00549@example.com,returning,2026-01-25,ORD-02207,"Mood Kapseln,Daily Collagen Pulver - Vanilla,Daily Glow Pulver - Raspberry Lemon","3,1,2",111.87,,healthyanna
customer_00006@example.com,new,2024-06-10,ORD-02208,Recharge Drink - Lemon,1,27.87,,
customer_00735@example.com,new,2024-04-25,ORD-02209,"Immune Protect Drink - Ginger Lemon,Vegan Glow + Clear Protein Pulver - Mango Maracuja","3,2",51.82,SAVE10,
customer_00793@example.com,returning,2024-03-06,ORD-02210,Magnesium Komplex Kapseln,1,83.61,SUMMER20,
customer_00551@example.com,returning,2024-08-25,ORD-02211,Daily Gut Pulver - Mango Maracuja,2,78.33,,veganmia
customer_00524@example.com,returning,2026-01-12,ORD-02212,"Hydrate Drink - Lemon,Vegan Glow + Clear Protein Pulver - Mango Maracuja","3,3",76.18,,healthyanna
customer_00424@example.com,returning,2025-11-10,ORD-02213,Daily Gut Pulver - Mango Maracuja,3,46.07,,
customer_00116@example.com,returning,2026-03-01,ORD-02214,Vegan Basics,1,80.19,,
customer_00740@example.com,returning,2025-05-02,ORD-02215,"Vegan Basics,Daily Gut + Immunity - Ginger Lemon","1,2",30.17,BLACKWEEK,fit_laura
customer_00613@example.com,returning,2024-06-12,ORD-02216,"Magnesium Komplex Kapseln,Recharge Drink - Tropical Fruits,Daily Gut Creamy - Creamy Matcha","1,1,3",63.2,,healthyanna
customer_00541@example.com,returning,2025-06-23,ORD-02217,Magnesium Komplex Kapseln,3,55.99,,
customer_00030@example.com,returning,2025-10-08,ORD-02218,"Daily Gut Pulver - Raspberry Hibiscus,Gut Restore Kapseln","3,3",51.18,,veganmia
customer_00077@example.com,returning,2024-04-22,ORD-02219,Daily Gut Pulver - Mango Maracuja,3,41.29,,healthyanna
customer_00483@example.com,returning,2024-01-18,ORD-02220,Daily Glow Pulver - Raspberry Lemon,3,47.81,SUMMER20,fit_laura
customer_00122@example.com,returning,2024-10-02,ORD-02221,Premium Greens - Mango Maracuja,1,45.74,,
customer_00609@example.com,returning,2024-03-24,ORD-02222,Premium Greens - Mango Maracuja,2,41.97,SAVE10,
customer_00753@example.com,returning,2025-08-22,ORD-02223,"Daily Glow Pulver - Raspberry Lemon,Recharge Drink - Lemon","3,1",33.55,SAVE10,
customer_00159@example.com,returning,2025-09-16,ORD-02224,"Gut Restore Kapseln,Summer Collagen - Mango Passionfruit,Vegan Glow + Clear Protein Pulver - Mango Maracuja","1,3,2",60.79,LAURA15,fit_laura
customer_00779@example.com,returning,2024-05-16,ORD-02225,Daily Glow Pulver - Raspberry Lemon,1,105.22,,
customer_00706@example.com,returning,2025-05-28,ORD-02226,Summer Collagen - Mango Passionfruit,1,96.62,,
customer_00716@example.com,returning,2025-02-13,ORD-02227,Gut Restore Kapseln,2,103.57,LAURA15,fit_laura
customer_00278@example.com,returning,2024-09-11,ORD-02228,"Vegan Basics,Immune Protect Drink - Ginger Lemon","1,3",74.19,,
customer_00283@example.com,returning,2025-09-10,ORD-02229,"Daily Fiber Drink - Lemon,Magnesium Komplex Kapseln,Daily Glow Pulver - Raspberry Lemon","1,2,2",98.67,,
customer_00541@example.com,returning,2025-08-03,ORD-02230,Daily Gut + Collagen Pulver - Hazelnut,1,102.58,,
customer_00682@example.com,new,2025-01-28,ORD-02231,"Daily Glow Pulver - Raspberry Lemon,Daily Gut Creamy - Creamy Pistachio,Hydrate Drink - Lemon","3,1,2",64.61,SAVE10,veganmia
customer_00074@example.com,new,2024-11-24,ORD-02232,"Daily Gut + Collagen Pulver - Hazelnut,Magnesium Komplex Kapseln,Premium Greens - Apple Kiwi","2,3,3",96.39,LAURA15,
customer_00752@example.com,returning,2025-09-17,ORD-02233,Daily Fiber Drink - Lemon,3,42.79,,
customer_00799@example.com,returning,2024-02-20,ORD-02234,Recharge Drink - Tropical Fruits,1,74.71,SUMMER20,
customer_00257@example.com,new,2024-05-09,ORD-02235,"Vegan Glow + Clear Protein Pulver - Mango Maracuja,Daily Collagen Pulver - Neutral","1,3",63.23,SUMMER20,healthyanna
customer_00030@example.com,returning,2025-02-12,ORD-02236,Daily Gut + Immunity - Ginger Lemon,2,38.95,LAURA15,fit_laura
customer_00631@example.com,returning,2024-11-03,ORD-02237,"Daily Gut + Immunity - Ginger Lemon,Recharge Drink - Lemon","1,3",36.23,LAURA15,healthyanna
customer_00209@example.com,returning,2024-05-15,ORD-02238,Daily Gut + Collagen Pulver - Neutral,2,28.15,,veganmia
customer_00627@example.com,new,2024-10-30,ORD-02239,Magnesium Drink - Lavender,2,111.32,SUMMER20,veganmia
customer_00337@example.com,returning,2025-03-12,ORD-02240,"Daily Glow Pulver - Raspberry Lemon,Daily Gut Creamy - Creamy Pistachio","1,1",65.67,LAURA15,fit_laura
customer_00104@example.com,new,2025-06-30,ORD-02241,"Hydrate Drink - Lemon,Immune Protect Drink - Ginger Lemon","1,3",37.51,,
customer_00004@example.com,returning,2025-09-22,ORD-02242,Summer Collagen - Mango Passionfruit,3,63.81,LAURA15,fit_laura
customer_00102@example.com,returning,2024-09-20,ORD-02243,"Magnesium Komplex Kapseln,Magnesium Drink - Lavender,Mood Kapseln","3,1,1",36.45,,
customer_00167@example.com,returning,2024-04-09,ORD-02244,Daily Gut + Immunity - Ginger Lemon,2,26.21,,
customer_00508@example.com,returning,2024-03-04,ORD-02245,Vegan Protein Pulver - Choco,1,46.45,,
customer_00088@example.com,returning,2025-06-12,ORD-02246,"Premium Greens - Apple Kiwi,Daily Gut Creamy - Creamy Pistachio","3,3",71.01,LAURA15,healthyanna
customer_00215@example.com,returning,2024-11-13,ORD-02247,Vegan Protein Pulver - Vanilla Cinnamon,3,51.13,,veganmia
customer_00459@example.com,returning,2025-03-30,ORD-02248,Daily Gut Pulver - Mango Maracuja,2,96.23,SAVE10,
customer_00547@example.com,new,2025-12-09,ORD-02249,Daily Glow Pulver - Raspberry Lemon,2,104.51,SAVE10,healthyanna
customer_00423@example.com,new,2024-04-01,ORD-02250,Daily Gut + Immunity - Ginger Lemon,3,70.92,LAURA15,fit_laura
customer_00244@example.com,returning,2025-07-25,ORD-02251,"Premium Greens - Apple Kiwi,Immune Protect Drink - Ginger Lemon,Summer Collagen - Mango Passionfruit","2,2,2",100.5,BLACKWEEK,fit_laura
customer_00521@example.com,returning,2025-04-07,ORD-02252,Summer Collagen - Mango Passionfruit,3,49.75,,healthyanna
customer_00735@example.com,new,2026-04-20,ORD-02253,"Daily Fiber Drink - Lemon,Summer Collagen - Mango Passionfruit","3,2",69.92,LAURA15,fit_laura
customer_00051@example.com,returning,2024-11-15,ORD-02254,Daily Gut + Collagen Pulver - Hazelnut,1,36.14,,
customer_00282@example.com,returning,2026-02-26,ORD-02255,"Vegan Glow + Clear Protein Pulver - Mango Maracuja,Immune Protect Drink - Ginger Lemon,Daily Glow Pulver - Raspberry Lemon","1,3,3",40.23,,
customer_00756@example.com,new,2025-11-06,ORD-02256,"Vegan Glow + Clear Protein Pulver - Mango Maracuja,Vegan Basics","3,3",67.26,SAVE10,
customer_00553@example.com,returning,2025-01-26,ORD-02257,Daily Fiber Drink - Lemon,1,51.84,BLACKWEEK,
customer_00447@example.com,returning,2024-07-13,ORD-02258,"Vegan Protein Pulver - Choco,Daily Gut + Collagen Pulver - Neutral","2,1",82.47,SAVE10,
customer_00479@example.com,returning,2025-05-14,ORD-02259,Daily Gut Pulver - Lemon,3,29.04,LAURA15,fit_laura
customer_00737@example.com,returning,2024-03-21,ORD-02260,"Immune Protect Drink - Ginger Lemon,Mood Kapseln,Daily Gut Creamy - Creamy Matcha","1,3,3",33.73,LAURA15,
customer_00697@example.com,returning,2025-07-28,ORD-02261,"Daily Glow Pulver - Raspberry Lemon,Daily Fiber Drink - Lemon","1,2",29.47,,
customer_00166@example.com,returning,2026-03-28,ORD-02262,"Vegan Glow + Clear Protein Pulver - Mango Maracuja,Premium Greens - Mango Maracuja","1,1",89.96,,
customer_00162@example.com,returning,2025-05-02,ORD-02263,Magnesium Drink - Blueberry Lemon,3,70.35,SAVE10,
customer_00279@example.com,returning,2025-10-17,ORD-02264,Hydrate Drink - Lemon,2,110.06,SUMMER20,fit_laura
customer_00081@example.com,returning,2026-01-16,ORD-02265,Daily Gut + Immunity - Ginger Lemon,2,48.17,,healthyanna
customer_00278@example.com,returning,2024-07-03,ORD-02266,Mood Kapseln,2,48.58,,veganmia
customer_00719@example.com,returning,2026-01-27,ORD-02267,"Daily Fiber Drink - Lemon,Daily Gut Pulver - Raspberry Hibiscus","1,1",75.79,BLACKWEEK,
customer_00016@example.com,returning,2025-06-13,ORD-02268,Mood Kapseln,1,63.12,,
customer_00338@example.com,returning,2024-05-12,ORD-02269,"Daily Gut Creamy - Creamy Matcha,Daily Fiber Drink - Lemon,Vegan Glow + Clear Protein Pulver - Mango Maracuja","2,1,1",94.44,SAVE10,
customer_00656@example.com,returning,2024-08-09,ORD-02270,Magnesium Komplex Kapseln,1,80.73,SAVE10,healthyanna
customer_00606@example.com,returning,2024-05-26,ORD-02271,Premium Greens - Apple Kiwi,3,59.66,SAVE10,
customer_00023@example.com,returning,2024-08-24,ORD-02272,"Magnesium Drink - Blueberry Lemon,Premium Greens - Mango Maracuja","2,3",106.46,,
customer_00588@example.com,returning,2024-12-23,ORD-02273,"Premium Greens - Apple Kiwi,Daily Fiber Drink - Lemon","1,1",112.14,,veganmia
customer_00504@example.com,returning,2024-08-18,ORD-02274,"Magnesium Drink - Blueberry Lemon,Hydrate Drink - Lemon,Immune Protect Drink - Ginger Lemon","1,2,3",73.81,,
customer_00127@example.com,returning,2025-10-06,ORD-02275,Immune Protect Drink - Ginger Lemon,3,58.29,,
customer_00216@example.com,returning,2024-06-20,ORD-02276,Recharge Drink - Lemon,2,81.73,SUMMER20,
customer_00702@example.com,returning,2024-11-18,ORD-02277,Daily Collagen Pulver - Vanilla,3,91.44,SAVE10,
customer_00389@example.com,returning,2025-07-08,ORD-02278,Magnesium Komplex Kapseln,2,65.19,,veganmia
customer_00458@example.com,returning,2024-05-14,ORD-02279,Gut Restore Kapseln,2,43.69,SAVE10,
customer_00064@example.com,returning,2025-11-28,ORD-02280,Summer Collagen - Mango Passionfruit,1,25.41,LAURA15,
customer_00451@example.com,returning,2025-03-09,ORD-02281,Daily Gut + Immunity - Ginger Lemon,2,30.13,,healthyanna
customer_00539@example.com,returning,2024-11-05,ORD-02282,Daily Gut Creamy - Creamy Pistachio,1,32.13,,veganmia
customer_00251@example.com,returning,2025-12-27,ORD-02283,Recharge Drink - Lemon,3,60.66,SAVE10,
customer_00270@example.com,new,2024-11-22,ORD-02284,"Summer Collagen - Mango Passionfruit,Vegan Protein Pulver - Vanilla Cinnamon","3,3",93.65,SAVE10,
customer_00126@example.com,returning,2025-08-17,ORD-02285,Daily Gut + Immunity - Ginger Lemon,2,45.41,,
customer_00338@example.com,returning,2024-09-27,ORD-02286,Daily Collagen Pulver - Neutral,1,84.58,,
customer_00572@example.com,returning,2026-03-01,ORD-02287,Immune Protect Drink - Ginger Lemon,2,42.64,SAVE10,
customer_00248@example.com,returning,2024-01-27,ORD-02288,"Mood Kapseln,Daily Gut + Collagen Pulver - Hazelnut,Daily Gut + Immunity - Ginger Lemon","1,3,3",82.33,SUMMER20,veganmia
customer_00442@example.com,returning,2026-03-16,ORD-02289,Vegan Protein Pulver - Choco,1,89.85,LAURA15,
customer_00215@example.com,returning,2025-07-28,ORD-02290,Daily Fiber Drink - Lemon,2,112.55,SUMMER20,fit_laura
customer_00329@example.com,new,2024-09-21,ORD-02291,Premium Greens - Mango Maracuja,2,40.71,SUMMER20,
customer_00484@example.com,returning,2025-12-06,ORD-02292,"Premium Greens - Apple Kiwi,Vegan Glow + Clear Protein Pulver - Mango Maracuja,Magnesium Drink - Blueberry Lemon","1,1,1",119.2,,healthyanna
customer_00066@example.com,returning,2024-05-21,ORD-02293,Vegan Protein Pulver - Choco,1,45.18,,
customer_00304@example.com,returning,2024-12-05,ORD-02294,Daily Gut + Immunity - Ginger Lemon,3,102.89,LAURA15,fit_laura
customer_00086@example.com,returning,2025-03-29,ORD-02295,Hydrate Drink - Lemon,1,55.74,SAVE10,
customer_00582@example.com,returning,2024-09-08,ORD-02296,"Daily Gut + Immunity - Ginger Lemon,Vegan Protein Pulver - Cookie Dough","1,1",45.28,,
customer_00158@example.com,new,2025-04-23,ORD-02297,Magnesium Komplex Kapseln,1,69.35,,
customer_00208@example.com,returning,2024-07-31,ORD-02298,"Magnesium Komplex Kapseln,Vegan Basics,Daily Gut Creamy - Creamy Pistachio","2,3,1",78.06,SAVE10,
customer_00053@example.com,returning,2025-09-30,ORD-02299,Daily Gut Creamy - Creamy Pistachio,3,72.83,SUMMER20,
customer_00311@example.com,returning,2026-03-21,ORD-02300,Recharge Drink - Tropical Fruits,3,92.27,LAURA15,fit_laura
customer_00745@example.com,returning,2026-03-11,ORD-02301,Mood Kapseln,1,97.07,,
customer_00518@example.com,new,2025-03-16,ORD-02302,Gut Restore Kapseln,1,103.89,SAVE10,
customer_00014@example.com,new,2025-02-25,ORD-02303,"Vegan Glow + Clear Protein Pulver - Mango Maracuja,Daily Fiber Drink - Lemon","3,3",94.25,,
customer_00289@example.com,returning,2024-04-16,ORD-02304,Hydrate Drink - Lemon,3,74.66,LAURA15,
customer_00222@example.com,returning,2025-09-03,ORD-02305,"Daily Gut + Collagen Pulver - Hazelnut,Mood Kapseln,Hydrate Drink - Lemon","2,1,2",91.71,LAURA15,fit_laura
customer_00677@example.com,returning,2024-05-14,ORD-02306,Magnesium Komplex Kapseln,2,95.8,SUMMER20,
customer_00604@example.com,returning,2026-01-05,ORD-02307,Daily Fiber Drink - Lemon,1,77.07,SUMMER20,healthyanna
customer_00720@example.com,returning,2024-01-05,ORD-02308,"Immune Protect Drink - Ginger Lemon,Daily Gut + Immunity - Ginger Lemon,Daily Collagen Pulver - Vanilla","3,3,1",91.48,SAVE10,
customer_00186@example.com,new,2025-10-14,ORD-02309,"Magnesium Komplex Kapseln,Premium Greens - Mango Maracuja","1,2",40.35,SUMMER20,
customer_00407@example.com,returning,2025-06-22,ORD-02310,"Vegan Basics,Mood Kapseln","3,1",86.08,,
customer_00664@example.com,new,2025-01-28,ORD-02311,Magnesium Drink - Lavender,1,91.27,SAVE10,
customer_00748@example.com,new,2026-02-04,ORD-02312,Hydrate Drink - Lemon,2,118.06,,
customer_00613@example.com,returning,2025-12-04,ORD-02313,Hydrate Drink - Lemon,1,67.16,,
customer_00275@example.com,new,2025-09-27,ORD-02314,Daily Fiber Drink - Lemon,3,106.52,SAVE10,
customer_00455@example.com,returning,2025-03-03,ORD-02315,Daily Fiber Drink - Lemon,1,32.95,SUMMER20,fit_laura
customer_00410@example.com,new,2026-01-20,ORD-02316,Daily Collagen Pulver - Vanilla,2,67.71,,
customer_00518@example.com,new,2024-12-01,ORD-02317,Hydrate Drink - Lemon,2,96.4,,
customer_00367@example.com,new,2024-01-08,ORD-02318,"Summer Collagen - Mango Passionfruit,Daily Collagen Pulver - Vanilla","2,2",29.97,SAVE10,
customer_00536@example.com,returning,2025-11-30,ORD-02319,Vegan Basics,3,30.46,,veganmia
customer_00073@example.com,returning,2024-06-28,ORD-02320,Summer Collagen - Mango Passionfruit,2,109.72,SUMMER20,healthyanna
customer_00309@example.com,returning,2026-03-31,ORD-02321,Vegan Basics,2,105.56,SUMMER20,fit_laura
customer_00206@example.com,returning,2026-04-20,ORD-02322,Magnesium Komplex Kapseln,1,69.65,,
customer_00042@example.com,returning,2024-06-06,ORD-02323,"Gut Restore Kapseln,Daily Gut Pulver - Raspberry Hibiscus","2,1",112.05,,
customer_00524@example.com,returning,2024-02-01,ORD-02324,"Daily Gut Creamy - Creamy Matcha,Premium Greens - Mango Maracuja","3,3",118.4,LAURA15,fit_laura
customer_00795@example.com,returning,2025-09-13,ORD-02325,"Daily Gut + Immunity - Ginger Lemon,Vegan Protein Pulver - Neutral","3,1",70.18,BLACKWEEK,
customer_00496@example.com,returning,2024-08-02,ORD-02326,"Daily Gut + Collagen Pulver - Hazelnut,Mood Kapseln","2,1",59.44,BLACKWEEK,
customer_00624@example.com,returning,2024-07-28,ORD-02327,Daily Gut Pulver - Mango Maracuja,2,58.62,LAURA15,fit_laura
customer_00788@example.com,returning,2025-05-25,ORD-02328,Mood Kapseln,3,85.82,LAURA15,fit_laura
customer_00228@example.com,new,2025-11-04,ORD-02329,Daily Gut Pulver - Mango Maracuja,3,118.35,SUMMER20,fit_laura
customer_00001@example.com,new,2024-04-02,ORD-02330,Hydrate Drink - Lemon,1,58.61,LAURA15,fit_laura
customer_00543@example.com,new,2024-06-06,ORD-02331,"Daily Glow Pulver - Raspberry Lemon,Magnesium Drink - Blueberry Lemon","3,2",28.88,,
customer_00098@example.com,new,2025-04-16,ORD-02332,Gut Restore Kapseln,2,59.44,,
customer_00374@example.com,new,2025-09-12,ORD-02333,"Daily Collagen Pulver - Vanilla,Recharge Drink - Lemon,Daily Gut + Immunity - Ginger Lemon","3,3,1",55.4,SUMMER20,fit_laura
customer_00656@example.com,returning,2024-09-07,ORD-02334,Daily Fiber Drink - Lemon,1,86.44,SUMMER20,
customer_00225@example.com,new,2026-01-03,ORD-02335,Magnesium Komplex Kapseln,3,84.16,,
customer_00286@example.com,new,2025-03-30,ORD-02336,Magnesium Komplex Kapseln,2,43.28,BLACKWEEK,
customer_00002@example.com,returning,2024-04-04,ORD-02337,Premium Greens - Apple Kiwi,3,118.26,,healthyanna
customer_00542@example.com,returning,2025-09-29,ORD-02338,"Daily Gut + Immunity - Ginger Lemon,Gut Restore Kapseln,Vegan Basics","2,2,2",77.13,,
customer_00023@example.com,returning,2024-06-04,ORD-02339,"Daily Glow Pulver - Raspberry Lemon,Vegan Glow + Clear Protein Pulver - Mango Maracuja,Daily Gut + Collagen Pulver - Neutral","3,1,1",108.97,SAVE10,
customer_00233@example.com,returning,2024-10-06,ORD-02340,Daily Gut + Collagen Pulver - Hazelnut,1,107.93,,
customer_00731@example.com,returning,2025-04-02,ORD-02341,Gut Restore Kapseln,3,80.19,,
customer_00720@example.com,returning,2024-07-26,ORD-02342,Gut Restore Kapseln,2,81.37,,
customer_00079@example.com,returning,2025-05-20,ORD-02343,"Immune Protect Drink - Ginger Lemon,Daily Gut + Collagen Pulver - Hazelnut,Daily Gut Creamy - Creamy Matcha","3,2,2",82.24,,healthyanna
customer_00571@example.com,new,2025-06-01,ORD-02344,Summer Collagen - Mango Passionfruit,1,50.04,LAURA15,
customer_00524@example.com,returning,2025-12-02,ORD-02345,Vegan Protein Pulver - Neutral,1,70.5,SAVE10,veganmia
customer_00081@example.com,returning,2024-04-27,ORD-02346,Daily Gut + Collagen Pulver - Neutral,3,113.89,SUMMER20,healthyanna
customer_00683@example.com,returning,2026-04-15,ORD-02347,"Magnesium Drink - Blueberry Lemon,Daily Gut + Immunity - Ginger Lemon","1,3",101.8,SUMMER20,healthyanna
customer_00664@example.com,new,2025-08-23,ORD-02348,"Daily Gut Pulver - Mango Maracuja,Daily Fiber Drink - Lemon","3,1",37.54,LAURA15,fit_laura
customer_00492@example.com,new,2025-11-08,ORD-02349,"Daily Gut + Collagen Pulver - Hazelnut,Immune Protect Drink - Ginger Lemon","2,1",53.86,,
customer_00465@example.com,returning,2024-12-12,ORD-02350,"Vegan Glow + Clear Protein Pulver - Mango Maracuja,Magnesium Drink - Lavender,Daily Gut Creamy - Creamy Pistachio","2,2,3",58.66,LAURA15,
customer_00456@example.com,returning,2026-04-04,ORD-02351,Mood Kapseln,1,87.53,SUMMER20,healthyanna
customer_00223@example.com,returning,2025-03-26,ORD-02352,Magnesium Drink - Lavender,3,89.23,LAURA15,fit_laura
customer_00033@example.com,returning,2025-12-28,ORD-02353,Daily Gut + Immunity - Ginger Lemon,3,103.11,,
customer_00269@example.com,returning,2024-03-06,ORD-02354,Summer Collagen - Mango Passionfruit,1,54.31,,healthyanna
customer_00494@example.com,new,2026-04-18,ORD-02355,"Daily Collagen Pulver - Vanilla,Daily Glow Pulver - Raspberry Lemon,Vegan Glow + Clear Protein Pulver - Mango Maracuja","1,2,1",113.77,,
customer_00546@example.com,returning,2024-08-25,ORD-02356,"Daily Gut Creamy - Creamy Pistachio,Gut Restore Kapseln","3,3",85.69,SUMMER20,fit_laura
customer_00309@example.com,returning,2025-08-11,ORD-02357,"Hydrate Drink - Lemon,Summer Collagen - Mango Passionfruit","3,2",101.97,,
customer_00025@example.com,returning,2024-08-11,ORD-02358,"Vegan Glow + Clear Protein Pulver - Mango Maracuja,Magnesium Komplex Kapseln,Immune Protect Drink - Ginger Lemon","1,2,1",97.05,,
customer_00518@example.com,new,2025-11-09,ORD-02359,"Daily Collagen Pulver - Vanilla,Summer Collagen - Mango Passionfruit","2,3",66.72,SUMMER20,veganmia
customer_00106@example.com,returning,2025-08-01,ORD-02360,Immune Protect Drink - Ginger Lemon,3,103.84,SUMMER20,fit_laura
customer_00339@example.com,returning,2024-11-03,ORD-02361,Recharge Drink - Tropical Fruits,1,33.59,SUMMER20,
customer_00754@example.com,new,2025-08-20,ORD-02362,Immune Protect Drink - Ginger Lemon,3,66.12,LAURA15,
customer_00398@example.com,returning,2025-04-27,ORD-02363,Gut Restore Kapseln,2,92.36,,
customer_00398@example.com,returning,2025-10-27,ORD-02364,Daily Collagen Pulver - Vanilla,3,32.82,,
customer_00642@example.com,new,2024-12-10,ORD-02365,Daily Collagen Pulver - Vanilla,1,26.25,SAVE10,
customer_00165@example.com,returning,2024-08-21,ORD-02366,"Daily Gut + Immunity - Ginger Lemon,Vegan Basics","2,3",99.83,BLACKWEEK,
customer_00307@example.com,new,2026-04-10,ORD-02367,"Mood Kapseln,Daily Fiber Drink - Lemon","3,3",67.73,,
customer_00026@example.com,returning,2025-03-10,ORD-02368,"Daily Glow Pulver - Raspberry Lemon,Daily Gut + Collagen Pulver - Hazelnut","2,1",116.37,SUMMER20,fit_laura
customer_00649@example.com,returning,2024-04-29,ORD-02369,Daily Gut Pulver - Lemon,3,77.99,SUMMER20,
customer_00193@example.com,returning,2025-02-27,ORD-02370,Gut Restore Kapseln,1,66.37,,
customer_00079@example.com,returning,2026-04-10,ORD-02371,Magnesium Drink - Lavender,1,115.26,SUMMER20,
customer_00032@example.com,returning,2025-09-20,ORD-02372,Daily Glow Pulver - Raspberry Lemon,3,80.9,,
customer_00040@example.com,returning,2025-05-14,ORD-02373,Vegan Protein Pulver - Coffee,2,59.02,,
customer_00758@example.com,returning,2024-06-02,ORD-02374,Mood Kapseln,3,85.39,,healthyanna
customer_00282@example.com,returning,2024-03-05,ORD-02375,"Daily Collagen Pulver - Vanilla,Hydrate Drink - Lemon","1,1",68.5,,
customer_00404@example.com,returning,2025-01-23,ORD-02376,"Magnesium Komplex Kapseln,Recharge Drink - Tropical Fruits,Daily Glow Pulver - Raspberry Lemon","1,3,1",45.73,SUMMER20,
customer_00581@example.com,returning,2025-08-19,ORD-02377,Summer Collagen - Mango Passionfruit,3,97.0,,
customer_00654@example.com,new,2025-09-14,ORD-02378,Gut Restore Kapseln,2,29.27,,healthyanna
customer_00221@example.com,returning,2026-03-09,ORD-02379,"Immune Protect Drink - Ginger Lemon,Magnesium Drink - Lavender,Daily Gut Pulver - Raspberry Hibiscus","3,2,3",52.41,,
customer_00699@example.com,new,2025-06-30,ORD-02380,Immune Protect Drink - Ginger Lemon,2,111.51,SUMMER20,veganmia
customer_00234@example.com,new,2024-09-15,ORD-02381,Recharge Drink - Lemon,1,112.89,BLACKWEEK,
customer_00282@example.com,returning,2025-08-17,ORD-02382,Daily Gut + Immunity - Ginger Lemon,3,103.8,,
customer_00152@example.com,returning,2025-08-26,ORD-02383,Daily Collagen Pulver - Vanilla,3,103.27,,
customer_00218@example.com,returning,2024-09-06,ORD-02384,Daily Gut Pulver - Mango Maracuja,1,66.88,,
customer_00666@example.com,returning,2024-03-02,ORD-02385,Daily Collagen Pulver - Neutral,1,34.49,SAVE10,
customer_00713@example.com,returning,2024-11-28,ORD-02386,Vegan Glow + Clear Protein Pulver - Mango Maracuja,2,33.75,BLACKWEEK,
customer_00066@example.com,returning,2025-10-08,ORD-02387,Magnesium Komplex Kapseln,3,34.87,SUMMER20,
customer_00015@example.com,returning,2024-02-16,ORD-02388,Immune Protect Drink - Ginger Lemon,3,83.44,BLACKWEEK,
customer_00415@example.com,returning,2025-10-19,ORD-02389,"Magnesium Drink - Lavender,Magnesium Komplex Kapseln","1,2",77.05,LAURA15,fit_laura
customer_00002@example.com,returning,2024-09-26,ORD-02390,Magnesium Komplex Kapseln,1,42.02,,healthyanna
customer_00760@example.com,returning,2024-02-25,ORD-02391,Daily Fiber Drink - Lemon,1,42.58,LAURA15,veganmia
customer_00514@example.com,new,2024-05-21,ORD-02392,Magnesium Drink - Lavender,3,40.98,LAURA15,fit_laura
customer_00758@example.com,returning,2025-05-06,ORD-02393,Recharge Drink - Tropical Fruits,1,28.48,,
customer_00322@example.com,new,2025-03-10,ORD-02394,Magnesium Drink - Blueberry Lemon,1,109.82,,healthyanna
customer_00210@example.com,new,2024-11-23,ORD-02395,"Vegan Basics,Daily Glow Pulver - Raspberry Lemon","1,2",47.05,SAVE10,fit_laura
customer_00601@example.com,returning,2025-11-01,ORD-02396,Premium Greens - Apple Kiwi,2,27.62,SUMMER20,
customer_00679@example.com,returning,2024-08-16,ORD-02397,"Daily Gut Creamy - Creamy Matcha,Daily Gut + Immunity - Ginger Lemon","1,3",79.71,LAURA15,
customer_00197@example.com,new,2026-03-26,ORD-02398,Premium Greens - Mango Maracuja,1,45.39,BLACKWEEK,
customer_00249@example.com,returning,2024-11-07,ORD-02399,"Hydrate Drink - Lemon,Magnesium Drink - Lavender","3,2",42.64,LAURA15,veganmia
customer_00409@example.com,new,2024-09-27,ORD-02400,Recharge Drink - Lemon,2,80.45,SUMMER20,fit_laura
customer_00440@example.com,returning,2024-09-10,ORD-02401,Hydrate Drink - Lemon,3,66.54,LAURA15,fit_laura
customer_00464@example.com,returning,2024-12-30,ORD-02402,"Mood Kapseln,Vegan Glow + Clear Protein Pulver - Mango Maracuja","3,1",63.45,LAURA15,
customer_00792@example.com,returning,2025-07-30,ORD-02403,Premium Greens - Mango Maracuja,2,105.47,,
customer_00273@example.com,returning,2025-09-26,ORD-02404,Daily Fiber Drink - Lemon,2,112.03,SAVE10,
customer_00426@example.com,returning,2025-02-18,ORD-02405,Hydrate Drink - Lemon,2,105.65,LAURA15,
customer_00714@example.com,returning,2026-01-06,ORD-02406,Recharge Drink - Lemon,2,55.19,,
customer_00238@example.com,new,2024-06-06,ORD-02407,Immune Protect Drink - Ginger Lemon,1,52.52,LAURA15,
customer_00724@example.com,returning,2024-06-09,ORD-02408,"Daily Fiber Drink - Lemon,Mood Kapseln","2,2",85.89,BLACKWEEK,
customer_00660@example.com,returning,2025-07-15,ORD-02409,"Magnesium Komplex Kapseln,Vegan Protein Pulver - Vanilla Cinnamon","2,1",56.21,,
customer_00767@example.com,returning,2026-01-18,ORD-02410,Daily Gut + Collagen Pulver - Hazelnut,2,76.15,,healthyanna
customer_00303@example.com,returning,2024-04-08,ORD-02411,Daily Gut + Collagen Pulver - Hazelnut,3,58.68,,healthyanna
customer_00229@example.com,returning,2024-01-30,ORD-02412,"Vegan Basics,Daily Gut + Immunity - Ginger Lemon","2,3",48.26,BLACKWEEK,
customer_00509@example.com,returning,2024-04-07,ORD-02413,"Mood Kapseln,Daily Glow Pulver - Raspberry Lemon","1,3",51.02,SAVE10,veganmia
customer_00628@example.com,returning,2026-01-19,ORD-02414,Mood Kapseln,3,51.13,,veganmia
customer_00212@example.com,returning,2026-03-12,ORD-02415,Daily Collagen Pulver - Vanilla,2,98.46,,
customer_00406@example.com,returning,2025-12-20,ORD-02416,Hydrate Drink - Lemon,3,53.17,,veganmia
customer_00768@example.com,returning,2026-02-05,ORD-02417,Vegan Protein Pulver - Neutral,1,113.42,SUMMER20,
customer_00602@example.com,returning,2024-07-04,ORD-02418,"Recharge Drink - Tropical Fruits,Daily Gut Pulver - Lemon","2,2",85.99,BLACKWEEK,healthyanna
customer_00719@example.com,returning,2025-09-06,ORD-02419,"Recharge Drink - Lemon,Gut Restore Kapseln,Daily Gut + Immunity - Ginger Lemon","2,2,1",35.54,LAURA15,
customer_00107@example.com,new,2026-02-18,ORD-02420,"Daily Collagen Pulver - Neutral,Premium Greens - Mango Maracuja,Summer Collagen - Mango Passionfruit","1,3,3",96.66,SAVE10,
customer_00199@example.com,new,2025-05-08,ORD-02421,Hydrate Drink - Lemon,1,87.4,,
customer_00210@example.com,new,2025-09-06,ORD-02422,"Hydrate Drink - Lemon,Immune Protect Drink - Ginger Lemon,Daily Collagen Pulver - Neutral","1,1,1",45.57,,
customer_00075@example.com,returning,2025-11-02,ORD-02423,"Immune Protect Drink - Ginger Lemon,Daily Gut + Immunity - Ginger Lemon,Daily Collagen Pulver - Neutral","1,3,1",110.4,LAURA15,fit_laura
customer_00165@example.com,returning,2025-09-27,ORD-02424,"Daily Gut Creamy - Creamy Pistachio,Daily Glow Pulver - Raspberry Lemon","2,2",82.21,BLACKWEEK,fit_laura
customer_00252@example.com,returning,2025-07-20,ORD-02425,Daily Collagen Pulver - Neutral,2,49.81,,
customer_00159@example.com,returning,2025-08-28,ORD-02426,"Vegan Protein Pulver - Cookie Dough,Magnesium Drink - Blueberry Lemon,Daily Gut + Collagen Pulver - Neutral","2,3,3",34.47,,healthyanna
customer_00556@example.com,returning,2026-03-20,ORD-02427,Daily Gut + Immunity - Ginger Lemon,2,72.07,BLACKWEEK,healthyanna
customer_00208@example.com,returning,2025-06-17,ORD-02428,"Daily Collagen Pulver - Neutral,Recharge Drink - Lemon","1,2",77.79,SUMMER20,fit_laura
customer_00670@example.com,returning,2024-11-20,ORD-02429,Daily Gut + Immunity - Ginger Lemon,1,37.99,,
customer_00496@example.com,returning,2025-09-11,ORD-02430,"Daily Gut + Immunity - Ginger Lemon,Vegan Protein Pulver - Vanilla Cinnamon,Magnesium Komplex Kapseln","3,2,2",31.82,LAURA15,
customer_00567@example.com,returning,2026-03-12,ORD-02431,"Daily Gut + Immunity - Ginger Lemon,Daily Gut Creamy - Creamy Matcha","2,3",79.87,BLACKWEEK,
customer_00293@example.com,returning,2024-03-18,ORD-02432,Daily Glow Pulver - Raspberry Lemon,2,92.45,SAVE10,
customer_00084@example.com,returning,2025-07-15,ORD-02433,"Vegan Protein Pulver - Coffee,Magnesium Drink - Lavender,Daily Gut Creamy - Creamy Matcha","3,3,2",49.06,,healthyanna
customer_00352@example.com,returning,2024-03-17,ORD-02434,Magnesium Drink - Blueberry Lemon,3,25.19,,
customer_00648@example.com,returning,2025-06-17,ORD-02435,Mood Kapseln,3,74.94,,
customer_00367@example.com,new,2024-04-18,ORD-02436,Recharge Drink - Tropical Fruits,1,81.13,LAURA15,fit_laura
customer_00643@example.com,new,2026-03-07,ORD-02437,"Magnesium Drink - Lavender,Magnesium Komplex Kapseln","2,1",72.96,,
customer_00149@example.com,returning,2026-02-17,ORD-02438,"Premium Greens - Apple Kiwi,Gut Restore Kapseln","2,2",87.07,SUMMER20,
customer_00414@example.com,returning,2025-11-10,ORD-02439,Hydrate Drink - Lemon,1,29.07,SAVE10,
customer_00301@example.com,returning,2024-09-23,ORD-02440,"Hydrate Drink - Lemon,Daily Collagen Pulver - Vanilla","1,3",28.85,SUMMER20,
customer_00717@example.com,new,2025-07-08,ORD-02441,Daily Collagen Pulver - Neutral,1,81.95,,
customer_00688@example.com,returning,2025-04-28,ORD-02442,Daily Collagen Pulver - Vanilla,1,63.73,SAVE10,veganmia
customer_00196@example.com,returning,2024-08-22,ORD-02443,Daily Collagen Pulver - Neutral,2,38.57,SUMMER20,veganmia
customer_00151@example.com,new,2025-04-27,ORD-02444,Immune Protect Drink - Ginger Lemon,2,56.04,LAURA15,fit_laura
customer_00159@example.com,returning,2024-04-04,ORD-02445,Summer Collagen - Mango Passionfruit,1,28.71,LAURA15,fit_laura
customer_00769@example.com,returning,2025-12-22,ORD-02446,Gut Restore Kapseln,1,35.97,BLACKWEEK,
customer_00252@example.com,returning,2024-05-29,ORD-02447,Daily Gut Pulver - Mango Maracuja,1,40.65,,
customer_00658@example.com,new,2025-10-16,ORD-02448,Daily Glow Pulver - Raspberry Lemon,2,91.52,BLACKWEEK,
customer_00680@example.com,returning,2024-01-30,ORD-02449,Mood Kapseln,3,37.12,LAURA15,
customer_00553@example.com,returning,2025-12-30,ORD-02450,Daily Gut + Immunity - Ginger Lemon,2,114.61,,healthyanna
customer_00248@example.com,returning,2024-10-21,ORD-02451,Magnesium Drink - Blueberry Lemon,3,69.61,,healthyanna
customer_00419@example.com,returning,2025-01-29,ORD-02452,"Recharge Drink - Tropical Fruits,Daily Glow Pulver - Raspberry Lemon","1,3",46.09,SAVE10,
customer_00352@example.com,returning,2025-07-25,ORD-02453,Immune Protect Drink - Ginger Lemon,3,80.59,,
customer_00118@example.com,returning,2024-11-22,ORD-02454,"Daily Collagen Pulver - Vanilla,Vegan Glow + Clear Protein Pulver - Mango Maracuja","2,3",102.36,SAVE10,
customer_00565@example.com,returning,2025-07-11,ORD-02455,Summer Collagen - Mango Passionfruit,2,97.16,SAVE10,
customer_00191@example.com,returning,2025-12-07,ORD-02456,Daily Gut Pulver - Mango Maracuja,3,53.31,SAVE10,
customer_00156@example.com,new,2026-01-15,ORD-02457,Immune Protect Drink - Ginger Lemon,1,29.6,BLACKWEEK,
customer_00339@example.com,returning,2025-03-30,ORD-02458,Vegan Glow + Clear Protein Pulver - Mango Maracuja,2,109.9,,
customer_00084@example.com,returning,2025-03-04,ORD-02459,Daily Glow Pulver - Raspberry Lemon,2,88.07,LAURA15,healthyanna
customer_00070@example.com,new,2025-10-12,ORD-02460,Immune Protect Drink - Ginger Lemon,1,26.95,LAURA15,
customer_00287@example.com,new,2024-10-02,ORD-02461,Daily Fiber Drink - Lemon,3,53.62,,
customer_00792@example.com,returning,2026-01-31,ORD-02462,"Premium Greens - Apple Kiwi,Magnesium Drink - Lavender","3,3",38.38,LAURA15,veganmia
customer_00256@example.com,returning,2025-04-10,ORD-02463,Recharge Drink - Tropical Fruits,1,92.4,BLACKWEEK,
customer_00315@example.com,returning,2024-12-01,ORD-02464,Magnesium Drink - Lavender,1,75.78,BLACKWEEK,
customer_00322@example.com,new,2025-07-30,ORD-02465,Daily Gut + Collagen Pulver - Hazelnut,2,101.85,,veganmia
customer_00015@example.com,returning,2026-02-20,ORD-02466,Premium Greens - Mango Maracuja,2,45.23,LAURA15,fit_laura
customer_00672@example.com,returning,2024-03-25,ORD-02467,Magnesium Drink - Lavender,2,55.61,LAURA15,veganmia
customer_00550@example.com,returning,2024-07-07,ORD-02468,"Daily Glow Pulver - Raspberry Lemon,Vegan Basics,Daily Fiber Drink - Lemon","1,1,3",110.96,,
customer_00706@example.com,returning,2024-05-14,ORD-02469,"Daily Gut + Immunity - Ginger Lemon,Gut Restore Kapseln","1,2",27.51,SUMMER20,veganmia
customer_00089@example.com,returning,2025-08-27,ORD-02470,Immune Protect Drink - Ginger Lemon,1,41.73,LAURA15,
customer_00415@example.com,returning,2024-05-09,ORD-02471,Vegan Protein Pulver - Coffee,1,102.84,LAURA15,
customer_00769@example.com,returning,2024-11-05,ORD-02472,Vegan Protein Pulver - Cookie Dough,1,75.51,SAVE10,veganmia
customer_00366@example.com,returning,2024-04-18,ORD-02473,Daily Glow Pulver - Raspberry Lemon,2,79.76,SAVE10,healthyanna
customer_00658@example.com,new,2025-09-10,ORD-02474,Summer Collagen - Mango Passionfruit,2,30.87,BLACKWEEK,
customer_00059@example.com,new,2025-01-20,ORD-02475,"Premium Greens - Mango Maracuja,Magnesium Drink - Lavender","1,1",92.98,,veganmia
customer_00693@example.com,returning,2025-09-06,ORD-02476,Mood Kapseln,3,54.36,,
customer_00744@example.com,returning,2026-01-14,ORD-02477,Daily Glow Pulver - Raspberry Lemon,1,101.36,,
customer_00222@example.com,returning,2026-03-11,ORD-02478,Vegan Glow + Clear Protein Pulver - Mango Maracuja,2,75.78,,
customer_00077@example.com,returning,2025-03-30,ORD-02479,Daily Fiber Drink - Lemon,2,26.22,LAURA15,
customer_00757@example.com,returning,2025-11-17,ORD-02480,Recharge Drink - Lemon,1,67.88,BLACKWEEK,healthyanna
customer_00510@example.com,returning,2024-06-30,ORD-02481,Magnesium Komplex Kapseln,2,87.59,LAURA15,fit_laura
customer_00663@example.com,returning,2025-05-03,ORD-02482,"Magnesium Komplex Kapseln,Daily Gut + Immunity - Ginger Lemon","1,3",77.01,,healthyanna
customer_00416@example.com,returning,2025-05-04,ORD-02483,"Daily Gut Creamy - Creamy Matcha,Daily Glow Pulver - Raspberry Lemon","1,3",84.48,,healthyanna
customer_00696@example.com,returning,2025-12-01,ORD-02484,"Daily Gut Pulver - Lemon,Daily Fiber Drink - Lemon,Mood Kapseln","2,2,1",71.2,LAURA15,veganmia
customer_00552@example.com,new,2025-10-24,ORD-02485,Daily Glow Pulver - Raspberry Lemon,1,73.7,,
customer_00424@example.com,returning,2025-09-12,ORD-02486,Mood Kapseln,1,54.6,SUMMER20,
customer_00022@example.com,returning,2024-09-06,ORD-02487,Vegan Glow + Clear Protein Pulver - Mango Maracuja,2,91.79,SUMMER20,
customer_00074@example.com,new,2025-09-19,ORD-02488,Hydrate Drink - Lemon,2,44.83,,
customer_00490@example.com,returning,2024-12-16,ORD-02489,"Immune Protect Drink - Ginger Lemon,Hydrate Drink - Lemon","2,3",79.16,,
customer_00349@example.com,returning,2026-04-03,ORD-02490,"Vegan Basics,Daily Glow Pulver - Raspberry Lemon","1,2",58.54,LAURA15,fit_laura
customer_00717@example.com,new,2025-01-12,ORD-02491,Recharge Drink - Tropical Fruits,2,31.04,LAURA15,
customer_00147@example.com,returning,2025-05-15,ORD-02492,Hydrate Drink - Lemon,2,115.27,LAURA15,
customer_00374@example.com,new,2025-08-25,ORD-02493,"Magnesium Drink - Lavender,Daily Fiber Drink - Lemon","2,3",65.46,,
customer_00168@example.com,returning,2024-01-23,ORD-02494,Daily Gut + Collagen Pulver - Neutral,3,54.15,BLACKWEEK,
customer_00640@example.com,returning,2024-11-30,ORD-02495,Daily Gut Pulver - Mango Maracuja,3,61.39,,veganmia
customer_00341@example.com,returning,2025-09-03,ORD-02496,"Daily Glow Pulver - Raspberry Lemon,Daily Gut Creamy - Creamy Pistachio","1,2",114.74,SUMMER20,
customer_00757@example.com,returning,2025-12-02,ORD-02497,Daily Gut Pulver - Lemon,2,108.35,,
customer_00141@example.com,returning,2024-01-05,ORD-02498,Daily Gut + Collagen Pulver - Hazelnut,2,42.67,,
customer_00200@example.com,new,2024-12-19,ORD-02499,Mood Kapseln,3,117.38,LAURA15,fit_laura
customer_00740@example.com,returning,2025-04-14,ORD-02500,Daily Glow Pulver - Raspberry Lemon,1,27.3,SAVE10,
customer_00235@example.com,new,2024-07-16,ORD-02501,"Vegan Basics,Daily Glow Pulver - Raspberry Lemon","2,3",67.25,LAURA15,veganmia
customer_00748@example.com,new,2024-01-13,ORD-02502,"Daily Gut Creamy - Creamy Pistachio,Hydrate Drink - Lemon","1,2",62.57,,
customer_00416@example.com,returning,2026-03-23,ORD-02503,"Daily Glow Pulver - Raspberry Lemon,Vegan Basics","1,1",103.42,SUMMER20,healthyanna
customer_00027@example.com,returning,2026-03-02,ORD-02504,"Daily Gut Creamy - Creamy Pistachio,Vegan Basics","3,1",116.65,,
customer_00556@example.com,returning,2026-03-19,ORD-02505,Vegan Protein Pulver - Coffee,2,73.4,SAVE10,
customer_00707@example.com,returning,2025-01-25,ORD-02506,Daily Fiber Drink - Lemon,3,25.83,LAURA15,healthyanna
customer_00343@example.com,returning,2024-10-13,ORD-02507,"Hydrate Drink - Lemon,Recharge Drink - Tropical Fruits","3,1",78.98,,
customer_00053@example.com,returning,2025-07-31,ORD-02508,Vegan Protein Pulver - Choco,2,113.4,BLACKWEEK,
customer_00383@example.com,returning,2025-02-04,ORD-02509,Daily Gut Pulver - Raspberry Hibiscus,1,35.42,,
customer_00353@example.com,returning,2024-03-03,ORD-02510,"Vegan Basics,Daily Gut Creamy - Creamy Matcha","1,2",51.78,BLACKWEEK,
customer_00278@example.com,returning,2025-12-04,ORD-02511,Summer Collagen - Mango Passionfruit,2,45.29,BLACKWEEK,
customer_00338@example.com,returning,2024-11-13,ORD-02512,Daily Collagen Pulver - Vanilla,3,68.52,,
customer_00360@example.com,returning,2025-02-16,ORD-02513,Vegan Protein Pulver - Cookie Dough,3,74.05,BLACKWEEK,fit_laura
customer_00325@example.com,returning,2024-02-06,ORD-02514,Gut Restore Kapseln,2,33.66,,
customer_00622@example.com,returning,2025-12-19,ORD-02515,Gut Restore Kapseln,2,34.77,,
customer_00095@example.com,returning,2024-03-28,ORD-02516,Vegan Basics,2,79.03,BLACKWEEK,
customer_00481@example.com,returning,2025-02-27,ORD-02517,"Daily Fiber Drink - Lemon,Gut Restore Kapseln","3,3",31.24,SUMMER20,
customer_00042@example.com,returning,2025-10-21,ORD-02518,"Daily Gut Pulver - Lemon,Magnesium Drink - Lavender","1,1",76.22,,
customer_00602@example.com,returning,2024-09-09,ORD-02519,Magnesium Drink - Lavender,3,59.65,,veganmia
customer_00245@example.com,returning,2024-12-09,ORD-02520,"Daily Gut + Collagen Pulver - Neutral,Vegan Basics,Premium Greens - Apple Kiwi","1,2,1",78.16,,
customer_00068@example.com,new,2026-04-14,ORD-02521,"Immune Protect Drink - Ginger Lemon,Hydrate Drink - Lemon","2,3",108.12,SAVE10,
customer_00207@example.com,returning,2024-07-02,ORD-02522,Vegan Basics,1,70.5,,veganmia
customer_00393@example.com,returning,2025-10-15,ORD-02523,Immune Protect Drink - Ginger Lemon,2,60.24,BLACKWEEK,
customer_00756@example.com,new,2024-09-01,ORD-02524,"Premium Greens - Apple Kiwi,Magnesium Drink - Lavender","3,2",25.42,BLACKWEEK,
customer_00557@example.com,new,2026-01-09,ORD-02525,Vegan Protein Pulver - Cookie Dough,3,105.03,SUMMER20,
customer_00654@example.com,new,2025-04-11,ORD-02526,Vegan Glow + Clear Protein Pulver - Mango Maracuja,2,112.39,,
customer_00773@example.com,returning,2025-12-10,ORD-02527,Vegan Basics,1,94.59,SUMMER20,
customer_00668@example.com,returning,2025-03-29,ORD-02528,Daily Fiber Drink - Lemon,1,111.2,SAVE10,fit_laura
customer_00149@example.com,returning,2025-11-22,ORD-02529,Daily Glow Pulver - Raspberry Lemon,1,52.58,,
customer_00221@example.com,returning,2024-05-03,ORD-02530,"Daily Gut Creamy - Creamy Pistachio,Summer Collagen - Mango Passionfruit","3,2",89.4,,healthyanna
customer_00596@example.com,returning,2026-02-27,ORD-02531,"Daily Collagen Pulver - Vanilla,Daily Fiber Drink - Lemon","3,2",68.25,,
customer_00303@example.com,returning,2024-01-17,ORD-02532,Daily Fiber Drink - Lemon,1,26.66,,
customer_00730@example.com,returning,2024-07-19,ORD-02533,Premium Greens - Mango Maracuja,1,99.13,,
customer_00639@example.com,returning,2024-09-06,ORD-02534,Premium Greens - Apple Kiwi,1,118.49,,healthyanna
customer_00720@example.com,returning,2025-11-18,ORD-02535,Daily Gut Pulver - Mango Maracuja,3,48.11,,
customer_00051@example.com,returning,2024-03-11,ORD-02536,"Magnesium Drink - Blueberry Lemon,Mood Kapseln","1,1",62.71,SAVE10,healthyanna
customer_00155@example.com,returning,2024-12-23,ORD-02537,Daily Gut Pulver - Lemon,1,78.25,,veganmia
customer_00734@example.com,returning,2024-08-13,ORD-02538,Hydrate Drink - Lemon,2,55.27,LAURA15,
customer_00519@example.com,new,2024-04-20,ORD-02539,Vegan Protein Pulver - Vanilla Cinnamon,2,51.95,SUMMER20,healthyanna
customer_00412@example.com,returning,2025-10-10,ORD-02540,Daily Gut + Immunity - Ginger Lemon,2,61.8,,
customer_00290@example.com,new,2025-03-09,ORD-02541,"Vegan Glow + Clear Protein Pulver - Mango Maracuja,Daily Glow Pulver - Raspberry Lemon","1,2",59.66,,veganmia
customer_00797@example.com,returning,2025-08-29,ORD-02542,Recharge Drink - Lemon,3,110.66,,
customer_00737@example.com,returning,2025-12-06,ORD-02543,Daily Glow Pulver - Raspberry Lemon,1,108.66,SAVE10,fit_laura
customer_00691@example.com,returning,2026-03-19,ORD-02544,"Daily Gut Pulver - Mango Maracuja,Immune Protect Drink - Ginger Lemon","3,1",26.66,,
customer_00088@example.com,returning,2025-05-22,ORD-02545,Immune Protect Drink - Ginger Lemon,2,108.35,SUMMER20,
customer_00410@example.com,new,2024-04-01,ORD-02546,"Vegan Protein Pulver - Choco,Daily Gut Creamy - Creamy Pistachio,Daily Gut + Collagen Pulver - Hazelnut","2,3,2",111.17,SAVE10,
customer_00058@example.com,returning,2026-04-08,ORD-02547,"Daily Gut + Collagen Pulver - Hazelnut,Daily Gut Creamy - Creamy Pistachio","1,3",114.35,SAVE10,healthyanna
customer_00544@example.com,returning,2025-09-28,ORD-02548,"Premium Greens - Mango Maracuja,Vegan Basics,Vegan Glow + Clear Protein Pulver - Mango Maracuja","3,1,3",95.26,SAVE10,veganmia
customer_00050@example.com,returning,2024-05-23,ORD-02549,"Vegan Glow + Clear Protein Pulver - Mango Maracuja,Gut Restore Kapseln,Magnesium Komplex Kapseln","1,2,1",118.58,BLACKWEEK,fit_laura
customer_00690@example.com,returning,2024-01-04,ORD-02550,"Vegan Basics,Daily Gut + Immunity - Ginger Lemon","3,2",107.82,,
customer_00735@example.com,new,2024-01-09,ORD-02551,Daily Gut + Immunity - Ginger Lemon,2,106.89,LAURA15,
customer_00443@example.com,returning,2024-04-06,ORD-02552,Vegan Protein Pulver - Neutral,2,77.98,SUMMER20,
customer_00127@example.com,returning,2026-02-14,ORD-02553,"Daily Glow Pulver - Raspberry Lemon,Magnesium Komplex Kapseln","2,3",94.2,SAVE10,
customer_00415@example.com,returning,2025-11-04,ORD-02554,"Magnesium Komplex Kapseln,Mood Kapseln","3,2",75.42,SUMMER20,
customer_00221@example.com,returning,2024-03-30,ORD-02555,Vegan Glow + Clear Protein Pulver - Mango Maracuja,3,94.23,SAVE10,
customer_00406@example.com,returning,2025-03-21,ORD-02556,"Premium Greens - Mango Maracuja,Gut Restore Kapseln","1,1",67.17,,
customer_00707@example.com,returning,2025-02-08,ORD-02557,Daily Gut + Collagen Pulver - Hazelnut,2,119.0,BLACKWEEK,
customer_00332@example.com,returning,2026-04-07,ORD-02558,Immune Protect Drink - Ginger Lemon,2,55.21,LAURA15,
customer_00548@example.com,new,2025-04-21,ORD-02559,Magnesium Drink - Lavender,3,39.47,,
customer_00330@example.com,returning,2024-01-31,ORD-02560,"Mood Kapseln,Daily Fiber Drink - Lemon,Recharge Drink - Lemon","3,3,3",112.81,LAURA15,fit_laura
customer_00727@example.com,new,2025-08-27,ORD-02561,"Recharge Drink - Tropical Fruits,Daily Collagen Pulver - Vanilla,Gut Restore Kapseln","2,2,3",115.94,SUMMER20,healthyanna
customer_00360@example.com,returning,2024-02-27,ORD-02562,"Summer Collagen - Mango Passionfruit,Daily Gut + Immunity - Ginger Lemon","1,2",107.94,SAVE10,
customer_00369@example.com,returning,2024-12-23,ORD-02563,"Daily Gut Pulver - Mango Maracuja,Premium Greens - Apple Kiwi","2,3",85.75,,
customer_00050@example.com,returning,2024-12-14,ORD-02564,"Daily Gut Pulver - Lemon,Daily Glow Pulver - Raspberry Lemon","1,1",85.19,SUMMER20,healthyanna
customer_00065@example.com,returning,2025-11-08,ORD-02565,"Daily Fiber Drink - Lemon,Daily Gut Creamy - Creamy Matcha","2,3",86.1,LAURA15,fit_laura
customer_00352@example.com,returning,2025-09-11,ORD-02566,Premium Greens - Apple Kiwi,1,45.03,,
customer_00121@example.com,new,2024-05-19,ORD-02567,"Daily Gut Pulver - Raspberry Hibiscus,Daily Fiber Drink - Lemon","1,2",102.18,SAVE10,
customer_00176@example.com,returning,2026-03-11,ORD-02568,"Magnesium Komplex Kapseln,Daily Glow Pulver - Raspberry Lemon,Hydrate Drink - Lemon","2,2,1",90.59,,
customer_00657@example.com,new,2025-07-09,ORD-02569,"Recharge Drink - Lemon,Daily Fiber Drink - Lemon","2,2",110.81,LAURA15,fit_laura
customer_00213@example.com,new,2024-12-04,ORD-02570,Recharge Drink - Lemon,2,93.83,,
customer_00287@example.com,new,2025-06-02,ORD-02571,Magnesium Komplex Kapseln,2,43.84,,
customer_00303@example.com,returning,2025-03-02,ORD-02572,Vegan Glow + Clear Protein Pulver - Mango Maracuja,3,104.05,SUMMER20,
customer_00221@example.com,returning,2024-06-06,ORD-02573,Daily Fiber Drink - Lemon,3,27.78,LAURA15,
customer_00678@example.com,new,2026-02-28,ORD-02574,"Mood Kapseln,Summer Collagen - Mango Passionfruit","1,1",101.4,,veganmia
customer_00574@example.com,returning,2025-07-02,ORD-02575,Hydrate Drink - Lemon,1,28.01,,
customer_00024@example.com,returning,2025-02-14,ORD-02576,"Recharge Drink - Tropical Fruits,Magnesium Drink - Blueberry Lemon","2,3",69.03,,veganmia
customer_00750@example.com,new,2025-12-14,ORD-02577,"Daily Gut Creamy - Creamy Matcha,Gut Restore Kapseln","2,3",69.41,SAVE10,
customer_00232@example.com,new,2025-03-07,ORD-02578,"Mood Kapseln,Daily Glow Pulver - Raspberry Lemon,Magnesium Drink - Blueberry Lemon","3,3,1",38.08,BLACKWEEK,fit_laura
customer_00572@example.com,returning,2024-11-15,ORD-02579,"Daily Collagen Pulver - Neutral,Summer Collagen - Mango Passionfruit,Daily Gut Creamy - Creamy Pistachio","3,2,1",44.92,BLACKWEEK,veganmia
customer_00232@example.com,new,2024-07-11,ORD-02580,"Daily Glow Pulver - Raspberry Lemon,Gut Restore Kapseln","3,1",32.47,,
customer_00738@example.com,returning,2024-06-19,ORD-02581,"Daily Collagen Pulver - Neutral,Daily Gut + Collagen Pulver - Neutral","1,3",63.1,LAURA15,fit_laura
customer_00189@example.com,returning,2025-12-09,ORD-02582,"Hydrate Drink - Lemon,Daily Glow Pulver - Raspberry Lemon","3,1",29.86,BLACKWEEK,
customer_00372@example.com,returning,2024-10-26,ORD-02583,Vegan Basics,3,57.51,,
customer_00082@example.com,returning,2024-11-27,ORD-02584,Magnesium Komplex Kapseln,3,33.91,LAURA15,healthyanna
customer_00488@example.com,returning,2026-02-22,ORD-02585,"Recharge Drink - Lemon,Summer Collagen - Mango Passionfruit","2,3",64.7,SAVE10,
customer_00485@example.com,new,2025-03-28,ORD-02586,Daily Collagen Pulver - Vanilla,2,48.77,LAURA15,
customer_00097@example.com,returning,2024-06-26,ORD-02587,"Daily Glow Pulver - Raspberry Lemon,Daily Gut + Immunity - Ginger Lemon,Magnesium Drink - Blueberry Lemon","2,3,2",96.56,BLACKWEEK,
customer_00029@example.com,new,2024-06-12,ORD-02588,Vegan Basics,3,26.34,,
customer_00636@example.com,returning,2024-03-01,ORD-02589,"Magnesium Komplex Kapseln,Vegan Glow + Clear Protein Pulver - Mango Maracuja,Daily Gut + Immunity - Ginger Lemon","1,1,1",54.52,,
customer_00033@example.com,returning,2024-06-26,ORD-02590,"Daily Gut + Collagen Pulver - Hazelnut,Immune Protect Drink - Ginger Lemon","1,2",115.47,BLACKWEEK,
customer_00220@example.com,returning,2025-11-04,ORD-02591,Vegan Glow + Clear Protein Pulver - Mango Maracuja,2,52.72,BLACKWEEK,
customer_00155@example.com,returning,2024-02-17,ORD-02592,Summer Collagen - Mango Passionfruit,2,106.61,,
customer_00148@example.com,new,2025-04-27,ORD-02593,Vegan Glow + Clear Protein Pulver - Mango Maracuja,1,59.37,SUMMER20,
customer_00379@example.com,returning,2026-01-05,ORD-02594,Gut Restore Kapseln,3,56.47,BLACKWEEK,healthyanna
customer_00604@example.com,returning,2025-10-24,ORD-02595,Recharge Drink - Lemon,1,53.42,LAURA15,healthyanna
customer_00446@example.com,returning,2024-05-01,ORD-02596,"Summer Collagen - Mango Passionfruit,Vegan Glow + Clear Protein Pulver - Mango Maracuja","1,3",89.43,,
customer_00109@example.com,returning,2025-09-11,ORD-02597,Magnesium Komplex Kapseln,3,37.02,,healthyanna
customer_00347@example.com,returning,2026-01-31,ORD-02598,"Gut Restore Kapseln,Vegan Protein Pulver - Cookie Dough","3,2",30.09,BLACKWEEK,veganmia
customer_00515@example.com,new,2025-08-03,ORD-02599,Daily Glow Pulver - Raspberry Lemon,1,110.49,,
customer_00329@example.com,new,2025-01-02,ORD-02600,Gut Restore Kapseln,2,38.01,SAVE10,healthyanna
customer_00526@example.com,returning,2024-07-20,ORD-02601,"Mood Kapseln,Daily Gut Pulver - Mango Maracuja","3,2",30.37,,healthyanna
customer_00280@example.com,returning,2026-01-30,ORD-02602,Daily Gut Pulver - Raspberry Hibiscus,1,101.66,,veganmia
customer_00249@example.com,returning,2024-02-26,ORD-02603,Immune Protect Drink - Ginger Lemon,1,41.16,,
customer_00323@example.com,returning,2024-10-05,ORD-02604,Gut Restore Kapseln,1,25.81,SAVE10,
customer_00799@example.com,returning,2025-10-02,ORD-02605,"Vegan Protein Pulver - Coffee,Hydrate Drink - Lemon","3,3",31.54,,
customer_00728@example.com,returning,2024-06-25,ORD-02606,"Vegan Glow + Clear Protein Pulver - Mango Maracuja,Magnesium Komplex Kapseln","1,1",31.81,,veganmia
customer_00768@example.com,returning,2024-04-12,ORD-02607,Vegan Glow + Clear Protein Pulver - Mango Maracuja,2,76.82,SAVE10,
customer_00163@example.com,new,2026-03-26,ORD-02608,Daily Collagen Pulver - Neutral,3,47.42,,veganmia
customer_00032@example.com,returning,2025-03-01,ORD-02609,"Vegan Protein Pulver - Coffee,Daily Gut + Immunity - Ginger Lemon","3,3",104.9,LAURA15,
customer_00243@example.com,returning,2025-04-22,ORD-02610,Daily Gut + Immunity - Ginger Lemon,1,96.16,SAVE10,
customer_00606@example.com,returning,2024-05-12,ORD-02611,"Mood Kapseln,Magnesium Komplex Kapseln","1,1",32.68,LAURA15,fit_laura
customer_00715@example.com,returning,2025-07-28,ORD-02612,"Daily Gut Creamy - Creamy Matcha,Mood Kapseln","2,2",59.69,,
customer_00028@example.com,new,2024-03-23,ORD-02613,"Immune Protect Drink - Ginger Lemon,Magnesium Drink - Blueberry Lemon","1,2",97.65,LAURA15,fit_laura
customer_00799@example.com,returning,2024-09-22,ORD-02614,Daily Gut + Immunity - Ginger Lemon,3,113.8,,
customer_00430@example.com,new,2025-03-14,ORD-02615,"Daily Glow Pulver - Raspberry Lemon,Daily Fiber Drink - Lemon","2,1",72.36,,veganmia
customer_00241@example.com,new,2025-08-21,ORD-02616,Daily Collagen Pulver - Vanilla,1,58.67,LAURA15,
customer_00109@example.com,returning,2025-01-16,ORD-02617,Daily Fiber Drink - Lemon,2,59.53,SAVE10,
customer_00212@example.com,returning,2026-04-22,ORD-02618,Vegan Protein Pulver - Neutral,3,119.31,,
customer_00169@example.com,returning,2024-06-29,ORD-02619,"Vegan Protein Pulver - Coffee,Recharge Drink - Lemon","1,2",71.95,,
customer_00209@example.com,returning,2025-12-01,ORD-02620,"Daily Gut Pulver - Lemon,Recharge Drink - Tropical Fruits","1,2",53.33,BLACKWEEK,
customer_00641@example.com,returning,2024-07-31,ORD-02621,"Summer Collagen - Mango Passionfruit,Premium Greens - Apple Kiwi","3,1",109.28,,
customer_00425@example.com,returning,2025-07-05,ORD-02622,Daily Gut Pulver - Mango Maracuja,2,117.81,,
customer_00396@example.com,returning,2024-01-04,ORD-02623,Mood Kapseln,1,27.69,LAURA15,
customer_00554@example.com,new,2026-02-22,ORD-02624,Vegan Glow + Clear Protein Pulver - Mango Maracuja,3,57.73,BLACKWEEK,
customer_00185@example.com,returning,2024-10-13,ORD-02625,"Daily Glow Pulver - Raspberry Lemon,Daily Collagen Pulver - Neutral","2,2",31.12,LAURA15,
customer_00270@example.com,new,2024-05-11,ORD-02626,Daily Glow Pulver - Raspberry Lemon,1,73.79,SUMMER20,
customer_00287@example.com,new,2025-04-02,ORD-02627,Vegan Basics,1,91.17,BLACKWEEK,healthyanna
customer_00791@example.com,returning,2025-08-18,ORD-02628,"Daily Fiber Drink - Lemon,Daily Gut Creamy - Creamy Pistachio,Mood Kapseln","3,3,3",83.36,,
customer_00639@example.com,returning,2025-07-13,ORD-02629,"Magnesium Drink - Blueberry Lemon,Premium Greens - Mango Maracuja","1,1",106.1,,healthyanna
customer_00343@example.com,returning,2024-09-06,ORD-02630,"Summer Collagen - Mango Passionfruit,Vegan Basics,Daily Collagen Pulver - Vanilla","1,1,1",34.0,,
customer_00417@example.com,returning,2024-12-26,ORD-02631,Daily Collagen Pulver - Neutral,3,67.62,,
customer_00182@example.com,new,2025-05-14,ORD-02632,"Magnesium Komplex Kapseln,Daily Collagen Pulver - Vanilla","3,3",111.82,LAURA15,
customer_00519@example.com,new,2025-06-27,ORD-02633,Daily Gut + Collagen Pulver - Hazelnut,3,117.91,LAURA15,fit_laura
customer_00170@example.com,returning,2024-07-12,ORD-02634,"Daily Collagen Pulver - Neutral,Vegan Protein Pulver - Cookie Dough","2,2",100.56,,
customer_00712@example.com,returning,2024-05-03,ORD-02635,Daily Fiber Drink - Lemon,3,101.22,,
customer_00247@example.com,returning,2024-11-13,ORD-02636,Vegan Basics,2,90.48,SAVE10,fit_laura
customer_00057@example.com,returning,2025-06-12,ORD-02637,Premium Greens - Mango Maracuja,3,98.77,,
customer_00515@example.com,new,2025-05-08,ORD-02638,Magnesium Komplex Kapseln,3,105.81,SUMMER20,healthyanna
customer_00750@example.com,new,2025-03-24,ORD-02639,Daily Glow Pulver - Raspberry Lemon,2,101.83,BLACKWEEK,
customer_00071@example.com,returning,2024-04-18,ORD-02640,"Premium Greens - Apple Kiwi,Magnesium Drink - Lavender","3,2",102.8,SUMMER20,
customer_00186@example.com,new,2024-09-21,ORD-02641,"Daily Fiber Drink - Lemon,Daily Gut Creamy - Creamy Pistachio","3,1",34.28,,
customer_00212@example.com,returning,2026-03-05,ORD-02642,"Immune Protect Drink - Ginger Lemon,Hydrate Drink - Lemon","1,2",30.01,LAURA15,
customer_00248@example.com,returning,2025-10-28,ORD-02643,Mood Kapseln,3,80.78,SAVE10,
customer_00712@example.com,returning,2025-12-20,ORD-02644,"Summer Collagen - Mango Passionfruit,Immune Protect Drink - Ginger Lemon","1,3",35.22,SUMMER20,fit_laura
customer_00495@example.com,new,2024-07-30,ORD-02645,"Vegan Protein Pulver - Cookie Dough,Magnesium Drink - Lavender","2,3",45.5,BLACKWEEK,healthyanna
customer_00636@example.com,returning,2024-05-03,ORD-02646,Magnesium Komplex Kapseln,1,70.49,SUMMER20,
customer_00231@example.com,new,2024-04-06,ORD-02647,"Daily Gut Pulver - Mango Maracuja,Premium Greens - Apple Kiwi","1,3",90.39,,veganmia
customer_00537@example.com,new,2024-11-16,ORD-02648,"Vegan Glow + Clear Protein Pulver - Mango Maracuja,Daily Gut Creamy - Creamy Matcha","3,1",54.31,,
customer_00014@example.com,new,2024-10-01,ORD-02649,Immune Protect Drink - Ginger Lemon,3,40.98,,
customer_00779@example.com,returning,2025-02-25,ORD-02650,"Hydrate Drink - Lemon,Daily Glow Pulver - Raspberry Lemon,Daily Gut Pulver - Mango Maracuja","3,1,1",58.35,,
customer_00093@example.com,new,2025-03-02,ORD-02651,Vegan Basics,3,119.02,,healthyanna
customer_00008@example.com,returning,2024-07-16,ORD-02652,"Daily Gut + Collagen Pulver - Hazelnut,Recharge Drink - Lemon","2,2",69.41,BLACKWEEK,
customer_00327@example.com,returning,2025-06-04,ORD-02653,Daily Glow Pulver - Raspberry Lemon,2,111.38,SAVE10,healthyanna
customer_00183@example.com,new,2025-01-27,ORD-02654,Daily Gut + Immunity - Ginger Lemon,1,55.35,,
customer_00273@example.com,returning,2025-05-06,ORD-02655,Daily Gut + Collagen Pulver - Hazelnut,1,61.31,LAURA15,veganmia
customer_00390@example.com,returning,2024-08-25,ORD-02656,Magnesium Komplex Kapseln,1,76.04,LAURA15,
customer_00095@example.com,returning,2025-09-28,ORD-02657,Daily Gut + Immunity - Ginger Lemon,3,100.34,SAVE10,
customer_00312@example.com,returning,2025-11-20,ORD-02658,Daily Glow Pulver - Raspberry Lemon,1,41.88,,
customer_00762@example.com,returning,2024-08-31,ORD-02659,Magnesium Komplex Kapseln,1,49.45,LAURA15,
customer_00483@example.com,returning,2025-06-03,ORD-02660,Vegan Basics,2,66.29,SAVE10,
customer_00370@example.com,returning,2024-12-17,ORD-02661,"Premium Greens - Apple Kiwi,Recharge Drink - Tropical Fruits","3,2",26.98,,veganmia
customer_00275@example.com,new,2025-09-15,ORD-02662,Daily Gut Pulver - Lemon,2,50.84,,veganmia
customer_00491@example.com,returning,2024-11-26,ORD-02663,"Daily Gut Pulver - Lemon,Vegan Glow + Clear Protein Pulver - Mango Maracuja","2,2",82.09,LAURA15,
customer_00481@example.com,returning,2024-01-05,ORD-02664,Daily Gut Creamy - Creamy Pistachio,2,28.58,LAURA15,healthyanna
customer_00606@example.com,returning,2026-01-27,ORD-02665,"Magnesium Drink - Blueberry Lemon,Hydrate Drink - Lemon","3,1",94.32,,
customer_00660@example.com,returning,2025-04-12,ORD-02666,Daily Fiber Drink - Lemon,2,26.56,,
customer_00717@example.com,new,2024-09-24,ORD-02667,Daily Gut Pulver - Mango Maracuja,3,84.02,BLACKWEEK,fit_laura
customer_00084@example.com,returning,2024-12-10,ORD-02668,Vegan Protein Pulver - Neutral,2,62.26,BLACKWEEK,
customer_00367@example.com,new,2025-07-09,ORD-02669,Magnesium Drink - Blueberry Lemon,3,94.16,BLACKWEEK,
customer_00432@example.com,returning,2025-09-17,ORD-02670,"Daily Collagen Pulver - Vanilla,Daily Fiber Drink - Lemon,Mood Kapseln","2,1,3",109.32,,
customer_00445@example.com,returning,2025-10-23,ORD-02671,Magnesium Drink - Blueberry Lemon,2,56.84,SAVE10,
customer_00418@example.com,returning,2024-02-16,ORD-02672,Daily Gut + Collagen Pulver - Hazelnut,2,37.89,,
customer_00729@example.com,returning,2026-03-31,ORD-02673,"Hydrate Drink - Lemon,Premium Greens - Mango Maracuja","1,3",67.34,,veganmia
customer_00307@example.com,new,2024-11-04,ORD-02674,"Daily Glow Pulver - Raspberry Lemon,Magnesium Drink - Lavender,Daily Gut Creamy - Creamy Pistachio","3,3,2",73.85,,veganmia
customer_00073@example.com,returning,2025-11-18,ORD-02675,"Vegan Glow + Clear Protein Pulver - Mango Maracuja,Vegan Basics","3,3",61.61,SAVE10,
customer_00330@example.com,returning,2026-02-27,ORD-02676,Vegan Glow + Clear Protein Pulver - Mango Maracuja,3,32.55,SAVE10,healthyanna
customer_00782@example.com,new,2026-04-05,ORD-02677,Immune Protect Drink - Ginger Lemon,3,82.99,BLACKWEEK,
customer_00213@example.com,new,2024-12-24,ORD-02678,Recharge Drink - Lemon,1,74.8,,
customer_00777@example.com,returning,2024-02-22,ORD-02679,Vegan Protein Pulver - Coffee,2,114.81,SUMMER20,
customer_00765@example.com,returning,2025-10-05,ORD-02680,Hydrate Drink - Lemon,3,81.54,LAURA15,
customer_00412@example.com,returning,2025-11-21,ORD-02681,Daily Fiber Drink - Lemon,1,116.49,BLACKWEEK,healthyanna
customer_00200@example.com,new,2025-04-04,ORD-02682,Gut Restore Kapseln,1,108.87,SAVE10,
customer_00127@example.com,returning,2024-05-19,ORD-02683,"Recharge Drink - Lemon,Hydrate Drink - Lemon","2,2",61.87,,veganmia
customer_00401@example.com,returning,2024-09-28,ORD-02684,Magnesium Drink - Blueberry Lemon,3,99.44,,
customer_00791@example.com,returning,2025-04-01,ORD-02685,"Hydrate Drink - Lemon,Recharge Drink - Lemon","2,1",96.24,LAURA15,
customer_00259@example.com,returning,2024-01-26,ORD-02686,"Daily Gut Pulver - Mango Maracuja,Vegan Glow + Clear Protein Pulver - Mango Maracuja","2,2",50.19,,
customer_00153@example.com,new,2024-11-11,ORD-02687,Mood Kapseln,2,81.69,BLACKWEEK,
customer_00359@example.com,returning,2025-10-29,ORD-02688,Daily Gut + Immunity - Ginger Lemon,2,98.81,LAURA15,
customer_00060@example.com,returning,2025-01-16,ORD-02689,"Daily Gut Creamy - Creamy Matcha,Daily Gut + Collagen Pulver - Neutral","3,3",62.85,LAURA15,fit_laura
customer_00743@example.com,returning,2024-09-07,ORD-02690,Vegan Glow + Clear Protein Pulver - Mango Maracuja,3,74.91,,
customer_00341@example.com,returning,2025-03-16,ORD-02691,"Magnesium Komplex Kapseln,Summer Collagen - Mango Passionfruit","2,1",118.47,,veganmia
customer_00646@example.com,returning,2024-03-02,ORD-02692,"Daily Gut Pulver - Mango Maracuja,Daily Gut Creamy - Creamy Matcha","2,3",94.88,BLACKWEEK,healthyanna
customer_00315@example.com,returning,2024-11-17,ORD-02693,Summer Collagen - Mango Passionfruit,1,119.39,,healthyanna
customer_00088@example.com,returning,2025-02-15,ORD-02694,Magnesium Drink - Blueberry Lemon,3,65.51,,
customer_00319@example.com,returning,2024-10-14,ORD-02695,"Mood Kapseln,Gut Restore Kapseln","1,3",93.45,SAVE10,
customer_00750@example.com,new,2026-01-28,ORD-02696,Daily Fiber Drink - Lemon,3,60.42,SAVE10,veganmia
customer_00136@example.com,returning,2026-01-05,ORD-02697,Magnesium Drink - Lavender,1,40.59,,healthyanna
customer_00238@example.com,new,2024-01-18,ORD-02698,"Daily Gut Pulver - Lemon,Premium Greens - Apple Kiwi","3,2",54.98,,
customer_00492@example.com,new,2024-03-09,ORD-02699,"Immune Protect Drink - Ginger Lemon,Magnesium Komplex Kapseln","1,2",45.55,LAURA15,fit_laura
customer_00090@example.com,returning,2025-04-06,ORD-02700,Daily Fiber Drink - Lemon,2,107.42,,
customer_00218@example.com,returning,2024-09-24,ORD-02701,Daily Gut + Immunity - Ginger Lemon,2,68.24,SUMMER20,
customer_00309@example.com,returning,2026-02-03,ORD-02702,"Daily Gut Pulver - Mango Maracuja,Vegan Protein Pulver - Vanilla Cinnamon","3,2",108.01,SAVE10,healthyanna
customer_00170@example.com,returning,2025-05-05,ORD-02703,"Vegan Glow + Clear Protein Pulver - Mango Maracuja,Vegan Basics,Mood Kapseln","2,3,2",53.73,,
customer_00208@example.com,returning,2024-05-24,ORD-02704,Vegan Protein Pulver - Vanilla Cinnamon,1,58.76,SAVE10,
customer_00382@example.com,returning,2024-08-03,ORD-02705,Magnesium Komplex Kapseln,3,115.33,,healthyanna
customer_00539@example.com,returning,2025-12-23,ORD-02706,"Summer Collagen - Mango Passionfruit,Premium Greens - Mango Maracuja","2,2",109.19,LAURA15,fit_laura
customer_00077@example.com,returning,2025-07-04,ORD-02707,"Immune Protect Drink - Ginger Lemon,Daily Fiber Drink - Lemon,Magnesium Drink - Lavender","3,2,2",44.53,LAURA15,veganmia
customer_00099@example.com,returning,2024-07-19,ORD-02708,Recharge Drink - Tropical Fruits,3,116.25,SAVE10,fit_laura
customer_00066@example.com,returning,2024-04-15,ORD-02709,"Daily Fiber Drink - Lemon,Vegan Protein Pulver - Neutral","1,1",90.47,SUMMER20,
customer_00378@example.com,returning,2024-03-05,ORD-02710,Vegan Glow + Clear Protein Pulver - Mango Maracuja,3,73.93,SUMMER20,healthyanna
customer_00158@example.com,new,2026-01-11,ORD-02711,Vegan Protein Pulver - Vanilla Cinnamon,1,63.15,,healthyanna
customer_00201@example.com,new,2024-03-05,ORD-02712,Magnesium Drink - Lavender,2,55.47,SAVE10,
customer_00039@example.com,new,2025-06-29,ORD-02713,Recharge Drink - Lemon,1,33.36,,
customer_00729@example.com,returning,2024-11-23,ORD-02714,Daily Gut Creamy - Creamy Pistachio,2,68.38,,
customer_00759@example.com,new,2024-05-24,ORD-02715,"Magnesium Komplex Kapseln,Vegan Glow + Clear Protein Pulver - Mango Maracuja","2,1",63.63,BLACKWEEK,veganmia
customer_00628@example.com,returning,2024-01-24,ORD-02716,"Hydrate Drink - Lemon,Magnesium Drink - Lavender","1,2",64.84,BLACKWEEK,healthyanna
customer_00107@example.com,new,2025-07-02,ORD-02717,"Daily Fiber Drink - Lemon,Daily Gut + Collagen Pulver - Hazelnut,Daily Gut + Immunity - Ginger Lemon","1,1,1",38.43,,healthyanna
customer_00515@example.com,new,2024-02-01,ORD-02718,"Daily Glow Pulver - Raspberry Lemon,Daily Gut + Immunity - Ginger Lemon,Mood Kapseln","3,1,3",75.26,SUMMER20,
customer_00646@example.com,returning,2024-12-19,ORD-02719,Daily Gut + Collagen Pulver - Hazelnut,3,79.03,SAVE10,fit_laura
customer_00142@example.com,returning,2024-05-29,ORD-02720,"Summer Collagen - Mango Passionfruit,Mood Kapseln","1,1",27.9,SUMMER20,
customer_00660@example.com,returning,2026-04-04,ORD-02721,"Hydrate Drink - Lemon,Immune Protect Drink - Ginger Lemon","3,3",43.18,,veganmia
customer_00474@example.com,new,2025-10-08,ORD-02722,"Daily Glow Pulver - Raspberry Lemon,Summer Collagen - Mango Passionfruit,Daily Gut + Immunity - Ginger Lemon","2,3,2",115.03,SUMMER20,fit_laura
customer_00409@example.com,new,2026-03-21,ORD-02723,Daily Fiber Drink - Lemon,2,113.85,SUMMER20,fit_laura
customer_00186@example.com,new,2025-04-06,ORD-02724,Magnesium Komplex Kapseln,2,115.69,,
customer_00408@example.com,returning,2025-02-05,ORD-02725,"Magnesium Drink - Blueberry Lemon,Daily Gut Creamy - Creamy Matcha","2,3",116.48,,
customer_00265@example.com,returning,2026-04-04,ORD-02726,Daily Collagen Pulver - Vanilla,2,37.78,,
customer_00527@example.com,returning,2025-03-11,ORD-02727,Vegan Basics,3,91.24,,
customer_00628@example.com,returning,2025-08-28,ORD-02728,"Vegan Glow + Clear Protein Pulver - Mango Maracuja,Daily Gut + Immunity - Ginger Lemon","2,2",27.19,SUMMER20,veganmia
customer_00090@example.com,returning,2026-02-10,ORD-02729,"Vegan Protein Pulver - Cookie Dough,Immune Protect Drink - Ginger Lemon,Daily Fiber Drink - Lemon","2,3,3",79.85,BLACKWEEK,
customer_00015@example.com,returning,2025-06-17,ORD-02730,Daily Gut Pulver - Raspberry Hibiscus,2,80.75,,healthyanna
customer_00783@example.com,returning,2024-03-16,ORD-02731,Vegan Glow + Clear Protein Pulver - Mango Maracuja,3,80.97,,
customer_00771@example.com,new,2025-03-27,ORD-02732,Gut Restore Kapseln,2,37.17,,
customer_00245@example.com,returning,2026-04-19,ORD-02733,Daily Gut + Immunity - Ginger Lemon,2,78.62,SAVE10,
customer_00746@example.com,returning,2026-04-14,ORD-02734,Daily Fiber Drink - Lemon,1,84.55,,
customer_00766@example.com,returning,2025-06-22,ORD-02735,"Magnesium Drink - Blueberry Lemon,Daily Fiber Drink - Lemon","3,2",111.09,SUMMER20,veganmia
customer_00734@example.com,returning,2024-09-08,ORD-02736,Daily Gut Pulver - Raspberry Hibiscus,3,60.48,SUMMER20,
customer_00042@example.com,returning,2025-05-11,ORD-02737,Vegan Basics,2,111.13,,
customer_00654@example.com,new,2026-03-31,ORD-02738,Daily Gut Pulver - Lemon,2,77.41,,
customer_00491@example.com,returning,2025-05-04,ORD-02739,"Hydrate Drink - Lemon,Magnesium Drink - Blueberry Lemon,Mood Kapseln","1,1,3",55.63,BLACKWEEK,
customer_00352@example.com,returning,2025-12-23,ORD-02740,"Magnesium Drink - Lavender,Premium Greens - Mango Maracuja","2,2",85.43,BLACKWEEK,healthyanna
customer_00539@example.com,returning,2026-02-05,ORD-02741,Premium Greens - Mango Maracuja,2,86.93,BLACKWEEK,
customer_00631@example.com,returning,2026-03-17,ORD-02742,"Magnesium Komplex Kapseln,Hydrate Drink - Lemon","1,3",55.24,,
customer_00785@example.com,returning,2025-06-26,ORD-02743,Magnesium Komplex Kapseln,1,81.89,,
customer_00243@example.com,returning,2024-03-28,ORD-02744,"Daily Gut Pulver - Mango Maracuja,Daily Gut Creamy - Creamy Matcha,Vegan Protein Pulver - Cookie Dough","3,1,2",97.07,SAVE10,
customer_00335@example.com,returning,2025-06-20,ORD-02745,Daily Glow Pulver - Raspberry Lemon,2,51.67,SUMMER20,veganmia
customer_00554@example.com,new,2025-08-04,ORD-02746,"Vegan Protein Pulver - Neutral,Recharge Drink - Lemon","1,2",84.7,SAVE10,
customer_00784@example.com,returning,2024-01-09,ORD-02747,Daily Gut Creamy - Creamy Matcha,3,100.4,LAURA15,fit_laura
customer_00201@example.com,new,2026-02-03,ORD-02748,"Immune Protect Drink - Ginger Lemon,Daily Gut Pulver - Mango Maracuja,Daily Gut + Immunity - Ginger Lemon","1,3,2",71.17,,
customer_00354@example.com,returning,2025-08-22,ORD-02749,Hydrate Drink - Lemon,1,39.65,LAURA15,
customer_00402@example.com,returning,2025-05-22,ORD-02750,Magnesium Komplex Kapseln,2,37.92,SUMMER20,
customer_00644@example.com,returning,2024-04-19,ORD-02751,Vegan Protein Pulver - Coffee,3,81.93,BLACKWEEK,
customer_00156@example.com,new,2024-06-23,ORD-02752,"Summer Collagen - Mango Passionfruit,Magnesium Komplex Kapseln","3,3",118.21,SAVE10,
customer_00365@example.com,new,2024-06-11,ORD-02753,"Vegan Protein Pulver - Cookie Dough,Immune Protect Drink - Ginger Lemon,Vegan Glow + Clear Protein Pulver - Mango Maracuja","3,2,2",61.7,BLACKWEEK,veganmia
customer_00426@example.com,returning,2026-02-05,ORD-02754,Summer Collagen - Mango Passionfruit,2,62.57,,
customer_00456@example.com,returning,2025-09-13,ORD-02755,Daily Gut Pulver - Mango Maracuja,2,72.96,BLACKWEEK,healthyanna
customer_00467@example.com,new,2024-04-08,ORD-02756,Summer Collagen - Mango Passionfruit,1,100.38,,
customer_00618@example.com,returning,2025-06-13,ORD-02757,"Magnesium Drink - Blueberry Lemon,Vegan Protein Pulver - Vanilla Cinnamon","2,3",99.16,LAURA15,veganmia
customer_00344@example.com,returning,2025-08-19,ORD-02758,"Mood Kapseln,Hydrate Drink - Lemon","2,2",110.3,,
customer_00492@example.com,new,2025-10-15,ORD-02759,Magnesium Drink - Lavender,3,104.36,LAURA15,
customer_00227@example.com,new,2026-02-25,ORD-02760,"Magnesium Komplex Kapseln,Immune Protect Drink - Ginger Lemon,Mood Kapseln","1,2,1",83.19,LAURA15,fit_laura
customer_00055@example.com,returning,2025-01-03,ORD-02761,Vegan Glow + Clear Protein Pulver - Mango Maracuja,1,81.41,LAURA15,
customer_00477@example.com,returning,2025-10-20,ORD-02762,Daily Gut Creamy - Creamy Matcha,1,48.96,,healthyanna
customer_00465@example.com,returning,2024-05-16,ORD-02763,"Recharge Drink - Tropical Fruits,Hydrate Drink - Lemon","3,3",41.43,,
customer_00374@example.com,new,2024-08-16,ORD-02764,Vegan Basics,2,57.55,BLACKWEEK,
customer_00663@example.com,returning,2024-06-04,ORD-02765,"Mood Kapseln,Recharge Drink - Lemon,Daily Collagen Pulver - Vanilla","3,3,2",47.59,,
customer_00148@example.com,new,2025-05-12,ORD-02766,Summer Collagen - Mango Passionfruit,3,95.95,LAURA15,fit_laura
customer_00308@example.com,returning,2026-03-17,ORD-02767,"Summer Collagen - Mango Passionfruit,Vegan Basics","3,2",110.3,SUMMER20,fit_laura
customer_00543@example.com,new,2025-03-30,ORD-02768,"Hydrate Drink - Lemon,Daily Collagen Pulver - Neutral","2,1",25.18,,
customer_00018@example.com,returning,2024-09-17,ORD-02769,Hydrate Drink - Lemon,3,94.31,BLACKWEEK,
customer_00504@example.com,returning,2024-02-12,ORD-02770,"Mood Kapseln,Vegan Glow + Clear Protein Pulver - Mango Maracuja","1,3",74.23,,
customer_00221@example.com,returning,2024-05-05,ORD-02771,Recharge Drink - Lemon,3,68.84,SAVE10,
customer_00195@example.com,returning,2026-02-15,ORD-02772,"Daily Fiber Drink - Lemon,Daily Collagen Pulver - Vanilla","1,2",34.96,SAVE10,fit_laura
customer_00767@example.com,returning,2025-05-15,ORD-02773,Daily Fiber Drink - Lemon,3,76.58,SAVE10,
customer_00717@example.com,new,2025-12-21,ORD-02774,Vegan Basics,2,39.83,,healthyanna
customer_00767@example.com,returning,2024-07-21,ORD-02775,"Daily Gut + Collagen Pulver - Neutral,Vegan Glow + Clear Protein Pulver - Mango Maracuja","2,3",100.11,,
customer_00498@example.com,returning,2024-10-03,ORD-02776,"Summer Collagen - Mango Passionfruit,Daily Gut + Collagen Pulver - Neutral,Vegan Basics","1,1,1",99.01,LAURA15,veganmia
customer_00218@example.com,returning,2024-10-05,ORD-02777,Summer Collagen - Mango Passionfruit,1,43.01,BLACKWEEK,fit_laura
customer_00618@example.com,returning,2025-03-18,ORD-02778,Recharge Drink - Tropical Fruits,2,63.49,LAURA15,
customer_00688@example.com,returning,2025-04-12,ORD-02779,"Magnesium Drink - Lavender,Mood Kapseln,Magnesium Komplex Kapseln","1,3,1",88.99,SAVE10,fit_laura
customer_00233@example.com,returning,2024-07-04,ORD-02780,"Magnesium Komplex Kapseln,Summer Collagen - Mango Passionfruit","2,3",115.12,,veganmia
customer_00685@example.com,returning,2025-06-02,ORD-02781,Mood Kapseln,3,107.08,SUMMER20,healthyanna
customer_00535@example.com,returning,2024-07-19,ORD-02782,Daily Gut + Collagen Pulver - Hazelnut,1,100.69,SUMMER20,veganmia
customer_00170@example.com,returning,2024-04-20,ORD-02783,Premium Greens - Mango Maracuja,1,80.63,BLACKWEEK,
customer_00657@example.com,new,2026-02-15,ORD-02784,Daily Glow Pulver - Raspberry Lemon,3,97.08,,
customer_00462@example.com,returning,2024-04-22,ORD-02785,"Hydrate Drink - Lemon,Daily Fiber Drink - Lemon,Summer Collagen - Mango Passionfruit","1,3,2",74.47,BLACKWEEK,
customer_00791@example.com,returning,2024-05-27,ORD-02786,"Magnesium Drink - Blueberry Lemon,Daily Gut + Immunity - Ginger Lemon","2,1",30.5,LAURA15,fit_laura
customer_00565@example.com,returning,2025-07-03,ORD-02787,"Immune Protect Drink - Ginger Lemon,Daily Collagen Pulver - Vanilla","2,3",98.97,BLACKWEEK,
customer_00286@example.com,new,2024-09-24,ORD-02788,"Daily Gut + Immunity - Ginger Lemon,Hydrate Drink - Lemon","3,1",87.88,BLACKWEEK,fit_laura
customer_00249@example.com,returning,2024-07-08,ORD-02789,Magnesium Drink - Lavender,1,67.08,BLACKWEEK,healthyanna
customer_00554@example.com,new,2026-03-07,ORD-02790,Daily Fiber Drink - Lemon,1,62.51,LAURA15,fit_laura
customer_00298@example.com,new,2025-11-08,ORD-02791,Mood Kapseln,3,88.18,LAURA15,fit_laura
customer_00445@example.com,returning,2026-01-28,ORD-02792,Immune Protect Drink - Ginger Lemon,2,82.35,SUMMER20,
customer_00002@example.com,returning,2024-04-06,ORD-02793,Mood Kapseln,3,72.4,SUMMER20,
customer_00042@example.com,returning,2024-04-15,ORD-02794,Vegan Basics,3,72.6,LAURA15,fit_laura
customer_00588@example.com,returning,2026-03-25,ORD-02795,Vegan Glow + Clear Protein Pulver - Mango Maracuja,2,63.06,,
customer_00629@example.com,returning,2024-02-07,ORD-02796,Recharge Drink - Tropical Fruits,3,55.68,,healthyanna
customer_00701@example.com,returning,2024-08-22,ORD-02797,"Daily Gut Pulver - Mango Maracuja,Daily Fiber Drink - Lemon","3,3",53.34,SAVE10,
customer_00344@example.com,returning,2024-07-11,ORD-02798,"Daily Collagen Pulver - Neutral,Gut Restore Kapseln","1,3",62.73,BLACKWEEK,
customer_00557@example.com,new,2024-06-28,ORD-02799,Daily Fiber Drink - Lemon,1,36.2,,
customer_00340@example.com,new,2025-03-09,ORD-02800,"Daily Gut + Immunity - Ginger Lemon,Vegan Glow + Clear Protein Pulver - Mango Maracuja,Daily Fiber Drink - Lemon","2,2,1",79.28,BLACKWEEK,veganmia
customer_00774@example.com,returning,2024-05-24,ORD-02801,Vegan Basics,2,107.16,SAVE10,
customer_00617@example.com,new,2025-11-29,ORD-02802,Summer Collagen - Mango Passionfruit,3,104.72,LAURA15,
customer_00654@example.com,new,2024-03-27,ORD-02803,Magnesium Komplex Kapseln,2,70.6,,
customer_00346@example.com,returning,2024-06-03,ORD-02804,"Daily Fiber Drink - Lemon,Vegan Protein Pulver - Choco,Summer Collagen - Mango Passionfruit","1,3,2",111.53,BLACKWEEK,fit_laura
customer_00250@example.com,returning,2024-08-13,ORD-02805,Daily Gut + Collagen Pulver - Neutral,2,57.19,SAVE10,
customer_00776@example.com,new,2024-02-03,ORD-02806,"Gut Restore Kapseln,Daily Collagen Pulver - Neutral","2,2",57.81,LAURA15,fit_laura
customer_00512@example.com,new,2025-12-16,ORD-02807,Daily Gut Creamy - Creamy Pistachio,1,61.29,,veganmia
customer_00337@example.com,returning,2024-08-01,ORD-02808,Daily Fiber Drink - Lemon,3,47.71,,
customer_00394@example.com,returning,2025-11-14,ORD-02809,Daily Collagen Pulver - Vanilla,2,66.38,,
customer_00062@example.com,returning,2025-11-23,ORD-02810,Hydrate Drink - Lemon,2,85.33,,
customer_00238@example.com,new,2026-02-05,ORD-02811,"Mood Kapseln,Vegan Glow + Clear Protein Pulver - Mango Maracuja","1,1",103.73,,
customer_00742@example.com,returning,2024-11-05,ORD-02812,Mood Kapseln,2,76.57,SAVE10,healthyanna
customer_00546@example.com,returning,2025-01-31,ORD-02813,"Daily Gut + Collagen Pulver - Neutral,Recharge Drink - Tropical Fruits","3,1",26.86,,healthyanna
customer_00349@example.com,returning,2025-02-27,ORD-02814,"Premium Greens - Apple Kiwi,Mood Kapseln","2,3",104.04,,
customer_00107@example.com,new,2025-01-05,ORD-02815,Mood Kapseln,2,52.54,,
customer_00761@example.com,returning,2024-06-19,ORD-02816,Magnesium Drink - Lavender,1,61.8,SUMMER20,
customer_00590@example.com,returning,2025-08-16,ORD-02817,Vegan Basics,2,25.99,LAURA15,fit_laura
customer_00519@example.com,new,2025-03-20,ORD-02818,Daily Fiber Drink - Lemon,3,61.0,SAVE10,
customer_00604@example.com,returning,2025-10-01,ORD-02819,"Premium Greens - Apple Kiwi,Magnesium Komplex Kapseln","1,2",97.92,SAVE10,
customer_00453@example.com,returning,2024-05-27,ORD-02820,"Gut Restore Kapseln,Daily Gut + Collagen Pulver - Hazelnut","2,3",60.74,,
customer_00508@example.com,returning,2025-03-24,ORD-02821,Premium Greens - Mango Maracuja,1,97.13,SAVE10,healthyanna
customer_00366@example.com,returning,2025-02-20,ORD-02822,Immune Protect Drink - Ginger Lemon,1,76.27,SAVE10,veganmia
customer_00668@example.com,returning,2024-10-13,ORD-02823,"Recharge Drink - Tropical Fruits,Vegan Protein Pulver - Choco,Premium Greens - Apple Kiwi","1,1,1",61.01,,
customer_00410@example.com,new,2025-09-18,ORD-02824,"Daily Gut Pulver - Lemon,Daily Fiber Drink - Lemon","2,3",57.66,LAURA15,fit_laura
customer_00133@example.com,returning,2024-04-02,ORD-02825,Gut Restore Kapseln,2,37.97,,veganmia
customer_00351@example.com,new,2025-06-27,ORD-02826,Daily Gut Creamy - Creamy Matcha,2,109.15,,
customer_00569@example.com,returning,2024-04-29,ORD-02827,Immune Protect Drink - Ginger Lemon,2,116.38,BLACKWEEK,
customer_00646@example.com,returning,2025-06-26,ORD-02828,"Vegan Basics,Daily Gut Pulver - Mango Maracuja","1,2",101.21,SUMMER20,
customer_00331@example.com,new,2024-12-07,ORD-02829,Gut Restore Kapseln,2,101.07,,veganmia
customer_00491@example.com,returning,2025-11-26,ORD-02830,Magnesium Komplex Kapseln,3,42.14,SAVE10,
customer_00234@example.com,new,2025-09-28,ORD-02831,"Daily Glow Pulver - Raspberry Lemon,Premium Greens - Apple Kiwi","1,2",117.04,BLACKWEEK,fit_laura
customer_00333@example.com,returning,2025-08-02,ORD-02832,Magnesium Komplex Kapseln,3,74.83,,veganmia
customer_00495@example.com,new,2026-03-31,ORD-02833,Vegan Basics,1,39.96,,healthyanna
customer_00317@example.com,returning,2025-11-13,ORD-02834,Magnesium Komplex Kapseln,3,79.86,,healthyanna
customer_00317@example.com,returning,2025-07-08,ORD-02835,Magnesium Komplex Kapseln,1,77.89,SUMMER20,
customer_00006@example.com,new,2025-06-23,ORD-02836,Daily Gut Pulver - Mango Maracuja,1,71.33,SUMMER20,fit_laura
customer_00346@example.com,returning,2026-01-10,ORD-02837,"Daily Glow Pulver - Raspberry Lemon,Daily Gut Pulver - Raspberry Hibiscus","3,3",109.31,BLACKWEEK,fit_laura
customer_00369@example.com,returning,2025-09-26,ORD-02838,Hydrate Drink - Lemon,2,38.06,,
customer_00712@example.com,returning,2024-11-23,ORD-02839,Hydrate Drink - Lemon,2,86.77,,veganmia
customer_00018@example.com,returning,2024-02-22,ORD-02840,"Summer Collagen - Mango Passionfruit,Premium Greens - Mango Maracuja","3,2",46.83,SUMMER20,
customer_00738@example.com,returning,2024-01-14,ORD-02841,Mood Kapseln,2,79.42,LAURA15,
customer_00381@example.com,returning,2025-07-01,ORD-02842,Mood Kapseln,1,92.19,,
customer_00010@example.com,new,2024-08-22,ORD-02843,Daily Gut + Immunity - Ginger Lemon,2,37.79,SUMMER20,
customer_00497@example.com,returning,2024-01-08,ORD-02844,Immune Protect Drink - Ginger Lemon,3,34.09,,healthyanna
customer_00045@example.com,returning,2025-09-24,ORD-02845,"Daily Gut + Collagen Pulver - Neutral,Magnesium Komplex Kapseln","3,3",37.27,SAVE10,veganmia
customer_00075@example.com,returning,2024-05-09,ORD-02846,Daily Gut Creamy - Creamy Matcha,3,47.64,,veganmia
customer_00721@example.com,returning,2026-02-11,ORD-02847,Daily Gut + Collagen Pulver - Neutral,1,70.28,LAURA15,
customer_00348@example.com,returning,2026-04-10,ORD-02848,Daily Gut + Collagen Pulver - Hazelnut,2,36.86,,
customer_00439@example.com,returning,2025-04-15,ORD-02849,"Gut Restore Kapseln,Daily Gut + Immunity - Ginger Lemon","3,1",53.76,,
customer_00113@example.com,returning,2025-06-13,ORD-02850,"Recharge Drink - Lemon,Premium Greens - Mango Maracuja,Daily Gut + Collagen Pulver - Neutral","1,1,1",112.94,BLACKWEEK,
customer_00243@example.com,returning,2025-05-06,ORD-02851,"Premium Greens - Mango Maracuja,Recharge Drink - Lemon","3,1",41.33,,
customer_00769@example.com,returning,2025-09-29,ORD-02852,Vegan Protein Pulver - Vanilla Cinnamon,1,110.19,,
customer_00531@example.com,returning,2025-02-19,ORD-02853,Daily Fiber Drink - Lemon,2,96.5,,healthyanna
customer_00314@example.com,new,2024-10-03,ORD-02854,Vegan Basics,1,113.17,LAURA15,fit_laura
customer_00662@example.com,new,2024-02-21,ORD-02855,Recharge Drink - Tropical Fruits,2,84.52,,
customer_00738@example.com,returning,2025-12-16,ORD-02856,Recharge Drink - Tropical Fruits,3,58.66,,healthyanna
customer_00233@example.com,returning,2025-12-12,ORD-02857,Daily Glow Pulver - Raspberry Lemon,1,99.02,,
customer_00710@example.com,new,2026-03-11,ORD-02858,"Daily Glow Pulver - Raspberry Lemon,Summer Collagen - Mango Passionfruit","3,1",81.96,,
customer_00054@example.com,returning,2025-11-26,ORD-02859,Daily Gut + Immunity - Ginger Lemon,3,56.55,BLACKWEEK,fit_laura
customer_00477@example.com,returning,2024-11-14,ORD-02860,Daily Collagen Pulver - Vanilla,1,111.59,,veganmia
customer_00264@example.com,returning,2025-10-11,ORD-02861,Magnesium Drink - Lavender,3,31.25,SAVE10,fit_laura
customer_00272@example.com,new,2026-03-31,ORD-02862,Vegan Glow + Clear Protein Pulver - Mango Maracuja,2,54.09,,
customer_00161@example.com,new,2025-12-11,ORD-02863,Vegan Glow + Clear Protein Pulver - Mango Maracuja,3,70.72,,
customer_00488@example.com,returning,2026-02-26,ORD-02864,"Daily Gut + Immunity - Ginger Lemon,Summer Collagen - Mango Passionfruit","3,1",111.71,,veganmia
customer_00759@example.com,new,2026-01-06,ORD-02865,Vegan Glow + Clear Protein Pulver - Mango Maracuja,2,44.27,SAVE10,fit_laura
customer_00619@example.com,returning,2024-11-03,ORD-02866,Daily Gut + Collagen Pulver - Hazelnut,3,105.03,LAURA15,fit_laura
customer_00416@example.com,returning,2024-09-12,ORD-02867,Recharge Drink - Lemon,1,104.99,,
customer_00722@example.com,new,2025-10-18,ORD-02868,Hydrate Drink - Lemon,3,48.62,SUMMER20,
customer_00410@example.com,new,2024-11-09,ORD-02869,"Daily Glow Pulver - Raspberry Lemon,Daily Gut Creamy - Creamy Pistachio","2,2",115.82,LAURA15,
customer_00700@example.com,returning,2026-01-27,ORD-02870,Daily Gut + Collagen Pulver - Hazelnut,2,98.9,LAURA15,
customer_00604@example.com,returning,2024-09-11,ORD-02871,"Summer Collagen - Mango Passionfruit,Premium Greens - Apple Kiwi","3,2",103.59,LAURA15,
customer_00523@example.com,new,2024-10-10,ORD-02872,Vegan Glow + Clear Protein Pulver - Mango Maracuja,1,57.34,LAURA15,
customer_00644@example.com,returning,2024-06-05,ORD-02873,"Vegan Protein Pulver - Choco,Daily Gut Creamy - Creamy Pistachio","1,2",52.85,SUMMER20,healthyanna
customer_00487@example.com,returning,2024-02-15,ORD-02874,"Daily Gut Pulver - Raspberry Hibiscus,Immune Protect Drink - Ginger Lemon,Summer Collagen - Mango Passionfruit","3,1,1",55.8,,
customer_00074@example.com,new,2026-04-18,ORD-02875,Daily Glow Pulver - Raspberry Lemon,1,27.69,BLACKWEEK,
customer_00725@example.com,new,2026-04-03,ORD-02876,Summer Collagen - Mango Passionfruit,3,80.84,SAVE10,
customer_00273@example.com,returning,2024-03-13,ORD-02877,"Daily Gut Creamy - Creamy Matcha,Hydrate Drink - Lemon","1,2",32.48,,
customer_00635@example.com,returning,2025-06-06,ORD-02878,Summer Collagen - Mango Passionfruit,1,101.07,LAURA15,
customer_00036@example.com,returning,2025-09-17,ORD-02879,"Vegan Basics,Daily Gut + Immunity - Ginger Lemon,Immune Protect Drink - Ginger Lemon","3,1,3",116.29,,
customer_00780@example.com,new,2024-06-26,ORD-02880,"Mood Kapseln,Daily Collagen Pulver - Vanilla,Magnesium Drink - Blueberry Lemon","2,2,2",116.09,LAURA15,
customer_00646@example.com,returning,2024-03-17,ORD-02881,"Hydrate Drink - Lemon,Magnesium Komplex Kapseln","1,1",88.78,SUMMER20,
customer_00549@example.com,returning,2024-03-15,ORD-02882,"Magnesium Komplex Kapseln,Vegan Glow + Clear Protein Pulver - Mango Maracuja","1,1",54.7,,
customer_00296@example.com,returning,2025-09-01,ORD-02883,Magnesium Drink - Lavender,3,67.31,,
customer_00079@example.com,returning,2024-04-21,ORD-02884,Vegan Protein Pulver - Coffee,1,29.19,SAVE10,fit_laura
customer_00291@example.com,new,2025-06-09,ORD-02885,"Magnesium Komplex Kapseln,Daily Collagen Pulver - Neutral","3,3",74.82,,veganmia
customer_00570@example.com,returning,2025-01-30,ORD-02886,Vegan Protein Pulver - Cookie Dough,2,114.14,BLACKWEEK,
customer_00568@example.com,returning,2025-06-24,ORD-02887,Magnesium Komplex Kapseln,3,102.64,BLACKWEEK,
customer_00361@example.com,new,2025-06-20,ORD-02888,"Daily Gut Creamy - Creamy Pistachio,Summer Collagen - Mango Passionfruit,Daily Gut + Collagen Pulver - Hazelnut","2,3,2",28.26,SUMMER20,
customer_00490@example.com,returning,2024-08-03,ORD-02889,"Mood Kapseln,Premium Greens - Mango Maracuja,Daily Gut Pulver - Raspberry Hibiscus","3,2,3",58.41,,
customer_00289@example.com,returning,2024-02-20,ORD-02890,Vegan Basics,3,98.02,LAURA15,fit_laura
customer_00618@example.com,returning,2024-10-17,ORD-02891,Vegan Basics,1,82.72,,
customer_00209@example.com,returning,2025-07-31,ORD-02892,Daily Gut + Immunity - Ginger Lemon,2,28.36,,
customer_00445@example.com,returning,2025-07-28,ORD-02893,Vegan Basics,2,57.07,BLACKWEEK,
customer_00503@example.com,returning,2026-04-20,ORD-02894,"Daily Gut + Immunity - Ginger Lemon,Magnesium Komplex Kapseln","2,1",63.21,,
customer_00310@example.com,new,2025-08-25,ORD-02895,Daily Gut + Immunity - Ginger Lemon,3,113.54,LAURA15,
customer_00016@example.com,returning,2025-12-21,ORD-02896,"Daily Glow Pulver - Raspberry Lemon,Summer Collagen - Mango Passionfruit","2,1",70.3,,
customer_00247@example.com,returning,2024-04-20,ORD-02897,Vegan Protein Pulver - Cookie Dough,2,81.23,,
customer_00164@example.com,returning,2024-04-15,ORD-02898,"Daily Collagen Pulver - Vanilla,Summer Collagen - Mango Passionfruit","3,3",38.64,SAVE10,veganmia
customer_00680@example.com,returning,2025-11-04,ORD-02899,Summer Collagen - Mango Passionfruit,2,30.49,SAVE10,
customer_00350@example.com,new,2025-02-15,ORD-02900,Daily Gut Creamy - Creamy Matcha,3,84.95,,
customer_00242@example.com,returning,2025-02-05,ORD-02901,Mood Kapseln,2,45.38,BLACKWEEK,
customer_00207@example.com,returning,2024-10-25,ORD-02902,"Recharge Drink - Tropical Fruits,Vegan Glow + Clear Protein Pulver - Mango Maracuja","3,1",46.22,BLACKWEEK,fit_laura
customer_00161@example.com,new,2025-08-04,ORD-02903,"Vegan Glow + Clear Protein Pulver - Mango Maracuja,Daily Gut Pulver - Lemon","3,2",78.81,,healthyanna
customer_00659@example.com,returning,2025-12-10,ORD-02904,Hydrate Drink - Lemon,2,43.49,,veganmia
customer_00102@example.com,returning,2025-04-08,ORD-02905,Daily Fiber Drink - Lemon,1,98.91,SUMMER20,
customer_00647@example.com,returning,2024-05-12,ORD-02906,Daily Gut Pulver - Raspberry Hibiscus,1,46.32,SAVE10,
customer_00293@example.com,returning,2025-01-03,ORD-02907,Daily Fiber Drink - Lemon,2,32.49,SUMMER20,healthyanna
customer_00377@example.com,returning,2024-12-10,ORD-02908,Daily Gut Creamy - Creamy Pistachio,1,31.6,SAVE10,veganmia
customer_00412@example.com,returning,2025-05-14,ORD-02909,Immune Protect Drink - Ginger Lemon,1,75.08,SUMMER20,
customer_00300@example.com,new,2025-04-30,ORD-02910,"Mood Kapseln,Daily Gut Creamy - Creamy Pistachio","1,1",62.14,SUMMER20,
customer_00330@example.com,returning,2025-12-11,ORD-02911,"Recharge Drink - Lemon,Daily Gut + Collagen Pulver - Hazelnut","1,1",77.76,,veganmia
customer_00257@example.com,new,2025-04-17,ORD-02912,Daily Fiber Drink - Lemon,3,47.3,LAURA15,healthyanna
customer_00078@example.com,returning,2025-12-13,ORD-02913,Daily Gut Creamy - Creamy Matcha,1,39.49,SAVE10,healthyanna
customer_00695@example.com,returning,2025-11-16,ORD-02914,Daily Gut + Collagen Pulver - Hazelnut,2,79.51,LAURA15,healthyanna
customer_00006@example.com,new,2024-04-14,ORD-02915,Daily Gut Pulver - Mango Maracuja,2,102.39,BLACKWEEK,healthyanna
customer_00630@example.com,returning,2026-01-13,ORD-02916,Magnesium Drink - Lavender,3,71.19,,veganmia
customer_00573@example.com,returning,2024-09-25,ORD-02917,Vegan Protein Pulver - Vanilla Cinnamon,1,32.46,LAURA15,fit_laura
customer_00095@example.com,returning,2024-01-10,ORD-02918,Daily Gut + Immunity - Ginger Lemon,1,115.13,,healthyanna
customer_00350@example.com,new,2025-02-28,ORD-02919,"Vegan Glow + Clear Protein Pulver - Mango Maracuja,Premium Greens - Apple Kiwi,Magnesium Drink - Lavender","2,2,2",25.13,LAURA15,fit_laura
customer_00762@example.com,returning,2025-11-07,ORD-02920,Daily Gut Creamy - Creamy Pistachio,2,102.67,,healthyanna
customer_00469@example.com,returning,2026-04-08,ORD-02921,Daily Gut + Immunity - Ginger Lemon,1,101.69,,healthyanna
customer_00781@example.com,returning,2025-04-10,ORD-02922,"Hydrate Drink - Lemon,Magnesium Drink - Lavender,Mood Kapseln","1,2,3",93.94,SAVE10,
customer_00027@example.com,returning,2025-09-10,ORD-02923,Gut Restore Kapseln,2,114.54,SAVE10,
customer_00252@example.com,returning,2024-03-13,ORD-02924,"Vegan Glow + Clear Protein Pulver - Mango Maracuja,Daily Fiber Drink - Lemon","1,3",25.41,,
customer_00394@example.com,returning,2024-03-07,ORD-02925,Premium Greens - Mango Maracuja,2,91.77,LAURA15,
customer_00569@example.com,returning,2024-03-24,ORD-02926,Mood Kapseln,1,27.54,SAVE10,healthyanna
customer_00546@example.com,returning,2024-02-08,ORD-02927,"Magnesium Drink - Lavender,Recharge Drink - Tropical Fruits","1,2",61.91,,
customer_00295@example.com,returning,2025-09-05,ORD-02928,Hydrate Drink - Lemon,2,53.53,,
customer_00574@example.com,returning,2025-04-23,ORD-02929,Daily Gut + Collagen Pulver - Neutral,3,26.15,BLACKWEEK,
customer_00665@example.com,returning,2024-01-05,ORD-02930,Daily Collagen Pulver - Neutral,1,96.58,,
customer_00455@example.com,returning,2026-04-08,ORD-02931,Vegan Glow + Clear Protein Pulver - Mango Maracuja,2,44.19,LAURA15,
customer_00037@example.com,new,2025-08-10,ORD-02932,Daily Collagen Pulver - Neutral,1,91.83,BLACKWEEK,
customer_00433@example.com,returning,2024-03-29,ORD-02933,"Daily Gut Creamy - Creamy Matcha,Hydrate Drink - Lemon","1,2",114.76,,
customer_00365@example.com,new,2024-08-25,ORD-02934,Daily Gut + Collagen Pulver - Neutral,2,47.16,LAURA15,
customer_00677@example.com,returning,2024-06-14,ORD-02935,Daily Gut + Collagen Pulver - Neutral,3,46.74,,
customer_00111@example.com,returning,2024-09-06,ORD-02936,Daily Gut Pulver - Raspberry Hibiscus,3,111.15,,
customer_00775@example.com,returning,2024-08-07,ORD-02937,Daily Gut + Collagen Pulver - Hazelnut,2,93.34,,
customer_00734@example.com,returning,2024-08-09,ORD-02938,Mood Kapseln,1,116.35,,healthyanna
customer_00310@example.com,new,2024-12-03,ORD-02939,"Daily Glow Pulver - Raspberry Lemon,Hydrate Drink - Lemon","3,1",117.13,,
customer_00249@example.com,returning,2025-12-19,ORD-02940,"Daily Glow Pulver - Raspberry Lemon,Mood Kapseln","3,3",32.43,,healthyanna
customer_00247@example.com,returning,2024-02-04,ORD-02941,Vegan Protein Pulver - Cookie Dough,2,65.89,,
customer_00374@example.com,new,2025-09-14,ORD-02942,Daily Collagen Pulver - Vanilla,1,36.9,,
customer_00734@example.com,returning,2025-01-14,ORD-02943,Daily Glow Pulver - Raspberry Lemon,1,96.26,LAURA15,
customer_00402@example.com,returning,2024-04-14,ORD-02944,Vegan Protein Pulver - Neutral,3,114.17,SAVE10,
customer_00678@example.com,new,2025-02-11,ORD-02945,"Magnesium Drink - Blueberry Lemon,Summer Collagen - Mango Passionfruit,Mood Kapseln","1,2,2",115.61,,healthyanna
customer_00597@example.com,returning,2024-02-19,ORD-02946,"Summer Collagen - Mango Passionfruit,Magnesium Drink - Blueberry Lemon,Daily Glow Pulver - Raspberry Lemon","2,3,2",88.35,SAVE10,fit_laura
customer_00113@example.com,returning,2024-07-16,ORD-02947,"Daily Gut Creamy - Creamy Pistachio,Daily Gut + Immunity - Ginger Lemon","2,2",78.38,,healthyanna
customer_00258@example.com,new,2025-11-12,ORD-02948,"Vegan Basics,Daily Gut + Immunity - Ginger Lemon,Daily Glow Pulver - Raspberry Lemon","1,1,3",117.29,,
customer_00586@example.com,returning,2024-03-03,ORD-02949,"Immune Protect Drink - Ginger Lemon,Daily Fiber Drink - Lemon","1,3",50.05,BLACKWEEK,
customer_00268@example.com,returning,2025-01-06,ORD-02950,Mood Kapseln,3,117.1,,
customer_00742@example.com,returning,2024-01-22,ORD-02951,Daily Glow Pulver - Raspberry Lemon,1,64.01,SUMMER20,veganmia
customer_00768@example.com,returning,2024-03-05,ORD-02952,Daily Fiber Drink - Lemon,1,85.62,,
customer_00642@example.com,new,2025-06-02,ORD-02953,"Vegan Glow + Clear Protein Pulver - Mango Maracuja,Daily Gut Pulver - Mango Maracuja,Daily Glow Pulver - Raspberry Lemon","2,1,3",42.98,,
customer_00640@example.com,returning,2024-08-18,ORD-02954,"Daily Gut + Immunity - Ginger Lemon,Magnesium Komplex Kapseln","2,1",99.25,SUMMER20,
customer_00682@example.com,new,2024-05-23,ORD-02955,Daily Gut + Collagen Pulver - Hazelnut,3,99.9,,veganmia
customer_00546@example.com,returning,2025-09-08,ORD-02956,Daily Fiber Drink - Lemon,1,47.84,,veganmia
customer_00597@example.com,returning,2024-07-08,ORD-02957,Daily Gut + Collagen Pulver - Neutral,1,111.16,,veganmia
customer_00424@example.com,returning,2024-04-28,ORD-02958,"Hydrate Drink - Lemon,Recharge Drink - Lemon","1,3",32.07,BLACKWEEK,
customer_00227@example.com,new,2025-07-29,ORD-02959,Magnesium Komplex Kapseln,1,72.47,LAURA15,fit_laura
customer_00087@example.com,returning,2025-06-27,ORD-02960,"Magnesium Drink - Blueberry Lemon,Summer Collagen - Mango Passionfruit","3,3",70.5,,veganmia
customer_00624@example.com,returning,2025-12-31,ORD-02961,Summer Collagen - Mango Passionfruit,3,94.32,SAVE10,veganmia
customer_00399@example.com,returning,2024-11-27,ORD-02962,"Gut Restore Kapseln,Premium Greens - Mango Maracuja,Daily Collagen Pulver - Neutral","1,2,1",73.33,LAURA15,veganmia
customer_00074@example.com,new,2025-11-04,ORD-02963,Daily Gut Pulver - Raspberry Hibiscus,3,83.83,,
customer_00581@example.com,returning,2024-09-17,ORD-02964,"Gut Restore Kapseln,Vegan Glow + Clear Protein Pulver - Mango Maracuja,Daily Gut + Collagen Pulver - Neutral","3,2,2",93.38,SUMMER20,healthyanna
customer_00275@example.com,new,2024-08-11,ORD-02965,"Daily Gut + Immunity - Ginger Lemon,Daily Gut + Collagen Pulver - Hazelnut","3,2",92.5,SAVE10,
customer_00435@example.com,returning,2024-04-16,ORD-02966,Summer Collagen - Mango Passionfruit,3,34.82,,
customer_00373@example.com,returning,2024-02-02,ORD-02967,"Recharge Drink - Tropical Fruits,Premium Greens - Apple Kiwi,Vegan Protein Pulver - Cookie Dough","1,3,2",95.6,LAURA15,
customer_00520@example.com,new,2024-06-24,ORD-02968,"Daily Gut + Collagen Pulver - Neutral,Premium Greens - Apple Kiwi","3,3",100.94,LAURA15,
customer_00040@example.com,returning,2026-01-03,ORD-02969,"Vegan Basics,Daily Gut + Collagen Pulver - Hazelnut","1,3",65.54,LAURA15,
customer_00361@example.com,new,2024-01-07,ORD-02970,"Recharge Drink - Lemon,Immune Protect Drink - Ginger Lemon","1,1",31.09,SUMMER20,
customer_00459@example.com,returning,2025-11-29,ORD-02971,"Immune Protect Drink - Ginger Lemon,Recharge Drink - Lemon","3,2",93.06,,healthyanna
customer_00501@example.com,returning,2024-12-05,ORD-02972,"Magnesium Komplex Kapseln,Vegan Protein Pulver - Cookie Dough","2,1",33.68,,
customer_00726@example.com,returning,2025-12-06,ORD-02973,Summer Collagen - Mango Passionfruit,1,76.09,,healthyanna
customer_00262@example.com,returning,2024-01-11,ORD-02974,"Daily Glow Pulver - Raspberry Lemon,Magnesium Komplex Kapseln","1,1",119.62,,
customer_00137@example.com,returning,2025-12-23,ORD-02975,Magnesium Drink - Blueberry Lemon,1,110.92,SAVE10,
customer_00685@example.com,returning,2026-04-06,ORD-02976,Daily Glow Pulver - Raspberry Lemon,1,44.45,,
customer_00117@example.com,returning,2025-07-25,ORD-02977,"Daily Gut + Collagen Pulver - Hazelnut,Daily Glow Pulver - Raspberry Lemon,Daily Gut Pulver - Raspberry Hibiscus","2,1,2",69.77,,
customer_00692@example.com,returning,2024-10-12,ORD-02978,Vegan Glow + Clear Protein Pulver - Mango Maracuja,1,111.44,,
customer_00065@example.com,returning,2026-03-18,ORD-02979,"Daily Fiber Drink - Lemon,Daily Collagen Pulver - Vanilla,Magnesium Komplex Kapseln","2,1,3",94.77,,
customer_00565@example.com,returning,2024-05-26,ORD-02980,Magnesium Drink - Blueberry Lemon,2,80.11,,
customer_00422@example.com,new,2025-01-02,ORD-02981,"Premium Greens - Apple Kiwi,Vegan Basics","3,2",25.58,BLACKWEEK,healthyanna
customer_00018@example.com,returning,2025-12-26,ORD-02982,"Magnesium Komplex Kapseln,Daily Gut + Collagen Pulver - Hazelnut","3,1",56.48,SUMMER20,
customer_00163@example.com,new,2024-08-28,ORD-02983,"Premium Greens - Apple Kiwi,Daily Glow Pulver - Raspberry Lemon","2,2",58.23,,
customer_00277@example.com,returning,2024-02-17,ORD-02984,"Recharge Drink - Lemon,Mood Kapseln","1,3",98.3,,
customer_00089@example.com,returning,2024-07-04,ORD-02985,Magnesium Drink - Blueberry Lemon,2,68.99,,
customer_00721@example.com,returning,2024-03-25,ORD-02986,Immune Protect Drink - Ginger Lemon,2,118.4,LAURA15,fit_laura
customer_00282@example.com,returning,2026-04-01,ORD-02987,Daily Gut Pulver - Raspberry Hibiscus,1,110.73,,
customer_00519@example.com,new,2026-03-29,ORD-02988,Daily Gut + Collagen Pulver - Neutral,1,109.44,BLACKWEEK,
customer_00316@example.com,returning,2025-09-02,ORD-02989,"Daily Glow Pulver - Raspberry Lemon,Premium Greens - Mango Maracuja","2,3",108.53,,
customer_00046@example.com,returning,2025-05-22,ORD-02990,Summer Collagen - Mango Passionfruit,2,81.96,,
customer_00090@example.com,returning,2025-12-26,ORD-02991,Vegan Protein Pulver - Coffee,3,54.02,SAVE10,
customer_00339@example.com,returning,2024-03-30,ORD-02992,Daily Glow Pulver - Raspberry Lemon,2,119.75,BLACKWEEK,
customer_00000@example.com,new,2025-11-06,ORD-02993,Summer Collagen - Mango Passionfruit,1,113.19,,healthyanna
customer_00171@example.com,returning,2024-01-08,ORD-02994,Vegan Protein Pulver - Choco,2,111.96,SAVE10,
customer_00200@example.com,new,2025-12-04,ORD-02995,Magnesium Komplex Kapseln,1,118.9,SAVE10,
customer_00507@example.com,returning,2025-08-14,ORD-02996,Daily Collagen Pulver - Neutral,3,108.97,,
customer_00608@example.com,returning,2026-03-12,ORD-02997,Daily Collagen Pulver - Vanilla,3,106.35,SAVE10,
customer_00225@example.com,new,2025-06-08,ORD-02998,Mood Kapseln,1,86.94,,
customer_00559@example.com,returning,2025-04-26,ORD-02999,"Hydrate Drink - Lemon,Vegan Glow + Clear Protein Pulver - Mango Maracuja","2,1",47.54,SAVE10,fit_laura
customer_00601@example.com,returning,2025-12-01,ORD-03000,Daily Gut + Collagen Pulver - Neutral,2,110.56,,
customer_00675@example.com,returning,2025-02-16,ORD-03001,Recharge Drink - Lemon,1,80.25,LAURA15,fit_laura
customer_00174@example.com,new,2025-08-04,ORD-03002,"Daily Glow Pulver - Raspberry Lemon,Daily Fiber Drink - Lemon","2,2",35.37,,
customer_00400@example.com,new,2025-10-03,ORD-03003,Hydrate Drink - Lemon,2,85.5,,
customer_00581@example.com,returning,2024-12-03,ORD-03004,"Gut Restore Kapseln,Magnesium Komplex Kapseln","3,2",64.58,,
customer_00565@example.com,returning,2025-05-15,ORD-03005,Mood Kapseln,1,104.9,SAVE10,
customer_00710@example.com,new,2025-02-01,ORD-03006,Gut Restore Kapseln,3,33.92,,
customer_00702@example.com,returning,2025-08-20,ORD-03007,"Vegan Protein Pulver - Cookie Dough,Magnesium Drink - Blueberry Lemon","3,2",39.89,,
customer_00195@example.com,returning,2024-07-12,ORD-03008,Vegan Basics,2,63.84,LAURA15,fit_laura
customer_00601@example.com,returning,2024-03-30,ORD-03009,"Daily Glow Pulver - Raspberry Lemon,Immune Protect Drink - Ginger Lemon","3,3",97.67,LAURA15,veganmia
customer_00141@example.com,returning,2024-06-08,ORD-03010,"Daily Fiber Drink - Lemon,Magnesium Drink - Blueberry Lemon,Vegan Protein Pulver - Vanilla Cinnamon","2,2,1",49.94,,
customer_00706@example.com,returning,2025-05-13,ORD-03011,Daily Glow Pulver - Raspberry Lemon,1,32.11,,
customer_00434@example.com,returning,2025-12-12,ORD-03012,"Magnesium Drink - Blueberry Lemon,Daily Gut Creamy - Creamy Pistachio","3,2",67.89,,
customer_00042@example.com,returning,2024-09-28,ORD-03013,"Daily Glow Pulver - Raspberry Lemon,Daily Gut Creamy - Creamy Pistachio,Immune Protect Drink - Ginger Lemon","1,2,1",114.02,,
customer_00369@example.com,returning,2025-07-18,ORD-03014,Mood Kapseln,1,78.55,BLACKWEEK,veganmia
customer_00678@example.com,new,2024-11-28,ORD-03015,Daily Glow Pulver - Raspberry Lemon,3,27.82,LAURA15,fit_laura
customer_00752@example.com,returning,2025-01-08,ORD-03016,Daily Glow Pulver - Raspberry Lemon,1,61.69,SAVE10,
customer_00290@example.com,new,2025-01-14,ORD-03017,Summer Collagen - Mango Passionfruit,3,60.12,LAURA15,fit_laura
customer_00348@example.com,returning,2025-03-14,ORD-03018,Daily Gut Creamy - Creamy Matcha,2,25.63,,
customer_00510@example.com,returning,2025-05-14,ORD-03019,Immune Protect Drink - Ginger Lemon,1,63.94,SUMMER20,
customer_00196@example.com,returning,2024-01-30,ORD-03020,Daily Gut Creamy - Creamy Pistachio,3,74.36,SAVE10,
customer_00710@example.com,new,2025-12-03,ORD-03021,"Vegan Glow + Clear Protein Pulver - Mango Maracuja,Daily Fiber Drink - Lemon","3,2",42.46,SUMMER20,fit_laura
customer_00063@example.com,returning,2024-04-16,ORD-03022,Summer Collagen - Mango Passionfruit,3,68.5,LAURA15,fit_laura
customer_00620@example.com,new,2025-11-25,ORD-03023,Gut Restore Kapseln,3,35.24,,healthyanna
customer_00039@example.com,new,2025-04-13,ORD-03024,Daily Gut + Collagen Pulver - Hazelnut,2,66.46,SAVE10,
customer_00487@example.com,returning,2026-02-12,ORD-03025,"Daily Collagen Pulver - Neutral,Daily Fiber Drink - Lemon","3,3",90.19,LAURA15,
customer_00236@example.com,returning,2024-04-25,ORD-03026,Daily Gut + Immunity - Ginger Lemon,3,25.23,SUMMER20,
customer_00345@example.com,new,2024-02-13,ORD-03027,Mood Kapseln,1,107.26,,veganmia
customer_00572@example.com,returning,2026-02-05,ORD-03028,Daily Glow Pulver - Raspberry Lemon,3,51.57,,
customer_00464@example.com,returning,2025-02-13,ORD-03029,"Magnesium Drink - Lavender,Recharge Drink - Lemon","2,1",43.38,SAVE10,veganmia
customer_00162@example.com,returning,2024-09-21,ORD-03030,"Vegan Basics,Daily Gut Pulver - Mango Maracuja","1,3",64.52,LAURA15,fit_laura
customer_00429@example.com,returning,2025-02-22,ORD-03031,Daily Gut + Collagen Pulver - Neutral,1,26.25,,
customer_00581@example.com,returning,2024-06-08,ORD-03032,Daily Gut Pulver - Lemon,2,91.0,,
customer_00263@example.com,new,2025-05-21,ORD-03033,"Magnesium Drink - Lavender,Premium Greens - Mango Maracuja,Summer Collagen - Mango Passionfruit","1,3,3",77.01,,
customer_00549@example.com,returning,2024-11-21,ORD-03034,Gut Restore Kapseln,3,70.46,,
customer_00469@example.com,returning,2025-02-12,ORD-03035,"Daily Gut Creamy - Creamy Matcha,Magnesium Komplex Kapseln","1,1",74.63,SUMMER20,
customer_00613@example.com,returning,2024-09-20,ORD-03036,Daily Glow Pulver - Raspberry Lemon,3,36.36,,healthyanna
customer_00027@example.com,returning,2024-12-08,ORD-03037,Vegan Protein Pulver - Coffee,1,61.78,SAVE10,
customer_00734@example.com,returning,2025-01-22,ORD-03038,Vegan Basics,1,54.03,,healthyanna
customer_00483@example.com,returning,2024-08-31,ORD-03039,"Daily Gut + Collagen Pulver - Hazelnut,Summer Collagen - Mango Passionfruit,Daily Gut + Immunity - Ginger Lemon","2,1,2",118.38,,veganmia
customer_00688@example.com,returning,2025-06-18,ORD-03040,"Daily Gut + Immunity - Ginger Lemon,Daily Fiber Drink - Lemon","1,3",66.8,SAVE10,
customer_00719@example.com,returning,2024-04-15,ORD-03041,Daily Gut Pulver - Lemon,3,59.87,,
customer_00040@example.com,returning,2024-10-18,ORD-03042,Daily Collagen Pulver - Neutral,2,46.48,SAVE10,
customer_00434@example.com,returning,2024-12-01,ORD-03043,"Daily Gut + Collagen Pulver - Neutral,Summer Collagen - Mango Passionfruit,Gut Restore Kapseln","2,3,2",117.57,SAVE10,healthyanna
customer_00093@example.com,new,2026-04-14,ORD-03044,Daily Gut + Collagen Pulver - Hazelnut,1,35.08,SAVE10,
customer_00568@example.com,returning,2025-08-01,ORD-03045,"Daily Gut Pulver - Raspberry Hibiscus,Premium Greens - Apple Kiwi","2,1",69.99,,
customer_00702@example.com,returning,2025-01-08,ORD-03046,"Vegan Glow + Clear Protein Pulver - Mango Maracuja,Premium Greens - Apple Kiwi","1,3",110.92,,veganmia
customer_00617@example.com,new,2024-11-25,ORD-03047,Gut Restore Kapseln,3,81.53,,
customer_00766@example.com,returning,2024-10-15,ORD-03048,"Recharge Drink - Lemon,Hydrate Drink - Lemon,Premium Greens - Mango Maracuja","1,3,3",32.92,SAVE10,veganmia
customer_00291@example.com,new,2024-04-05,ORD-03049,Vegan Protein Pulver - Coffee,2,110.54,LAURA15,fit_laura
customer_00192@example.com,returning,2025-01-23,ORD-03050,Vegan Glow + Clear Protein Pulver - Mango Maracuja,2,75.69,,
customer_00761@example.com,returning,2025-09-05,ORD-03051,"Daily Fiber Drink - Lemon,Daily Gut Pulver - Mango Maracuja","2,1",87.44,,
customer_00371@example.com,new,2025-06-11,ORD-03052,Daily Fiber Drink - Lemon,2,30.54,SAVE10,
customer_00345@example.com,new,2025-03-30,ORD-03053,Premium Greens - Mango Maracuja,3,49.27,LAURA15,fit_laura
customer_00338@example.com,returning,2025-01-17,ORD-03054,Daily Gut + Collagen Pulver - Neutral,1,97.66,,veganmia
customer_00324@example.com,returning,2025-12-09,ORD-03055,Gut Restore Kapseln,1,116.47,BLACKWEEK,healthyanna
customer_00717@example.com,new,2025-09-02,ORD-03056,Daily Gut + Immunity - Ginger Lemon,2,46.13,,
customer_00169@example.com,returning,2026-04-18,ORD-03057,Summer Collagen - Mango Passionfruit,1,87.61,SAVE10,
customer_00740@example.com,returning,2024-06-07,ORD-03058,"Hydrate Drink - Lemon,Immune Protect Drink - Ginger Lemon","1,1",57.89,,
customer_00507@example.com,returning,2026-03-21,ORD-03059,"Daily Glow Pulver - Raspberry Lemon,Daily Gut Pulver - Mango Maracuja","2,3",77.07,,veganmia
customer_00104@example.com,new,2024-11-08,ORD-03060,"Daily Glow Pulver - Raspberry Lemon,Daily Gut + Immunity - Ginger Lemon","2,3",61.73,,
customer_00301@example.com,returning,2025-11-29,ORD-03061,Vegan Glow + Clear Protein Pulver - Mango Maracuja,1,70.07,,
customer_00184@example.com,returning,2024-12-10,ORD-03062,Magnesium Komplex Kapseln,2,75.86,,veganmia
customer_00277@example.com,returning,2025-09-26,ORD-03063,Daily Glow Pulver - Raspberry Lemon,2,112.35,,
customer_00530@example.com,returning,2025-06-09,ORD-03064,"Gut Restore Kapseln,Immune Protect Drink - Ginger Lemon","2,2",49.51,,
customer_00462@example.com,returning,2025-03-01,ORD-03065,"Daily Gut + Immunity - Ginger Lemon,Vegan Glow + Clear Protein Pulver - Mango Maracuja","1,3",119.5,LAURA15,veganmia
customer_00003@example.com,returning,2025-01-20,ORD-03066,"Magnesium Komplex Kapseln,Premium Greens - Apple Kiwi","2,3",110.1,,
customer_00528@example.com,new,2025-03-08,ORD-03067,"Daily Collagen Pulver - Vanilla,Daily Glow Pulver - Raspberry Lemon","3,2",93.28,LAURA15,
customer_00685@example.com,returning,2024-05-19,ORD-03068,Daily Collagen Pulver - Neutral,2,92.0,,
customer_00718@example.com,new,2025-01-22,ORD-03069,"Daily Gut Creamy - Creamy Pistachio,Gut Restore Kapseln,Daily Gut Pulver - Raspberry Hibiscus","2,3,2",28.34,BLACKWEEK,
customer_00723@example.com,new,2025-03-26,ORD-03070,Recharge Drink - Tropical Fruits,1,116.22,LAURA15,fit_laura
customer_00180@example.com,returning,2024-12-26,ORD-03071,"Mood Kapseln,Daily Gut + Immunity - Ginger Lemon","3,2",64.75,,
customer_00064@example.com,returning,2025-07-06,ORD-03072,"Daily Collagen Pulver - Neutral,Daily Glow Pulver - Raspberry Lemon","1,2",97.04,,veganmia
customer_00048@example.com,returning,2025-03-19,ORD-03073,"Magnesium Komplex Kapseln,Daily Gut + Immunity - Ginger Lemon,Magnesium Drink - Lavender","2,3,2",55.98,,
customer_00303@example.com,returning,2024-05-22,ORD-03074,Daily Gut Pulver - Raspberry Hibiscus,3,32.22,,veganmia
customer_00175@example.com,new,2025-07-03,ORD-03075,"Vegan Basics,Immune Protect Drink - Ginger Lemon,Daily Fiber Drink - Lemon","3,2,2",72.64,SUMMER20,
customer_00160@example.com,new,2026-04-14,ORD-03076,"Immune Protect Drink - Ginger Lemon,Recharge Drink - Tropical Fruits,Gut Restore Kapseln","2,1,1",83.6,SUMMER20,
customer_00568@example.com,returning,2025-01-25,ORD-03077,"Gut Restore Kapseln,Daily Gut + Immunity - Ginger Lemon","1,1",74.68,,
customer_00300@example.com,new,2025-03-13,ORD-03078,Gut Restore Kapseln,3,114.75,SUMMER20,
customer_00719@example.com,returning,2026-01-09,ORD-03079,"Magnesium Drink - Lavender,Premium Greens - Mango Maracuja","1,3",48.1,SAVE10,
customer_00006@example.com,new,2025-03-24,ORD-03080,Mood Kapseln,3,117.15,,
customer_00761@example.com,returning,2026-04-12,ORD-03081,Premium Greens - Apple Kiwi,1,107.66,,
customer_00774@example.com,returning,2024-02-27,ORD-03082,"Summer Collagen - Mango Passionfruit,Mood Kapseln,Vegan Glow + Clear Protein Pulver - Mango Maracuja","2,1,2",49.2,SAVE10,
customer_00218@example.com,returning,2026-03-05,ORD-03083,Summer Collagen - Mango Passionfruit,1,68.92,SUMMER20,fit_laura
customer_00763@example.com,returning,2024-02-12,ORD-03084,"Daily Glow Pulver - Raspberry Lemon,Premium Greens - Apple Kiwi","2,2",97.51,,veganmia
customer_00156@example.com,new,2025-04-14,ORD-03085,Magnesium Drink - Lavender,2,86.68,,
customer_00300@example.com,new,2026-03-18,ORD-03086,Magnesium Komplex Kapseln,3,80.46,,healthyanna
customer_00652@example.com,returning,2024-10-31,ORD-03087,"Recharge Drink - Lemon,Daily Fiber Drink - Lemon","1,2",116.57,SAVE10,
customer_00285@example.com,returning,2024-07-10,ORD-03088,Hydrate Drink - Lemon,2,92.61,LAURA15,
customer_00638@example.com,new,2024-01-11,ORD-03089,"Premium Greens - Mango Maracuja,Recharge Drink - Lemon","2,3",87.63,SAVE10,
customer_00433@example.com,returning,2024-02-02,ORD-03090,"Vegan Glow + Clear Protein Pulver - Mango Maracuja,Hydrate Drink - Lemon","3,1",71.38,,
customer_00024@example.com,returning,2024-09-07,ORD-03091,"Magnesium Drink - Blueberry Lemon,Vegan Protein Pulver - Choco","1,3",79.71,LAURA15,fit_laura
customer_00029@example.com,new,2024-12-30,ORD-03092,"Vegan Glow + Clear Protein Pulver - Mango Maracuja,Vegan Basics","1,1",65.31,LAURA15,
customer_00639@example.com,returning,2025-01-09,ORD-03093,Immune Protect Drink - Ginger Lemon,1,102.77,BLACKWEEK,fit_laura
customer_00211@example.com,returning,2024-05-12,ORD-03094,Vegan Protein Pulver - Vanilla Cinnamon,2,85.41,SAVE10,
customer_00460@example.com,returning,2025-01-09,ORD-03095,Vegan Basics,1,82.77,,
customer_00675@example.com,returning,2025-01-11,ORD-03096,"Gut Restore Kapseln,Recharge Drink - Lemon","2,3",27.41,,
customer_00350@example.com,new,2024-04-27,ORD-03097,Vegan Glow + Clear Protein Pulver - Mango Maracuja,1,53.53,,healthyanna
customer_00373@example.com,returning,2026-01-26,ORD-03098,"Recharge Drink - Tropical Fruits,Daily Gut + Immunity - Ginger Lemon","3,1",106.06,SUMMER20,
customer_00375@example.com,returning,2025-02-07,ORD-03099,Daily Gut Creamy - Creamy Pistachio,3,86.76,BLACKWEEK,veganmia
customer_00098@example.com,new,2024-06-01,ORD-03100,"Premium Greens - Mango Maracuja,Daily Gut + Immunity - Ginger Lemon","2,2",30.7,,
customer_00209@example.com,returning,2025-04-19,ORD-03101,Daily Glow Pulver - Raspberry Lemon,3,44.24,,
customer_00525@example.com,returning,2024-06-25,ORD-03102,"Immune Protect Drink - Ginger Lemon,Daily Glow Pulver - Raspberry Lemon","1,3",93.73,LAURA15,
customer_00093@example.com,new,2024-08-27,ORD-03103,"Recharge Drink - Tropical Fruits,Daily Gut + Collagen Pulver - Hazelnut","3,3",52.51,,
customer_00022@example.com,returning,2025-01-05,ORD-03104,Daily Gut + Immunity - Ginger Lemon,3,93.25,SAVE10,healthyanna
customer_00675@example.com,returning,2024-10-16,ORD-03105,Mood Kapseln,3,112.88,SAVE10,fit_laura
customer_00489@example.com,returning,2025-02-20,ORD-03106,"Hydrate Drink - Lemon,Daily Gut + Immunity - Ginger Lemon","3,1",25.78,,
customer_00566@example.com,returning,2024-03-11,ORD-03107,"Daily Gut + Immunity - Ginger Lemon,Daily Collagen Pulver - Neutral,Vegan Protein Pulver - Neutral","3,2,3",44.2,,
customer_00615@example.com,returning,2024-09-01,ORD-03108,"Magnesium Komplex Kapseln,Premium Greens - Mango Maracuja","2,1",52.58,,veganmia
customer_00131@example.com,new,2025-12-13,ORD-03109,Daily Collagen Pulver - Neutral,1,92.24,BLACKWEEK,veganmia
customer_00514@example.com,new,2025-07-27,ORD-03110,Vegan Glow + Clear Protein Pulver - Mango Maracuja,1,28.27,,
customer_00632@example.com,returning,2024-11-05,ORD-03111,Daily Gut Creamy - Creamy Matcha,3,101.91,,
customer_00161@example.com,new,2024-03-12,ORD-03112,Daily Gut + Collagen Pulver - Hazelnut,3,88.72,SUMMER20,fit_laura
customer_00196@example.com,returning,2024-08-27,ORD-03113,Immune Protect Drink - Ginger Lemon,1,97.24,SUMMER20,
customer_00641@example.com,returning,2024-03-28,ORD-03114,Daily Gut Creamy - Creamy Pistachio,3,26.08,,healthyanna
customer_00670@example.com,returning,2024-10-24,ORD-03115,Immune Protect Drink - Ginger Lemon,3,28.4,,healthyanna
customer_00030@example.com,returning,2026-03-29,ORD-03116,Vegan Protein Pulver - Choco,1,50.03,,
customer_00376@example.com,returning,2024-12-19,ORD-03117,Mood Kapseln,2,30.51,,
customer_00732@example.com,returning,2024-08-19,ORD-03118,Summer Collagen - Mango Passionfruit,2,32.15,SUMMER20,
customer_00386@example.com,returning,2024-04-05,ORD-03119,"Vegan Protein Pulver - Coffee,Daily Collagen Pulver - Neutral","1,3",86.97,BLACKWEEK,
customer_00687@example.com,returning,2024-03-02,ORD-03120,"Daily Gut Creamy - Creamy Pistachio,Magnesium Drink - Blueberry Lemon","1,3",65.33,LAURA15,
customer_00472@example.com,returning,2025-12-03,ORD-03121,Summer Collagen - Mango Passionfruit,2,82.44,,
customer_00732@example.com,returning,2024-01-30,ORD-03122,Vegan Glow + Clear Protein Pulver - Mango Maracuja,3,71.85,SAVE10,
customer_00760@example.com,returning,2025-07-26,ORD-03123,"Vegan Basics,Daily Gut Pulver - Mango Maracuja","3,1",64.98,SAVE10,
customer_00255@example.com,new,2025-07-01,ORD-03124,Recharge Drink - Tropical Fruits,1,98.94,,
customer_00300@example.com,new,2025-04-24,ORD-03125,Immune Protect Drink - Ginger Lemon,3,56.83,LAURA15,veganmia
customer_00749@example.com,returning,2025-07-08,ORD-03126,Daily Gut + Collagen Pulver - Neutral,1,104.65,,veganmia
customer_00144@example.com,returning,2025-08-12,ORD-03127,"Immune Protect Drink - Ginger Lemon,Magnesium Drink - Lavender","2,1",115.71,BLACKWEEK,
customer_00024@example.com,returning,2025-02-09,ORD-03128,"Recharge Drink - Tropical Fruits,Vegan Basics,Premium Greens - Apple Kiwi","2,3,3",108.41,LAURA15,
customer_00650@example.com,new,2025-02-25,ORD-03129,Vegan Glow + Clear Protein Pulver - Mango Maracuja,1,49.26,LAURA15,
customer_00372@example.com,returning,2025-12-29,ORD-03130,Magnesium Komplex Kapseln,2,50.25,,
customer_00402@example.com,returning,2024-04-18,ORD-03131,Daily Gut + Immunity - Ginger Lemon,1,68.45,LAURA15,
customer_00353@example.com,returning,2025-06-09,ORD-03132,"Daily Gut + Collagen Pulver - Neutral,Gut Restore Kapseln","2,1",53.68,,
customer_00525@example.com,returning,2024-07-01,ORD-03133,Hydrate Drink - Lemon,1,76.68,,
customer_00723@example.com,new,2025-07-05,ORD-03134,Vegan Protein Pulver - Coffee,1,61.21,,healthyanna
customer_00104@example.com,new,2025-06-12,ORD-03135,Daily Gut Pulver - Raspberry Hibiscus,2,82.72,BLACKWEEK,healthyanna
customer_00409@example.com,new,2024-06-28,ORD-03136,"Daily Gut Pulver - Mango Maracuja,Magnesium Drink - Lavender","2,2",95.44,,
customer_00512@example.com,new,2026-03-29,ORD-03137,"Daily Fiber Drink - Lemon,Vegan Basics,Hydrate Drink - Lemon","2,1,1",89.28,,
customer_00647@example.com,returning,2024-08-24,ORD-03138,"Hydrate Drink - Lemon,Magnesium Drink - Lavender","3,2",119.29,SAVE10,fit_laura
customer_00088@example.com,returning,2024-08-13,ORD-03139,Magnesium Komplex Kapseln,1,117.02,SUMMER20,
customer_00385@example.com,returning,2025-02-03,ORD-03140,"Mood Kapseln,Hydrate Drink - Lemon","3,3",100.8,LAURA15,
customer_00237@example.com,returning,2026-03-19,ORD-03141,Daily Gut Creamy - Creamy Pistachio,3,80.62,SAVE10,
customer_00264@example.com,returning,2025-07-10,ORD-03142,Daily Gut + Collagen Pulver - Hazelnut,2,35.78,SAVE10,
customer_00193@example.com,returning,2025-07-29,ORD-03143,Hydrate Drink - Lemon,1,50.84,,
customer_00763@example.com,returning,2024-11-08,ORD-03144,"Gut Restore Kapseln,Daily Gut Creamy - Creamy Pistachio,Daily Gut Pulver - Mango Maracuja","1,3,3",102.07,BLACKWEEK,
customer_00608@example.com,returning,2025-03-21,ORD-03145,"Hydrate Drink - Lemon,Recharge Drink - Lemon,Daily Fiber Drink - Lemon","3,2,1",37.39,,
customer_00351@example.com,new,2025-10-25,ORD-03146,Daily Gut Pulver - Raspberry Hibiscus,1,119.32,BLACKWEEK,
customer_00209@example.com,returning,2024-08-27,ORD-03147,Gut Restore Kapseln,3,54.74,SUMMER20,
customer_00120@example.com,returning,2025-12-04,ORD-03148,"Vegan Protein Pulver - Choco,Immune Protect Drink - Ginger Lemon","1,2",115.78,BLACKWEEK,
customer_00047@example.com,new,2025-11-30,ORD-03149,Gut Restore Kapseln,2,92.65,SUMMER20,healthyanna
customer_00290@example.com,new,2025-07-26,ORD-03150,"Magnesium Drink - Lavender,Gut Restore Kapseln","1,1",51.77,,
customer_00715@example.com,returning,2024-06-22,ORD-03151,"Recharge Drink - Lemon,Premium Greens - Mango Maracuja,Vegan Glow + Clear Protein Pulver - Mango Maracuja","3,1,3",89.08,,
customer_00483@example.com,returning,2024-11-29,ORD-03152,"Daily Fiber Drink - Lemon,Mood Kapseln","3,1",60.94,,veganmia
customer_00652@example.com,returning,2026-01-16,ORD-03153,Mood Kapseln,1,94.25,SUMMER20,
customer_00066@example.com,returning,2025-03-02,ORD-03154,"Gut Restore Kapseln,Daily Gut Creamy - Creamy Matcha","1,2",36.33,BLACKWEEK,healthyanna
customer_00307@example.com,new,2026-01-19,ORD-03155,"Hydrate Drink - Lemon,Daily Gut + Collagen Pulver - Hazelnut,Daily Fiber Drink - Lemon","1,1,2",97.91,SUMMER20,
customer_00501@example.com,returning,2025-05-23,ORD-03156,Vegan Basics,3,120.0,LAURA15,veganmia
customer_00685@example.com,returning,2025-04-25,ORD-03157,Recharge Drink - Lemon,2,78.23,SAVE10,fit_laura
customer_00123@example.com,returning,2025-07-17,ORD-03158,"Magnesium Drink - Blueberry Lemon,Vegan Glow + Clear Protein Pulver - Mango Maracuja","2,1",117.05,SAVE10,healthyanna
customer_00773@example.com,returning,2025-02-25,ORD-03159,Mood Kapseln,3,94.16,,
customer_00151@example.com,new,2025-04-15,ORD-03160,Summer Collagen - Mango Passionfruit,3,31.0,,
customer_00314@example.com,new,2024-07-12,ORD-03161,Vegan Basics,1,89.87,SAVE10,fit_laura
customer_00762@example.com,returning,2025-05-14,ORD-03162,Daily Gut + Collagen Pulver - Hazelnut,2,74.42,LAURA15,fit_laura
customer_00062@example.com,returning,2024-06-17,ORD-03163,Vegan Basics,3,28.48,LAURA15,
customer_00770@example.com,returning,2025-05-18,ORD-03164,"Daily Gut + Collagen Pulver - Hazelnut,Vegan Basics","2,3",93.64,,veganmia
customer_00553@example.com,returning,2024-03-01,ORD-03165,Magnesium Komplex Kapseln,3,105.98,,
customer_00293@example.com,returning,2025-02-08,ORD-03166,"Hydrate Drink - Lemon,Magnesium Drink - Lavender","2,1",59.24,,
customer_00282@example.com,returning,2025-08-23,ORD-03167,Vegan Basics,3,50.79,,healthyanna
customer_00488@example.com,returning,2026-02-22,ORD-03168,Daily Gut Pulver - Raspberry Hibiscus,1,37.58,,
customer_00152@example.com,returning,2024-08-09,ORD-03169,Magnesium Komplex Kapseln,2,36.88,SAVE10,
customer_00761@example.com,returning,2024-08-16,ORD-03170,Hydrate Drink - Lemon,1,47.94,,
customer_00626@example.com,returning,2024-05-30,ORD-03171,"Daily Gut Creamy - Creamy Matcha,Gut Restore Kapseln,Hydrate Drink - Lemon","3,1,1",86.49,,
customer_00278@example.com,returning,2025-12-26,ORD-03172,Mood Kapseln,1,78.01,,veganmia
customer_00493@example.com,returning,2025-09-06,ORD-03173,"Daily Gut + Collagen Pulver - Hazelnut,Daily Gut Pulver - Mango Maracuja","3,1",113.42,,
customer_00198@example.com,returning,2024-06-02,ORD-03174,Magnesium Komplex Kapseln,1,75.62,SUMMER20,
customer_00363@example.com,returning,2024-07-09,ORD-03175,"Premium Greens - Apple Kiwi,Vegan Basics","2,1",57.02,SUMMER20,
customer_00593@example.com,returning,2024-01-08,ORD-03176,Daily Gut Creamy - Creamy Matcha,1,76.61,SAVE10,
customer_00598@example.com,returning,2024-01-12,ORD-03177,Vegan Protein Pulver - Vanilla Cinnamon,1,50.37,,
customer_00195@example.com,returning,2025-01-10,ORD-03178,Vegan Protein Pulver - Cookie Dough,3,62.87,,
customer_00784@example.com,returning,2025-05-03,ORD-03179,"Daily Glow Pulver - Raspberry Lemon,Summer Collagen - Mango Passionfruit,Mood Kapseln","2,1,1",115.2,BLACKWEEK,
customer_00585@example.com,returning,2024-11-05,ORD-03180,"Immune Protect Drink - Ginger Lemon,Daily Gut Pulver - Mango Maracuja","2,3",94.15,,
customer_00707@example.com,returning,2025-09-27,ORD-03181,Summer Collagen - Mango Passionfruit,3,88.53,,
customer_00445@example.com,returning,2024-07-21,ORD-03182,Magnesium Drink - Blueberry Lemon,3,86.53,,veganmia
customer_00616@example.com,returning,2026-01-13,ORD-03183,Vegan Basics,3,116.35,,
customer_00538@example.com,new,2025-12-11,ORD-03184,"Vegan Protein Pulver - Neutral,Daily Gut Creamy - Creamy Pistachio,Vegan Glow + Clear Protein Pulver - Mango Maracuja","2,3,3",60.37,BLACKWEEK,
customer_00243@example.com,returning,2026-03-28,ORD-03185,Vegan Basics,3,59.47,,
customer_00082@example.com,returning,2025-10-15,ORD-03186,"Daily Gut Pulver - Mango Maracuja,Daily Glow Pulver - Raspberry Lemon","1,2",88.75,,
customer_00037@example.com,new,2025-04-27,ORD-03187,Gut Restore Kapseln,2,33.89,,
customer_00304@example.com,returning,2026-01-18,ORD-03188,"Daily Gut + Collagen Pulver - Neutral,Immune Protect Drink - Ginger Lemon","1,3",25.09,BLACKWEEK,
customer_00540@example.com,returning,2024-06-05,ORD-03189,Recharge Drink - Tropical Fruits,2,34.8,SUMMER20,
customer_00360@example.com,returning,2024-07-29,ORD-03190,Daily Fiber Drink - Lemon,3,79.41,,
customer_00424@example.com,returning,2024-07-24,ORD-03191,Hydrate Drink - Lemon,3,77.85,SAVE10,
customer_00356@example.com,new,2024-07-22,ORD-03192,Recharge Drink - Lemon,2,32.08,,
customer_00059@example.com,new,2024-01-17,ORD-03193,Vegan Protein Pulver - Cookie Dough,1,87.91,BLACKWEEK,veganmia
customer_00753@example.com,returning,2026-01-23,ORD-03194,"Gut Restore Kapseln,Vegan Protein Pulver - Coffee","3,1",62.1,,veganmia
customer_00472@example.com,returning,2025-06-01,ORD-03195,Premium Greens - Apple Kiwi,3,67.94,,
customer_00577@example.com,returning,2026-03-27,ORD-03196,Daily Gut + Immunity - Ginger Lemon,3,34.12,SAVE10,
customer_00126@example.com,returning,2026-01-07,ORD-03197,Daily Gut Pulver - Mango Maracuja,3,117.17,,
customer_00023@example.com,returning,2025-06-10,ORD-03198,"Vegan Protein Pulver - Coffee,Daily Glow Pulver - Raspberry Lemon","2,2",58.95,,
customer_00371@example.com,new,2025-05-22,ORD-03199,"Hydrate Drink - Lemon,Daily Gut + Immunity - Ginger Lemon","2,3",34.19,LAURA15,fit_laura
customer_00424@example.com,returning,2026-02-08,ORD-03200,Summer Collagen - Mango Passionfruit,1,71.63,,
customer_00252@example.com,returning,2026-02-25,ORD-03201,"Magnesium Komplex Kapseln,Daily Gut + Collagen Pulver - Neutral","2,1",77.16,,
customer_00058@example.com,returning,2024-03-30,ORD-03202,"Magnesium Drink - Blueberry Lemon,Daily Glow Pulver - Raspberry Lemon","3,2",77.55,,
customer_00453@example.com,returning,2025-03-31,ORD-03203,Recharge Drink - Lemon,2,50.98,LAURA15,healthyanna
customer_00270@example.com,new,2025-02-08,ORD-03204,Daily Fiber Drink - Lemon,3,39.99,SAVE10,
customer_00331@example.com,new,2025-02-06,ORD-03205,Vegan Glow + Clear Protein Pulver - Mango Maracuja,3,101.21,,
customer_00655@example.com,returning,2025-06-25,ORD-03206,Vegan Glow + Clear Protein Pulver - Mango Maracuja,1,63.54,,
customer_00337@example.com,returning,2024-02-02,ORD-03207,Daily Collagen Pulver - Neutral,1,103.14,,
customer_00516@example.com,returning,2024-12-04,ORD-03208,Daily Gut Pulver - Lemon,3,107.44,LAURA15,fit_laura
customer_00429@example.com,returning,2024-09-22,ORD-03209,"Daily Fiber Drink - Lemon,Magnesium Komplex Kapseln","2,1",66.92,,
customer_00470@example.com,returning,2024-03-24,ORD-03210,Daily Gut + Collagen Pulver - Hazelnut,3,42.69,,healthyanna
customer_00118@example.com,returning,2025-10-15,ORD-03211,"Daily Gut Creamy - Creamy Pistachio,Vegan Glow + Clear Protein Pulver - Mango Maracuja","3,2",78.49,BLACKWEEK,
customer_00654@example.com,new,2024-08-09,ORD-03212,Recharge Drink - Tropical Fruits,2,60.42,LAURA15,
customer_00556@example.com,returning,2024-11-19,ORD-03213,Daily Fiber Drink - Lemon,1,96.17,,
customer_00784@example.com,returning,2024-07-07,ORD-03214,"Premium Greens - Mango Maracuja,Magnesium Drink - Blueberry Lemon","1,1",106.28,BLACKWEEK,fit_laura
customer_00362@example.com,returning,2025-09-14,ORD-03215,"Daily Collagen Pulver - Neutral,Immune Protect Drink - Ginger Lemon","2,2",78.98,,healthyanna
customer_00592@example.com,returning,2024-05-03,ORD-03216,Daily Fiber Drink - Lemon,1,79.68,,
customer_00687@example.com,returning,2024-03-19,ORD-03217,"Daily Gut + Collagen Pulver - Neutral,Vegan Glow + Clear Protein Pulver - Mango Maracuja","3,1",70.89,,
customer_00549@example.com,returning,2026-02-08,ORD-03218,Recharge Drink - Tropical Fruits,3,104.38,SUMMER20,
customer_00571@example.com,new,2026-04-12,ORD-03219,"Summer Collagen - Mango Passionfruit,Daily Gut Pulver - Mango Maracuja,Mood Kapseln","3,1,3",38.35,LAURA15,
customer_00780@example.com,new,2025-07-30,ORD-03220,Daily Gut + Collagen Pulver - Neutral,1,107.8,SAVE10,veganmia
customer_00790@example.com,returning,2025-06-18,ORD-03221,"Daily Gut Creamy - Creamy Matcha,Daily Gut + Collagen Pulver - Hazelnut","2,2",77.79,,
customer_00394@example.com,returning,2025-02-13,ORD-03222,Gut Restore Kapseln,3,35.09,LAURA15,fit_laura
customer_00707@example.com,returning,2025-03-15,ORD-03223,"Premium Greens - Apple Kiwi,Magnesium Komplex Kapseln,Daily Glow Pulver - Raspberry Lemon","3,1,3",55.21,BLACKWEEK,
customer_00689@example.com,new,2025-10-20,ORD-03224,Daily Collagen Pulver - Neutral,3,31.03,SAVE10,
customer_00083@example.com,returning,2025-08-20,ORD-03225,"Daily Glow Pulver - Raspberry Lemon,Vegan Glow + Clear Protein Pulver - Mango Maracuja","1,1",108.11,,
customer_00520@example.com,new,2026-04-15,ORD-03226,"Daily Gut + Collagen Pulver - Hazelnut,Daily Glow Pulver - Raspberry Lemon","2,1",87.96,,healthyanna
customer_00614@example.com,returning,2025-08-07,ORD-03227,Vegan Basics,1,97.47,BLACKWEEK,
customer_00560@example.com,returning,2024-04-01,ORD-03228,Recharge Drink - Lemon,1,31.18,SUMMER20,
customer_00772@example.com,new,2026-03-15,ORD-03229,Vegan Protein Pulver - Coffee,1,51.04,,healthyanna
customer_00105@example.com,returning,2024-09-19,ORD-03230,"Immune Protect Drink - Ginger Lemon,Daily Gut Pulver - Mango Maracuja,Hydrate Drink - Lemon","3,1,3",28.62,BLACKWEEK,
customer_00793@example.com,returning,2024-10-14,ORD-03231,Vegan Glow + Clear Protein Pulver - Mango Maracuja,2,78.77,,
customer_00360@example.com,returning,2025-02-27,ORD-03232,Daily Fiber Drink - Lemon,3,103.63,SAVE10,
customer_00708@example.com,returning,2024-09-21,ORD-03233,"Hydrate Drink - Lemon,Magnesium Drink - Blueberry Lemon,Daily Fiber Drink - Lemon","3,3,3",38.46,LAURA15,fit_laura
customer_00280@example.com,returning,2025-10-28,ORD-03234,Daily Glow Pulver - Raspberry Lemon,2,67.09,,
customer_00441@example.com,returning,2026-02-09,ORD-03235,Vegan Protein Pulver - Neutral,2,62.1,,
customer_00087@example.com,returning,2025-06-21,ORD-03236,"Summer Collagen - Mango Passionfruit,Vegan Protein Pulver - Coffee","1,2",118.14,SUMMER20,
customer_00410@example.com,new,2024-05-17,ORD-03237,Recharge Drink - Lemon,3,116.78,SAVE10,
customer_00702@example.com,returning,2025-01-31,ORD-03238,Gut Restore Kapseln,1,38.03,,healthyanna
customer_00736@example.com,returning,2024-10-03,ORD-03239,Magnesium Komplex Kapseln,1,101.75,SUMMER20,
customer_00409@example.com,new,2025-05-24,ORD-03240,"Magnesium Komplex Kapseln,Mood Kapseln","1,2",95.87,SUMMER20,
customer_00700@example.com,returning,2024-07-30,ORD-03241,Premium Greens - Apple Kiwi,2,33.24,SUMMER20,
customer_00151@example.com,new,2024-12-15,ORD-03242,Hydrate Drink - Lemon,1,103.64,SUMMER20,
customer_00399@example.com,returning,2025-04-08,ORD-03243,"Daily Gut Pulver - Mango Maracuja,Vegan Basics","3,3",42.08,BLACKWEEK,
customer_00370@example.com,returning,2024-07-11,ORD-03244,"Daily Gut Creamy - Creamy Matcha,Magnesium Drink - Lavender,Daily Glow Pulver - Raspberry Lemon","3,3,2",93.3,BLACKWEEK,
customer_00527@example.com,returning,2025-11-10,ORD-03245,Magnesium Komplex Kapseln,2,39.19,,
customer_00153@example.com,new,2025-08-15,ORD-03246,Daily Collagen Pulver - Neutral,3,50.73,SUMMER20,healthyanna
customer_00264@example.com,returning,2025-06-08,ORD-03247,"Vegan Glow + Clear Protein Pulver - Mango Maracuja,Daily Collagen Pulver - Neutral","3,2",46.13,LAURA15,fit_laura
customer_00711@example.com,returning,2024-04-27,ORD-03248,"Vegan Protein Pulver - Neutral,Gut Restore Kapseln,Mood Kapseln","3,3,1",65.57,BLACKWEEK,veganmia
customer_00543@example.com,new,2025-10-30,ORD-03249,Daily Gut + Immunity - Ginger Lemon,2,26.47,BLACKWEEK,healthyanna
customer_00043@example.com,new,2025-06-15,ORD-03250,"Daily Gut + Collagen Pulver - Hazelnut,Daily Fiber Drink - Lemon","2,2",98.37,,
customer_00772@example.com,new,2024-05-10,ORD-03251,"Vegan Protein Pulver - Vanilla Cinnamon,Magnesium Drink - Lavender","3,2",64.62,,
customer_00785@example.com,returning,2024-11-14,ORD-03252,"Vegan Basics,Daily Gut + Collagen Pulver - Neutral","1,3",53.07,,veganmia
customer_00190@example.com,returning,2025-04-22,ORD-03253,Magnesium Drink - Blueberry Lemon,2,117.15,BLACKWEEK,healthyanna
customer_00695@example.com,returning,2024-09-14,ORD-03254,Premium Greens - Apple Kiwi,2,56.96,LAURA15,fit_laura
customer_00235@example.com,new,2024-01-08,ORD-03255,Vegan Basics,3,118.77,SUMMER20,
customer_00451@example.com,returning,2025-07-07,ORD-03256,Magnesium Komplex Kapseln,2,76.87,SUMMER20,fit_laura
customer_00507@example.com,returning,2025-10-02,ORD-03257,Vegan Basics,1,69.9,SAVE10,veganmia
customer_00212@example.com,returning,2024-04-15,ORD-03258,Vegan Protein Pulver - Coffee,3,60.28,LAURA15,
customer_00768@example.com,returning,2024-09-20,ORD-03259,"Daily Fiber Drink - Lemon,Daily Glow Pulver - Raspberry Lemon","3,2",100.08,BLACKWEEK,
customer_00269@example.com,returning,2024-10-20,ORD-03260,Daily Collagen Pulver - Neutral,2,58.77,,healthyanna
customer_00605@example.com,returning,2024-08-06,ORD-03261,"Daily Fiber Drink - Lemon,Recharge Drink - Lemon","3,2",31.57,LAURA15,
customer_00627@example.com,new,2024-06-17,ORD-03262,"Daily Collagen Pulver - Vanilla,Daily Gut + Collagen Pulver - Hazelnut","1,1",84.11,,
customer_00630@example.com,returning,2024-08-19,ORD-03263,Daily Gut + Immunity - Ginger Lemon,1,52.98,,
customer_00614@example.com,returning,2026-01-21,ORD-03264,Summer Collagen - Mango Passionfruit,3,75.41,BLACKWEEK,
customer_00518@example.com,new,2025-01-10,ORD-03265,Mood Kapseln,1,79.41,BLACKWEEK,veganmia
customer_00157@example.com,new,2025-06-11,ORD-03266,Hydrate Drink - Lemon,2,37.12,LAURA15,
customer_00295@example.com,returning,2024-06-20,ORD-03267,Daily Gut Creamy - Creamy Matcha,1,42.69,SUMMER20,healthyanna
customer_00616@example.com,returning,2025-04-06,ORD-03268,Immune Protect Drink - Ginger Lemon,2,44.64,LAURA15,fit_laura
customer_00120@example.com,returning,2024-01-19,ORD-03269,"Vegan Basics,Vegan Protein Pulver - Coffee,Daily Fiber Drink - Lemon","2,2,2",46.01,LAURA15,fit_laura
customer_00394@example.com,returning,2025-01-21,ORD-03270,Summer Collagen - Mango Passionfruit,1,116.42,LAURA15,fit_laura
customer_00142@example.com,returning,2024-05-03,ORD-03271,Immune Protect Drink - Ginger Lemon,1,80.2,SUMMER20,veganmia
customer_00217@example.com,returning,2024-09-24,ORD-03272,"Vegan Basics,Magnesium Komplex Kapseln","2,2",92.29,,veganmia
customer_00220@example.com,returning,2025-08-06,ORD-03273,Vegan Protein Pulver - Cookie Dough,2,40.78,,
customer_00778@example.com,new,2024-10-06,ORD-03274,Daily Fiber Drink - Lemon,3,76.59,SAVE10,
customer_00237@example.com,returning,2024-12-14,ORD-03275,Vegan Protein Pulver - Vanilla Cinnamon,3,74.5,LAURA15,
customer_00744@example.com,returning,2024-12-25,ORD-03276,Immune Protect Drink - Ginger Lemon,1,34.32,,
customer_00267@example.com,returning,2025-07-24,ORD-03277,Daily Gut Pulver - Mango Maracuja,3,89.81,,
customer_00485@example.com,new,2024-03-26,ORD-03278,"Daily Gut Pulver - Lemon,Recharge Drink - Tropical Fruits","3,2",90.48,BLACKWEEK,
customer_00744@example.com,returning,2024-06-19,ORD-03279,Summer Collagen - Mango Passionfruit,3,31.96,,
customer_00252@example.com,returning,2025-12-06,ORD-03280,Vegan Protein Pulver - Cookie Dough,1,62.42,LAURA15,
customer_00590@example.com,returning,2025-05-02,ORD-03281,Mood Kapseln,2,71.37,,
customer_00581@example.com,returning,2024-04-01,ORD-03282,Immune Protect Drink - Ginger Lemon,1,71.12,,
customer_00609@example.com,returning,2024-07-02,ORD-03283,Summer Collagen - Mango Passionfruit,3,66.07,LAURA15,fit_laura
customer_00503@example.com,returning,2024-04-27,ORD-03284,"Vegan Protein Pulver - Neutral,Daily Gut + Collagen Pulver - Hazelnut","3,3",59.52,,
customer_00028@example.com,new,2024-11-11,ORD-03285,Daily Gut + Immunity - Ginger Lemon,1,74.94,,healthyanna
customer_00000@example.com,new,2025-09-25,ORD-03286,Premium Greens - Apple Kiwi,2,39.85,,
customer_00076@example.com,returning,2024-04-09,ORD-03287,Daily Gut + Collagen Pulver - Hazelnut,1,101.02,LAURA15,fit_laura
customer_00393@example.com,returning,2025-06-27,ORD-03288,"Hydrate Drink - Lemon,Gut Restore Kapseln","2,2",87.84,LAURA15,
customer_00027@example.com,returning,2025-04-07,ORD-03289,Daily Gut + Collagen Pulver - Neutral,2,42.24,,
customer_00037@example.com,new,2025-04-14,ORD-03290,Daily Fiber Drink - Lemon,1,42.21,LAURA15,veganmia
customer_00312@example.com,returning,2024-06-11,ORD-03291,Premium Greens - Apple Kiwi,2,110.1,,
customer_00371@example.com,new,2026-02-25,ORD-03292,"Mood Kapseln,Daily Collagen Pulver - Vanilla","2,3",108.26,SUMMER20,
customer_00478@example.com,returning,2025-11-23,ORD-03293,Daily Collagen Pulver - Vanilla,2,72.42,,healthyanna
customer_00640@example.com,returning,2024-02-05,ORD-03294,"Magnesium Komplex Kapseln,Daily Gut Pulver - Mango Maracuja","3,2",113.15,BLACKWEEK,
customer_00536@example.com,returning,2026-04-17,ORD-03295,Mood Kapseln,2,112.44,,
customer_00605@example.com,returning,2025-05-23,ORD-03296,Vegan Protein Pulver - Choco,2,29.85,,
customer_00391@example.com,returning,2025-08-31,ORD-03297,Mood Kapseln,2,62.4,,
customer_00270@example.com,new,2026-02-01,ORD-03298,"Vegan Basics,Gut Restore Kapseln","2,3",32.44,,
customer_00362@example.com,returning,2024-09-16,ORD-03299,"Vegan Glow + Clear Protein Pulver - Mango Maracuja,Hydrate Drink - Lemon","2,3",27.23,SUMMER20,fit_laura
customer_00373@example.com,returning,2025-11-26,ORD-03300,Mood Kapseln,3,104.02,LAURA15,fit_laura
customer_00536@example.com,returning,2024-10-13,ORD-03301,"Magnesium Drink - Lavender,Vegan Glow + Clear Protein Pulver - Mango Maracuja","2,1",77.63,,
customer_00033@example.com,returning,2026-01-16,ORD-03302,"Mood Kapseln,Vegan Basics","2,3",75.7,LAURA15,
customer_00412@example.com,returning,2024-11-06,ORD-03303,Premium Greens - Apple Kiwi,1,117.72,,
customer_00537@example.com,new,2024-08-02,ORD-03304,Hydrate Drink - Lemon,2,30.26,,
customer_00281@example.com,returning,2026-04-10,ORD-03305,Daily Gut Pulver - Lemon,2,119.0,SUMMER20,
customer_00263@example.com,new,2025-06-29,ORD-03306,"Magnesium Drink - Blueberry Lemon,Daily Collagen Pulver - Neutral","3,2",67.94,LAURA15,
customer_00595@example.com,returning,2025-10-25,ORD-03307,Vegan Protein Pulver - Vanilla Cinnamon,2,65.57,,
customer_00708@example.com,returning,2024-04-24,ORD-03308,"Daily Fiber Drink - Lemon,Magnesium Komplex Kapseln,Daily Gut Creamy - Creamy Matcha","1,2,3",56.89,,
customer_00150@example.com,returning,2025-03-22,ORD-03309,"Daily Gut + Collagen Pulver - Hazelnut,Recharge Drink - Tropical Fruits","1,1",29.27,,veganmia
customer_00546@example.com,returning,2025-08-29,ORD-03310,Magnesium Drink - Blueberry Lemon,2,108.71,,
customer_00487@example.com,returning,2024-01-23,ORD-03311,Mood Kapseln,3,65.58,LAURA15,
customer_00269@example.com,returning,2025-12-23,ORD-03312,Magnesium Drink - Lavender,3,114.92,,
customer_00540@example.com,returning,2024-02-02,ORD-03313,Magnesium Drink - Blueberry Lemon,2,42.64,,veganmia
customer_00478@example.com,returning,2024-03-02,ORD-03314,Daily Fiber Drink - Lemon,2,70.68,,
customer_00651@example.com,returning,2024-08-11,ORD-03315,"Immune Protect Drink - Ginger Lemon,Daily Collagen Pulver - Neutral","3,1",79.15,BLACKWEEK,
customer_00130@example.com,returning,2025-12-17,ORD-03316,Gut Restore Kapseln,2,94.96,BLACKWEEK,
customer_00212@example.com,returning,2025-10-05,ORD-03317,"Vegan Glow + Clear Protein Pulver - Mango Maracuja,Mood Kapseln,Magnesium Komplex Kapseln","1,3,2",101.25,SAVE10,healthyanna
customer_00414@example.com,returning,2025-04-10,ORD-03318,"Summer Collagen - Mango Passionfruit,Daily Collagen Pulver - Vanilla","2,1",75.13,SAVE10,
customer_00779@example.com,returning,2026-04-04,ORD-03319,Recharge Drink - Lemon,3,26.01,LAURA15,
customer_00260@example.com,returning,2025-11-06,ORD-03320,Summer Collagen - Mango Passionfruit,1,52.05,,
customer_00694@example.com,new,2024-07-08,ORD-03321,Recharge Drink - Lemon,3,73.84,,veganmia
customer_00629@example.com,returning,2026-04-02,ORD-03322,Daily Collagen Pulver - Vanilla,3,118.67,,
customer_00251@example.com,returning,2024-09-30,ORD-03323,"Daily Gut + Immunity - Ginger Lemon,Magnesium Komplex Kapseln","3,3",109.43,,
customer_00564@example.com,returning,2024-07-23,ORD-03324,Daily Gut + Collagen Pulver - Neutral,3,119.61,SAVE10,
customer_00640@example.com,returning,2025-03-09,ORD-03325,Summer Collagen - Mango Passionfruit,1,83.83,SUMMER20,
customer_00799@example.com,returning,2025-09-13,ORD-03326,Summer Collagen - Mango Passionfruit,1,115.02,SUMMER20,fit_laura
customer_00674@example.com,new,2025-02-13,ORD-03327,"Daily Fiber Drink - Lemon,Vegan Protein Pulver - Neutral","1,1",58.5,,
customer_00003@example.com,returning,2024-04-30,ORD-03328,"Daily Gut Pulver - Mango Maracuja,Gut Restore Kapseln,Daily Collagen Pulver - Vanilla","2,1,1",38.87,SAVE10,veganmia
customer_00643@example.com,new,2024-07-24,ORD-03329,"Vegan Protein Pulver - Neutral,Daily Gut + Immunity - Ginger Lemon","2,1",32.45,SUMMER20,
customer_00544@example.com,returning,2024-11-04,ORD-03330,Daily Gut Creamy - Creamy Pistachio,3,75.19,SAVE10,veganmia
customer_00127@example.com,returning,2024-08-10,ORD-03331,"Daily Gut Creamy - Creamy Matcha,Vegan Glow + Clear Protein Pulver - Mango Maracuja","2,3",111.95,,
customer_00367@example.com,new,2026-01-03,ORD-03332,Mood Kapseln,1,56.3,,veganmia
customer_00696@example.com,returning,2025-05-12,ORD-03333,Vegan Basics,2,38.81,SUMMER20,healthyanna
customer_00694@example.com,new,2025-08-23,ORD-03334,Vegan Basics,2,58.73,SUMMER20,
customer_00100@example.com,returning,2026-03-03,ORD-03335,Premium Greens - Mango Maracuja,2,75.15,,
customer_00538@example.com,new,2025-08-11,ORD-03336,"Daily Gut + Immunity - Ginger Lemon,Magnesium Drink - Blueberry Lemon","3,1",65.21,BLACKWEEK,fit_laura
customer_00744@example.com,returning,2024-01-16,ORD-03337,"Magnesium Drink - Lavender,Recharge Drink - Lemon","3,2",103.33,,healthyanna
customer_00780@example.com,new,2026-01-24,ORD-03338,Immune Protect Drink - Ginger Lemon,3,27.89,,healthyanna
customer_00585@example.com,returning,2024-08-31,ORD-03339,Hydrate Drink - Lemon,2,112.16,SAVE10,
customer_00027@example.com,returning,2025-01-12,ORD-03340,Magnesium Komplex Kapseln,2,106.79,LAURA15,
customer_00520@example.com,new,2025-03-25,ORD-03341,Daily Gut Creamy - Creamy Matcha,3,98.72,,veganmia
customer_00307@example.com,new,2025-08-11,ORD-03342,Gut Restore Kapseln,2,108.02,,
customer_00378@example.com,returning,2024-10-22,ORD-03343,Daily Collagen Pulver - Neutral,1,94.98,SUMMER20,
customer_00254@example.com,new,2025-12-28,ORD-03344,Mood Kapseln,1,52.08,SAVE10,
customer_00338@example.com,returning,2025-03-22,ORD-03345,"Recharge Drink - Lemon,Immune Protect Drink - Ginger Lemon","3,2",65.51,BLACKWEEK,
customer_00202@example.com,new,2024-12-17,ORD-03346,"Magnesium Drink - Lavender,Magnesium Komplex Kapseln","1,2",110.66,LAURA15,
customer_00172@example.com,returning,2026-03-12,ORD-03347,"Magnesium Komplex Kapseln,Gut Restore Kapseln","3,2",39.71,BLACKWEEK,
customer_00794@example.com,returning,2024-10-09,ORD-03348,"Mood Kapseln,Daily Glow Pulver - Raspberry Lemon,Daily Gut + Collagen Pulver - Neutral","2,1,2",34.81,LAURA15,healthyanna
customer_00652@example.com,returning,2024-12-27,ORD-03349,"Daily Gut Creamy - Creamy Pistachio,Magnesium Drink - Lavender","2,3",58.79,,
customer_00344@example.com,returning,2025-01-16,ORD-03350,"Summer Collagen - Mango Passionfruit,Magnesium Komplex Kapseln","1,3",100.46,LAURA15,
customer_00673@example.com,new,2026-02-15,ORD-03351,Magnesium Komplex Kapseln,3,25.74,LAURA15,fit_laura
customer_00761@example.com,returning,2024-07-24,ORD-03352,Daily Gut Pulver - Lemon,2,32.55,LAURA15,fit_laura
customer_00090@example.com,returning,2024-04-05,ORD-03353,Magnesium Drink - Lavender,3,84.45,SUMMER20,
customer_00592@example.com,returning,2026-03-08,ORD-03354,Vegan Glow + Clear Protein Pulver - Mango Maracuja,2,114.12,SAVE10,
customer_00698@example.com,returning,2025-09-03,ORD-03355,"Daily Gut + Immunity - Ginger Lemon,Magnesium Komplex Kapseln,Daily Gut Creamy - Creamy Matcha","3,1,2",32.44,LAURA15,
customer_00110@example.com,returning,2024-10-18,ORD-03356,Vegan Protein Pulver - Choco,1,29.61,,veganmia
customer_00625@example.com,returning,2024-01-03,ORD-03357,"Vegan Glow + Clear Protein Pulver - Mango Maracuja,Vegan Protein Pulver - Coffee","1,3",88.24,SUMMER20,fit_laura
customer_00241@example.com,new,2025-06-24,ORD-03358,Gut Restore Kapseln,3,53.23,LAURA15,healthyanna
customer_00460@example.com,returning,2026-02-04,ORD-03359,Magnesium Komplex Kapseln,2,108.79,LAURA15,
customer_00138@example.com,returning,2026-01-30,ORD-03360,"Immune Protect Drink - Ginger Lemon,Vegan Glow + Clear Protein Pulver - Mango Maracuja","3,1",97.76,SUMMER20,
customer_00445@example.com,returning,2024-10-08,ORD-03361,Hydrate Drink - Lemon,3,105.58,,
customer_00263@example.com,new,2025-09-05,ORD-03362,Immune Protect Drink - Ginger Lemon,3,102.94,,veganmia
customer_00416@example.com,returning,2024-11-05,ORD-03363,Magnesium Drink - Blueberry Lemon,3,50.9,,
customer_00580@example.com,returning,2024-09-20,ORD-03364,Daily Fiber Drink - Lemon,3,61.48,,healthyanna
customer_00624@example.com,returning,2024-12-04,ORD-03365,Daily Gut + Collagen Pulver - Neutral,1,101.77,,healthyanna
customer_00413@example.com,new,2024-06-05,ORD-03366,Daily Glow Pulver - Raspberry Lemon,3,84.53,SAVE10,
customer_00597@example.com,returning,2024-05-04,ORD-03367,"Immune Protect Drink - Ginger Lemon,Daily Fiber Drink - Lemon","3,2",87.82,BLACKWEEK,
customer_00550@example.com,returning,2025-01-27,ORD-03368,Daily Glow Pulver - Raspberry Lemon,1,78.22,,veganmia
customer_00140@example.com,returning,2025-05-12,ORD-03369,Daily Gut Creamy - Creamy Matcha,2,92.17,LAURA15,
customer_00792@example.com,returning,2024-11-04,ORD-03370,Daily Fiber Drink - Lemon,1,92.15,,
customer_00533@example.com,returning,2025-11-09,ORD-03371,"Mood Kapseln,Vegan Basics,Vegan Glow + Clear Protein Pulver - Mango Maracuja","2,2,3",62.94,,
customer_00682@example.com,new,2025-02-09,ORD-03372,"Summer Collagen - Mango Passionfruit,Gut Restore Kapseln,Vegan Basics","3,1,2",85.53,SUMMER20,healthyanna
customer_00490@example.com,returning,2024-02-07,ORD-03373,"Hydrate Drink - Lemon,Daily Gut + Collagen Pulver - Neutral","1,1",59.93,,veganmia
customer_00109@example.com,returning,2024-06-30,ORD-03374,Magnesium Komplex Kapseln,1,29.02,,
customer_00298@example.com,new,2026-01-02,ORD-03375,Vegan Basics,2,34.48,,
customer_00377@example.com,returning,2025-11-17,ORD-03376,Vegan Glow + Clear Protein Pulver - Mango Maracuja,1,114.69,,healthyanna
customer_00022@example.com,returning,2025-07-10,ORD-03377,"Magnesium Komplex Kapseln,Summer Collagen - Mango Passionfruit","1,2",33.32,SAVE10,
customer_00269@example.com,returning,2026-03-09,ORD-03378,"Premium Greens - Mango Maracuja,Daily Gut + Collagen Pulver - Neutral,Vegan Basics","2,3,1",51.52,SAVE10,
customer_00212@example.com,returning,2026-01-24,ORD-03379,Daily Collagen Pulver - Neutral,2,103.23,BLACKWEEK,fit_laura
customer_00044@example.com,new,2024-12-23,ORD-03380,Daily Glow Pulver - Raspberry Lemon,3,68.62,,healthyanna
customer_00670@example.com,returning,2024-01-20,ORD-03381,"Recharge Drink - Lemon,Magnesium Komplex Kapseln","3,2",91.81,,veganmia
customer_00359@example.com,returning,2024-11-15,ORD-03382,"Magnesium Komplex Kapseln,Daily Collagen Pulver - Neutral","2,2",114.51,SAVE10,
customer_00006@example.com,new,2025-09-01,ORD-03383,"Mood Kapseln,Summer Collagen - Mango Passionfruit","1,2",96.36,SAVE10,healthyanna
customer_00143@example.com,returning,2026-04-22,ORD-03384,Immune Protect Drink - Ginger Lemon,2,68.69,LAURA15,
customer_00289@example.com,returning,2026-03-30,ORD-03385,"Vegan Glow + Clear Protein Pulver - Mango Maracuja,Daily Glow Pulver - Raspberry Lemon,Daily Gut Creamy - Creamy Matcha","1,3,2",33.26,LAURA15,
customer_00423@example.com,new,2024-07-25,ORD-03386,Summer Collagen - Mango Passionfruit,1,63.16,LAURA15,veganmia
customer_00423@example.com,new,2025-03-07,ORD-03387,"Magnesium Drink - Lavender,Vegan Basics,Daily Gut Pulver - Mango Maracuja","1,2,2",68.41,SUMMER20,
customer_00142@example.com,returning,2024-04-25,ORD-03388,"Vegan Glow + Clear Protein Pulver - Mango Maracuja,Daily Fiber Drink - Lemon","3,1",25.73,,
customer_00364@example.com,returning,2024-03-26,ORD-03389,"Magnesium Komplex Kapseln,Immune Protect Drink - Ginger Lemon,Mood Kapseln","2,2,1",91.29,SUMMER20,healthyanna
customer_00093@example.com,new,2024-01-18,ORD-03390,"Gut Restore Kapseln,Vegan Protein Pulver - Vanilla Cinnamon","1,1",84.82,LAURA15,
customer_00379@example.com,returning,2025-04-29,ORD-03391,Recharge Drink - Lemon,1,102.68,,
customer_00452@example.com,returning,2024-05-31,ORD-03392,Vegan Protein Pulver - Choco,1,50.78,SAVE10,
customer_00405@example.com,returning,2024-05-26,ORD-03393,"Magnesium Komplex Kapseln,Vegan Basics","3,3",93.47,SAVE10,healthyanna
customer_00311@example.com,returning,2026-03-08,ORD-03394,Daily Gut + Immunity - Ginger Lemon,3,55.03,SAVE10,
customer_00051@example.com,returning,2026-02-21,ORD-03395,"Vegan Protein Pulver - Coffee,Recharge Drink - Tropical Fruits","2,1",47.62,LAURA15,
customer_00323@example.com,returning,2024-01-03,ORD-03396,Summer Collagen - Mango Passionfruit,1,79.88,SAVE10,
customer_00553@example.com,returning,2024-04-08,ORD-03397,"Daily Collagen Pulver - Vanilla,Daily Fiber Drink - Lemon","1,2",99.7,SUMMER20,fit_laura
customer_00010@example.com,new,2024-08-05,ORD-03398,"Hydrate Drink - Lemon,Gut Restore Kapseln","1,2",112.44,LAURA15,veganmia
customer_00642@example.com,new,2025-01-22,ORD-03399,"Mood Kapseln,Daily Gut + Immunity - Ginger Lemon","3,2",82.49,,healthyanna
customer_00383@example.com,returning,2024-02-01,ORD-03400,Daily Collagen Pulver - Vanilla,3,97.53,LAURA15,
customer_00070@example.com,new,2024-10-21,ORD-03401,"Summer Collagen - Mango Passionfruit,Daily Gut + Collagen Pulver - Hazelnut,Daily Gut + Immunity - Ginger Lemon","3,1,2",86.14,,
customer_00028@example.com,new,2025-12-22,ORD-03402,Hydrate Drink - Lemon,1,93.15,,
customer_00644@example.com,returning,2025-01-12,ORD-03403,Summer Collagen - Mango Passionfruit,3,69.37,LAURA15,
customer_00679@example.com,returning,2024-07-03,ORD-03404,Daily Fiber Drink - Lemon,1,107.59,,
customer_00480@example.com,returning,2024-04-23,ORD-03405,Magnesium Drink - Lavender,1,80.19,,veganmia
customer_00163@example.com,new,2025-07-28,ORD-03406,Daily Glow Pulver - Raspberry Lemon,3,66.43,BLACKWEEK,healthyanna
customer_00020@example.com,new,2026-04-14,ORD-03407,"Daily Gut Pulver - Mango Maracuja,Vegan Glow + Clear Protein Pulver - Mango Maracuja","1,3",77.8,SAVE10,
customer_00669@example.com,returning,2025-11-13,ORD-03408,Daily Gut Creamy - Creamy Matcha,1,40.97,,
customer_00024@example.com,returning,2026-03-14,ORD-03409,Vegan Basics,2,29.73,,
customer_00284@example.com,returning,2025-03-13,ORD-03410,"Gut Restore Kapseln,Daily Glow Pulver - Raspberry Lemon","3,1",86.51,,healthyanna
customer_00791@example.com,returning,2025-08-31,ORD-03411,"Daily Fiber Drink - Lemon,Recharge Drink - Lemon","1,2",59.39,,
customer_00712@example.com,returning,2025-02-14,ORD-03412,"Daily Collagen Pulver - Neutral,Premium Greens - Mango Maracuja","1,1",47.82,,
customer_00746@example.com,returning,2024-04-18,ORD-03413,"Gut Restore Kapseln,Recharge Drink - Tropical Fruits","2,1",65.32,,
customer_00764@example.com,new,2025-01-06,ORD-03414,Vegan Basics,3,76.43,LAURA15,
customer_00564@example.com,returning,2025-06-05,ORD-03415,Daily Collagen Pulver - Vanilla,3,67.68,,
customer_00288@example.com,returning,2024-08-09,ORD-03416,Vegan Glow + Clear Protein Pulver - Mango Maracuja,3,76.02,,
customer_00381@example.com,returning,2024-05-28,ORD-03417,Daily Gut + Collagen Pulver - Neutral,1,98.44,,veganmia
customer_00082@example.com,returning,2024-04-24,ORD-03418,"Daily Gut Creamy - Creamy Pistachio,Daily Fiber Drink - Lemon","2,1",79.85,,
customer_00582@example.com,returning,2025-11-25,ORD-03419,Daily Gut + Collagen Pulver - Hazelnut,1,28.57,LAURA15,
customer_00642@example.com,new,2024-11-24,ORD-03420,Immune Protect Drink - Ginger Lemon,3,85.93,SAVE10,
customer_00543@example.com,new,2024-12-05,ORD-03421,Mood Kapseln,1,41.9,,
customer_00706@example.com,returning,2025-05-06,ORD-03422,Daily Glow Pulver - Raspberry Lemon,3,72.9,,
customer_00116@example.com,returning,2026-02-02,ORD-03423,Premium Greens - Mango Maracuja,3,60.0,,
customer_00462@example.com,returning,2025-03-27,ORD-03424,Premium Greens - Apple Kiwi,1,86.25,BLACKWEEK,
customer_00522@example.com,returning,2025-01-17,ORD-03425,Daily Gut Pulver - Raspberry Hibiscus,3,104.47,,
customer_00659@example.com,returning,2025-04-14,ORD-03426,"Magnesium Drink - Lavender,Daily Gut + Collagen Pulver - Neutral","3,3",53.56,BLACKWEEK,
customer_00075@example.com,returning,2024-12-26,ORD-03427,"Recharge Drink - Lemon,Vegan Protein Pulver - Vanilla Cinnamon,Daily Gut + Collagen Pulver - Hazelnut","1,1,1",28.01,,
customer_00601@example.com,returning,2026-01-20,ORD-03428,Gut Restore Kapseln,1,99.79,SAVE10,
customer_00389@example.com,returning,2024-07-09,ORD-03429,Summer Collagen - Mango Passionfruit,3,108.8,,
customer_00262@example.com,returning,2024-01-05,ORD-03430,Daily Gut + Collagen Pulver - Hazelnut,2,101.63,,
customer_00549@example.com,returning,2026-03-03,ORD-03431,Daily Gut Pulver - Mango Maracuja,3,112.66,LAURA15,
customer_00658@example.com,new,2025-09-29,ORD-03432,"Hydrate Drink - Lemon,Daily Collagen Pulver - Vanilla,Daily Gut Creamy - Creamy Pistachio","1,1,3",43.33,,
customer_00285@example.com,returning,2024-08-07,ORD-03433,"Daily Glow Pulver - Raspberry Lemon,Daily Collagen Pulver - Neutral","1,3",116.14,BLACKWEEK,
customer_00780@example.com,new,2024-04-13,ORD-03434,"Daily Gut + Collagen Pulver - Neutral,Vegan Glow + Clear Protein Pulver - Mango Maracuja","2,1",33.47,BLACKWEEK,
customer_00733@example.com,returning,2024-02-24,ORD-03435,Vegan Protein Pulver - Vanilla Cinnamon,2,86.09,,
customer_00421@example.com,returning,2024-11-27,ORD-03436,Premium Greens - Mango Maracuja,1,51.96,,
customer_00166@example.com,returning,2026-03-23,ORD-03437,Premium Greens - Apple Kiwi,1,61.99,,
customer_00726@example.com,returning,2025-11-13,ORD-03438,"Daily Glow Pulver - Raspberry Lemon,Vegan Glow + Clear Protein Pulver - Mango Maracuja","1,1",53.03,LAURA15,
customer_00282@example.com,returning,2026-01-08,ORD-03439,Daily Gut Creamy - Creamy Pistachio,2,87.89,SAVE10,
customer_00427@example.com,returning,2024-04-20,ORD-03440,Vegan Glow + Clear Protein Pulver - Mango Maracuja,1,62.16,,
customer_00345@example.com,new,2024-06-23,ORD-03441,Hydrate Drink - Lemon,3,40.72,SAVE10,veganmia
customer_00648@example.com,returning,2025-09-13,ORD-03442,Magnesium Drink - Lavender,1,57.06,SAVE10,
customer_00259@example.com,returning,2025-03-21,ORD-03443,"Daily Gut + Immunity - Ginger Lemon,Vegan Basics","2,1",62.25,LAURA15,
customer_00748@example.com,new,2025-07-19,ORD-03444,"Daily Glow Pulver - Raspberry Lemon,Vegan Basics","3,2",36.07,,
customer_00662@example.com,new,2026-01-25,ORD-03445,"Summer Collagen - Mango Passionfruit,Mood Kapseln","3,3",101.28,SUMMER20,
customer_00606@example.com,returning,2024-06-12,ORD-03446,Daily Gut + Immunity - Ginger Lemon,3,79.19,,healthyanna
customer_00622@example.com,returning,2026-02-08,ORD-03447,Daily Collagen Pulver - Vanilla,1,32.99,SAVE10,
customer_00525@example.com,returning,2026-04-20,ORD-03448,"Daily Fiber Drink - Lemon,Vegan Protein Pulver - Coffee,Daily Collagen Pulver - Neutral","1,2,1",92.51,SUMMER20,healthyanna
customer_00110@example.com,returning,2025-03-22,ORD-03449,Daily Gut Creamy - Creamy Matcha,1,83.74,,
customer_00515@example.com,new,2025-07-10,ORD-03450,Vegan Basics,2,32.04,,
customer_00555@example.com,returning,2025-11-15,ORD-03451,Premium Greens - Apple Kiwi,1,56.06,,
customer_00621@example.com,returning,2024-04-10,ORD-03452,"Magnesium Komplex Kapseln,Recharge Drink - Tropical Fruits,Hydrate Drink - Lemon","2,1,3",43.12,BLACKWEEK,fit_laura
customer_00529@example.com,returning,2025-06-30,ORD-03453,Daily Glow Pulver - Raspberry Lemon,1,97.91,,
customer_00241@example.com,new,2024-05-31,ORD-03454,Immune Protect Drink - Ginger Lemon,3,108.73,SUMMER20,fit_laura
customer_00752@example.com,returning,2026-02-14,ORD-03455,"Daily Fiber Drink - Lemon,Premium Greens - Apple Kiwi,Daily Gut + Collagen Pulver - Hazelnut","1,1,1",108.71,LAURA15,
customer_00162@example.com,returning,2025-01-29,ORD-03456,Magnesium Komplex Kapseln,1,27.82,,
customer_00791@example.com,returning,2025-12-26,ORD-03457,Vegan Protein Pulver - Neutral,3,62.54,,
customer_00481@example.com,returning,2024-02-10,ORD-03458,Immune Protect Drink - Ginger Lemon,2,67.64,BLACKWEEK,veganmia
customer_00346@example.com,returning,2025-12-16,ORD-03459,Recharge Drink - Tropical Fruits,1,28.4,LAURA15,
customer_00379@example.com,returning,2024-07-06,ORD-03460,"Daily Gut Pulver - Raspberry Hibiscus,Mood Kapseln","2,1",66.06,,
customer_00296@example.com,returning,2025-08-17,ORD-03461,"Magnesium Komplex Kapseln,Immune Protect Drink - Ginger Lemon","3,2",77.34,LAURA15,
customer_00716@example.com,returning,2025-01-25,ORD-03462,Immune Protect Drink - Ginger Lemon,3,86.57,LAURA15,veganmia
customer_00686@example.com,returning,2024-07-03,ORD-03463,"Gut Restore Kapseln,Immune Protect Drink - Ginger Lemon","3,2",86.82,LAURA15,fit_laura
customer_00237@example.com,returning,2024-03-13,ORD-03464,Gut Restore Kapseln,1,102.96,LAURA15,
customer_00742@example.com,returning,2024-11-22,ORD-03465,Daily Gut + Collagen Pulver - Hazelnut,3,48.7,LAURA15,healthyanna
customer_00724@example.com,returning,2025-05-22,ORD-03466,Daily Gut Creamy - Creamy Pistachio,1,70.55,SAVE10,
customer_00006@example.com,new,2025-01-21,ORD-03467,"Immune Protect Drink - Ginger Lemon,Recharge Drink - Lemon","3,1",72.93,,
customer_00721@example.com,returning,2024-10-11,ORD-03468,"Daily Glow Pulver - Raspberry Lemon,Daily Gut + Immunity - Ginger Lemon,Vegan Glow + Clear Protein Pulver - Mango Maracuja","2,1,3",96.08,,
customer_00166@example.com,returning,2024-12-25,ORD-03469,"Daily Gut + Collagen Pulver - Hazelnut,Magnesium Drink - Blueberry Lemon,Immune Protect Drink - Ginger Lemon","1,3,3",52.94,BLACKWEEK,
customer_00595@example.com,returning,2025-09-02,ORD-03470,Summer Collagen - Mango Passionfruit,3,64.02,SAVE10,healthyanna
customer_00316@example.com,returning,2026-01-21,ORD-03471,Vegan Glow + Clear Protein Pulver - Mango Maracuja,1,82.51,,
customer_00343@example.com,returning,2024-09-24,ORD-03472,"Hydrate Drink - Lemon,Daily Gut + Immunity - Ginger Lemon","1,1",37.76,LAURA15,veganmia
customer_00718@example.com,new,2024-08-09,ORD-03473,Vegan Basics,1,85.16,SUMMER20,
customer_00558@example.com,returning,2024-12-27,ORD-03474,Vegan Basics,2,114.73,LAURA15,healthyanna
customer_00314@example.com,new,2024-09-07,ORD-03475,"Magnesium Drink - Blueberry Lemon,Daily Glow Pulver - Raspberry Lemon","1,2",96.95,,
customer_00509@example.com,returning,2025-07-01,ORD-03476,"Vegan Protein Pulver - Cookie Dough,Daily Gut + Immunity - Ginger Lemon","2,1",72.87,SAVE10,healthyanna
customer_00165@example.com,returning,2024-09-06,ORD-03477,"Daily Gut Creamy - Creamy Pistachio,Magnesium Komplex Kapseln,Magnesium Drink - Blueberry Lemon","3,1,3",91.97,SAVE10,healthyanna
customer_00304@example.com,returning,2024-05-12,ORD-03478,Summer Collagen - Mango Passionfruit,3,31.43,SAVE10,fit_laura
customer_00156@example.com,new,2024-02-16,ORD-03479,Hydrate Drink - Lemon,3,37.8,,healthyanna
customer_00268@example.com,returning,2024-08-02,ORD-03480,"Daily Gut + Immunity - Ginger Lemon,Magnesium Komplex Kapseln,Mood Kapseln","3,1,2",88.15,SAVE10,
customer_00021@example.com,returning,2024-11-10,ORD-03481,Recharge Drink - Lemon,2,54.02,LAURA15,
customer_00106@example.com,returning,2025-02-08,ORD-03482,Summer Collagen - Mango Passionfruit,1,25.18,LAURA15,fit_laura
customer_00012@example.com,returning,2025-08-07,ORD-03483,"Daily Collagen Pulver - Neutral,Vegan Protein Pulver - Vanilla Cinnamon","1,2",53.83,,
customer_00048@example.com,returning,2025-11-03,ORD-03484,"Daily Glow Pulver - Raspberry Lemon,Daily Gut + Collagen Pulver - Neutral","3,2",33.08,SUMMER20,
customer_00386@example.com,returning,2026-01-23,ORD-03485,"Daily Gut + Immunity - Ginger Lemon,Vegan Basics","3,2",66.61,,
customer_00379@example.com,returning,2025-06-29,ORD-03486,"Vegan Protein Pulver - Coffee,Vegan Basics","2,1",117.24,BLACKWEEK,
customer_00228@example.com,new,2025-01-04,ORD-03487,"Premium Greens - Mango Maracuja,Daily Gut Creamy - Creamy Pistachio","3,1",36.11,LAURA15,fit_laura
customer_00258@example.com,new,2026-01-11,ORD-03488,Vegan Basics,3,46.22,,healthyanna
customer_00116@example.com,returning,2026-01-15,ORD-03489,Daily Gut Pulver - Mango Maracuja,3,89.35,,
customer_00253@example.com,returning,2026-02-24,ORD-03490,"Daily Collagen Pulver - Vanilla,Summer Collagen - Mango Passionfruit","2,3",118.52,BLACKWEEK,
customer_00652@example.com,returning,2024-11-09,ORD-03491,Daily Fiber Drink - Lemon,1,82.09,,
customer_00785@example.com,returning,2024-02-01,ORD-03492,Premium Greens - Mango Maracuja,1,114.6,,
customer_00233@example.com,returning,2026-01-26,ORD-03493,Magnesium Komplex Kapseln,1,69.48,SAVE10,veganmia
customer_00650@example.com,new,2024-02-26,ORD-03494,Summer Collagen - Mango Passionfruit,2,90.24,SUMMER20,
customer_00354@example.com,returning,2024-10-16,ORD-03495,Summer Collagen - Mango Passionfruit,1,114.01,,
customer_00036@example.com,returning,2025-10-21,ORD-03496,Vegan Basics,2,93.0,SUMMER20,
customer_00747@example.com,returning,2026-03-09,ORD-03497,Daily Collagen Pulver - Neutral,3,38.28,LAURA15,fit_laura
customer_00682@example.com,new,2026-02-17,ORD-03498,Hydrate Drink - Lemon,3,117.14,,
customer_00127@example.com,returning,2024-10-13,ORD-03499,"Recharge Drink - Tropical Fruits,Daily Fiber Drink - Lemon","3,2",34.0,SAVE10,
